Description,Location,Price (PHP),Bedrooms,Bath,Floor_area (sqm),Land_area (sqm),Latitude,Longitude,Link
"2-Bedroom Unit for Sale in Amisa Private Residences - Tower D, Lapu-Lapu City, Cebu","Mactan, Lapu-Lapu",15916180.0,2.0,2.0,74.0,,10.3051555,124.0112408,https://www.lamudi.com.ph/2-bedroom-unit-for-sale-in-amisa-private-residences-tower-d-lapu-lapu-city-cebu.html
"1-Bedroom Unit for Sale in Amisa Private Residences - Tower D, Lapu-Lapu City, Cebu","Mactan, Lapu-Lapu",8730355.0,1.0,1.0,41.0,,10.3051555,124.0112408,https://www.lamudi.com.ph/1-bedroom-unit-for-sale-in-amisa-private-residences-tower-d-lapu-lapu-city-cebu.html
"Offices at The Galleon - Prime Unit (11G) for Sale in Ortigas, Pasig","San Antonio, Pasig",27448000.0,,,82.0,,14.588716,121.060009,https://www.lamudi.com.ph/offices-at-the-galleon-prime-unit-11g-for-sale-in-ortigas-pasig.html
"1-Bedroom Unit (821) for Sale in Maple at Verdant Towers, Ortigas, Pasig City","Ugong, Pasig",16011000.0,1.0,,58.0,,14.588882,121.079016,https://www.lamudi.com.ph/1-bedroom-unit-821-for-sale-in-maple-at-verdant-towers-ortigas-pasig-city.html
"Alice 2 Storey Townhouse For Sale in Lancaster New City in General Trias, Cavite","Tapia, General Trias",1935600.0,3.0,,40.0,40.0,14.35507,120.876425,https://www.lamudi.com.ph/alice-2-storey-townhouse-for-sale-in-lancaster-new-city-in-general-trias-cavite.html
"Studio Condo Unit (6B) for Sale in One Sierra, EDSA, Mandaluyong City, Metro Manila","Highway Hills, Mandaluyong",7587013.0,1.0,1.0,32.0,,14.578255,121.052143,https://www.lamudi.com.ph/studio-condo-unit-6b-for-sale-in-one-sierra-edsa-mandaluyong-city-metro-manila.html
"Studio Deluxe (43E) for Sale in Empress at Capitol Commons, Pasig City","Oranbo, Pasig",13246000.0,1.0,1.0,46.0,,14.575822,121.064324,https://www.lamudi.com.ph/studio-deluxe-43e-for-sale-in-empress-at-capitol-commons-pasig-city.html
"1-Bedroom Unit (1918) for Sale in Maple at Verdant Towers, Ortigas, Pasig City","Ugong, Pasig",15492000.0,1.0,,56.0,,14.588882,121.079016,https://www.lamudi.com.ph/1-bedroom-unit-1918-for-sale-in-maple-at-verdant-towers-ortigas-pasig-city.html
"1-Bedroom Unit (21J) - Residences at The Galleon (Pre-selling) in Ortigas CBD, Pasig","San Antonio, Pasig",26930000.0,1.0,1.0,70.0,,14.588377,121.059897,https://www.lamudi.com.ph/1-bedroom-unit-21j-residences-at-the-galleon-pre-selling-in-ortigas-cbd-pasig.html
"Studio Condo Unit (6F) for Sale in One Sierra, EDSA, Mandaluyong City, Metro Manila","Highway Hills, Mandaluyong",8360751.0,1.0,1.0,33.0,,14.578255,121.052143,https://www.lamudi.com.ph/studio-condo-unit-6f-for-sale-in-one-sierra-edsa-mandaluyong-city-metro-manila.html
"1-Bedroom Unit (11K) for Sale in Empress at Capitol Commons, Pasig City","Oranbo, Pasig",22042000.0,1.0,1.0,67.0,,14.575822,121.064324,https://www.lamudi.com.ph/1-bedroom-unit-11k-for-sale-in-empress-at-capitol-commons-pasig-city.html
"3-Bedroom House for Sale at Camella Quezon in Brgy. Isabang, Tayabas City, Quezon | C...","Isabang, Tayabas",5110000.0,3.0,,66.0,88.0,13.962775,121.564527,https://www.lamudi.com.ph/3-bedroom-house-for-sale-at-camella-quezon-in-brgy-isabang-tayabas-city-quezon-cara-rfo.html
"5-Bedroom House for Sale at Camella Balanga Heights in Balanga City, Bataan | Greta","Cupang Proper, Balanga",8982000.0,5.0,,166.0,142.0,14.666375,120.54822,https://www.lamudi.com.ph/5-bedroom-house-for-sale-at-camella-balanga-heights-in-balanga-city-bataan-greta.html
"4-Bedroom Condo Unit for Sale at Camella Manors - Northpoint in Bajada, Davao City","Barangay 19-B, Davao",16487500.0,4.0,2.0,92.0,,7.0928915,125.6056916,https://www.lamudi.com.ph/4-bedroom-condo-unit-for-sale-at-camella-manors-northpoint-in-bajada-davao-city.html
"2-Bedroom Townhouse for Sale at Hana South in Trece Martires, Cavite | Erica Model","Cabuco, Trece Martires",2089739.0,2.0,,40.0,45.0,14.2737173,120.8443843,https://www.lamudi.com.ph/2-bedroom-townhouse-for-sale-at-hana-south-in-trece-martires-cavite-erica-model.html
"Studio Unit (52N) for Sale in Empress at Capitol Commons, Pasig City","Oranbo, Pasig",12415000.0,1.0,1.0,41.0,,14.575822,121.064324,https://www.lamudi.com.ph/studio-unit-52n-for-sale-in-empress-at-capitol-commons-pasig-city.html
"1-Bedroom Unit (3806) for Sale in Maple at Verdant Towers, Ortigas, Pasig City","Ugong, Pasig",16618000.0,1.0,,57.0,,14.588882,121.079016,https://www.lamudi.com.ph/1-bedroom-unit-3806-for-sale-in-maple-at-verdant-towers-ortigas-pasig-city.html
"1-Bedroom Unit (4116) for Sale in Maple at Verdant Towers, Ortigas, Pasig City","Ugong, Pasig",18160000.0,1.0,,57.0,,14.588882,121.079016,https://www.lamudi.com.ph/1-bedroom-unit-4116-for-sale-in-maple-at-verdant-towers-ortigas-pasig-city.html
"1-Bedroom Unit (812) for Sale in Maple at Verdant Towers, Ortigas, Pasig City","Ugong, Pasig",15669000.0,1.0,,58.0,,14.588882,121.079016,https://www.lamudi.com.ph/1-bedroom-unit-812-for-sale-in-maple-at-verdant-towers-ortigas-pasig-city.html
"2-Bedroom House for Sale at Camella Quezon in Brgy. Isabang, Tayabas City, Quezon | C...","Isabang, Tayabas",2636000.0,2.0,,40.0,54.0,13.962775,121.564527,https://www.lamudi.com.ph/2-bedroom-house-for-sale-at-camella-quezon-in-brgy-isabang-tayabas-city-quezon-criselle-solo-nrfo.html
"1-Bedroom Unit (1121) for Sale in Maple at Verdant Towers, Ortigas, Pasig City","Ugong, Pasig",15229000.0,1.0,,56.0,,14.588882,121.079016,https://www.lamudi.com.ph/1-bedroom-unit-1121-for-sale-in-maple-at-verdant-towers-ortigas-pasig-city.html
"1-Bedroom Unit (2018) for Sale in Maple at Verdant Towers, Ortigas, Pasig City","Ugong, Pasig",15492000.0,1.0,,53.0,,14.588882,121.079016,https://www.lamudi.com.ph/1-bedroom-unit-2018-for-sale-in-maple-at-verdant-towers-ortigas-pasig-city.html
"1-Bedroom Unit (816) for Sale in Maple at Verdant Towers, Ortigas, Pasig City","Ugong, Pasig",15297000.0,1.0,,56.0,,14.588882,121.079016,https://www.lamudi.com.ph/1-bedroom-unit-816-for-sale-in-maple-at-verdant-towers-ortigas-pasig-city.html
"1-Bedroom Unit (3022) for Sale in Maple at Verdant Towers, Ortigas, Pasig City","Ugong, Pasig",16602000.0,1.0,1.0,58.0,,14.588882,121.079016,https://www.lamudi.com.ph/1-bedroom-unit-3022-for-sale-in-maple-at-verdant-towers-ortigas-pasig-city.html
"For Sale: Studio Condo Unit at Camella Manors - Northpoint in Bajada, Davao City","Barangay 19-B, Davao",4009821.0,1.0,1.0,22.0,,7.0928915,125.6056916,https://www.lamudi.com.ph/for-sale-studio-condo-unit-at-camella-manors-northpoint-in-bajada-davao-city.html
"5-Bedroom House for Sale at Camella Quezon in Brgy. Isabang, Tayabas City, Quezon | E...","Isabang, Tayabas",8385000.0,5.0,,100.0,194.0,13.962775,121.564527,https://www.lamudi.com.ph/5-bedroom-house-for-sale-at-camella-quezon-in-brgy-isabang-tayabas-city-quezon-ella-nrfo.html
"2-Bedroom Unit (38O) for Sale in Empress at Capitol Commons, Pasig City","Oranbo, Pasig",35121000.0,2.0,2.0,106.0,,14.575822,121.064324,https://www.lamudi.com.ph/2-bedroom-unit-38o-for-sale-in-empress-at-capitol-commons-pasig-city.html
"2-Bedroom House for Sale at Camella Quezon in Brgy. Isabang, Tayabas City, Quezon | C...","Isabang, Tayabas",4160000.0,2.0,,40.0,108.0,13.962775,121.564527,https://www.lamudi.com.ph/2-bedroom-house-for-sale-at-camella-quezon-in-brgy-isabang-tayabas-city-quezon-criselle-combo-nrfo.html
"2-Bedroom House for Sale at Camella Quezon in Brgy. Isabang, Tayabas City, Quezon | A...","Isabang, Tayabas",2582000.0,2.0,,36.0,59.0,13.962775,121.564527,https://www.lamudi.com.ph/2-bedroom-house-for-sale-at-camella-quezon-in-brgy-isabang-tayabas-city-quezon-arielle-eu-nrfo.html
"Studio (4017) for Sale in Maple at Verdant Towers, Ortigas, Pasig City","Ugong, Pasig",8872000.0,1.0,,35.0,,14.588882,121.079016,https://www.lamudi.com.ph/studio-4017-for-sale-in-maple-at-verdant-towers-ortigas-pasig-city.html
"2-Bedroom House for Sale at Camella Provence in Malolos City, Bulacan | Ezabelle, NRF...","Longos, Malolos",3365000.0,2.0,,46.0,63.0,14.8743986,120.7973062,https://www.lamudi.com.ph/2-bedroom-house-for-sale-at-camella-provence-in-malolos-city-bulacan-ezabelle-nrfo-rfo.html
"1-Bedroom Unit (12F) for Sale in Empress at Capitol Commons, Pasig City","Oranbo, Pasig",21625000.0,1.0,1.0,67.0,,14.575822,121.064324,https://www.lamudi.com.ph/1-bedroom-unit-12f-for-sale-in-empress-at-capitol-commons-pasig-city.html
"1-Bedroom Unit (34D) for Sale in Empress at Capitol Commons, Pasig City","Oranbo, Pasig",21129000.0,1.0,1.0,66.0,,14.575822,121.064324,https://www.lamudi.com.ph/1-bedroom-unit-34d-for-sale-in-empress-at-capitol-commons-pasig-city.html
"1-Bedroom Unit (3011) for Sale in Maple at Verdant Towers, Ortigas, Pasig City","Ugong, Pasig",15972000.0,1.0,,58.0,,14.588882,121.079016,https://www.lamudi.com.ph/1-bedroom-unit-3011-for-sale-in-maple-at-verdant-towers-ortigas-pasig-city.html
"1-Bedroom Unit (4014) for Sale in Maple at Verdant Towers, Ortigas, Pasig City","Ugong, Pasig",16274000.0,1.0,,57.0,,14.588882,121.079016,https://www.lamudi.com.ph/1-bedroom-unit-4014-for-sale-in-maple-at-verdant-towers-ortigas-pasig-city.html
"1-Bedroom Unit (4106) for Sale in Maple at Verdant Towers, Ortigas, Pasig City","Ugong, Pasig",18392000.0,1.0,,57.0,,14.588882,121.079016,https://www.lamudi.com.ph/1-bedroom-unit-4106-for-sale-in-maple-at-verdant-towers-ortigas-pasig-city.html
"1-Bedroom Unit (2707) for Sale in Maple at Verdant Towers, Ortigas, Pasig City","Ugong, Pasig",15898000.0,1.0,,56.0,,14.588882,121.079016,https://www.lamudi.com.ph/1-bedroom-unit-2707-for-sale-in-maple-at-verdant-towers-ortigas-pasig-city.html
"1-Bedroom Unit (2318) for Sale in Maple at Verdant Towers, Ortigas, Pasig City","Ugong, Pasig",15627000.0,1.0,1.0,53.0,,14.588882,121.079016,https://www.lamudi.com.ph/1-bedroom-unit-2318-for-sale-in-maple-at-verdant-towers-ortigas-pasig-city.html
"1-Bedroom Unit (1405) for Sale in Maple at Verdant Towers, Ortigas, Pasig City","Ugong, Pasig",15635000.0,1.0,,56.0,,14.588882,121.079016,https://www.lamudi.com.ph/1-bedroom-unit-1405-for-sale-in-maple-at-verdant-towers-ortigas-pasig-city.html
"3-Bedroom 2-Storey House for Sale at Camella Taal in Buli, Taal, Batangas | Cara, NRF...","Buli, Taal",5210000.0,3.0,,66.0,88.0,13.885835,120.955093,https://www.lamudi.com.ph/3-bedroom-2-storey-house-for-sale-at-camella-taal-in-buli-taal-batangas-cara-nrfo.html
"5-Bedroom 2-Storey House for Sale at Camella Taal in Buli, Taal, Batangas | Elaisa WB...","Buli, Taal",7735000.0,5.0,,97.0,130.0,13.885835,120.955093,https://www.lamudi.com.ph/5-bedroom-2-storey-house-for-sale-at-camella-taal-in-buli-taal-batangas-elaisa-wb-rfo.html
"2-Bedroom 2-Storey House for Sale at Camella Taal in Buli, Taal, Batangas | Ezabelle,...","Buli, Taal",3012000.0,2.0,,46.0,66.0,13.885835,120.955093,https://www.lamudi.com.ph/2-bedroom-2-storey-house-for-sale-at-camella-taal-in-buli-taal-batangas-ezabelle-nrfo.html
"5-Bedroom House for Sale at Camella Balanga Heights in Balanga City, Bataan | Freya","Cupang Proper, Balanga",7751000.0,5.0,,142.0,121.0,14.666375,120.54822,https://www.lamudi.com.ph/5-bedroom-house-for-sale-at-camella-balanga-heights-in-balanga-city-bataan-freya.html
"3-Bedroom House for Sale at Camella Balanga Heights in Balanga City, Bataan | Cara","Cupang Proper, Balanga",5057000.0,3.0,,66.0,94.0,14.666375,120.54822,https://www.lamudi.com.ph/3-bedroom-house-for-sale-at-camella-balanga-heights-in-balanga-city-bataan-cara.html
"1-Bedroom Unit (32D) for Sale in Empress at Capitol Commons, Pasig City","Oranbo, Pasig",20793000.0,1.0,1.0,65.0,,14.575822,121.064324,https://www.lamudi.com.ph/1-bedroom-unit-32d-for-sale-in-empress-at-capitol-commons-pasig-city.html
"Studio Unit (17L) for Sale in Empress at Capitol Commons, Pasig City","Oranbo, Pasig",11539000.0,1.0,1.0,39.0,,14.575822,121.064324,https://www.lamudi.com.ph/studio-unit-17l-for-sale-in-empress-at-capitol-commons-pasig-city.html
"Studio Unit (47H) for Sale in Empress at Capitol Commons, Pasig City","Oranbo, Pasig",10744000.0,1.0,1.0,34.0,,14.575822,121.064324,https://www.lamudi.com.ph/studio-unit-47h-for-sale-in-empress-at-capitol-commons-pasig-city.html
"Studio Unit (53C) for Sale in Empress at Capitol Commons, Pasig City","Oranbo, Pasig",11159000.0,1.0,1.0,38.0,,14.575822,121.064324,https://www.lamudi.com.ph/studio-unit-53c-for-sale-in-empress-at-capitol-commons-pasig-city.html
"1-Bedroom Unit (3514) for Sale in Maple at Verdant Towers, Ortigas, Pasig City","Ugong, Pasig",16145000.0,1.0,,57.0,,14.588882,121.079016,https://www.lamudi.com.ph/1-bedroom-unit-3514-for-sale-in-maple-at-verdant-towers-ortigas-pasig-city.html
"Studio Unit (33N) for Sale in Empress at Capitol Commons, Pasig City","Oranbo, Pasig",11629000.0,1.0,1.0,40.0,,14.575822,121.064324,https://www.lamudi.com.ph/studio-unit-33n-for-sale-in-empress-at-capitol-commons-pasig-city.html
"1-Bedroom Unit (1414) for Sale in Maple at Verdant Towers, Ortigas, Pasig City","Ugong, Pasig",15492000.0,1.0,,58.0,,14.588882,121.079016,https://www.lamudi.com.ph/1-bedroom-unit-1414-for-sale-in-maple-at-verdant-towers-ortigas-pasig-city.html
"1-Bedroom Unit (2203) for Sale in Maple at Verdant Towers, Ortigas, Pasig City","Ugong, Pasig",15898000.0,1.0,1.0,56.0,,14.588882,121.079016,https://www.lamudi.com.ph/1-bedroom-unit-2203-for-sale-in-maple-at-verdant-towers-ortigas-pasig-city.html
"1-Bedroom Unit (1208) for Sale in Maple at Verdant Towers, Ortigas, Pasig City","Ugong, Pasig",15635000.0,1.0,,56.0,,14.588882,121.079016,https://www.lamudi.com.ph/1-bedroom-unit-1208-for-sale-in-maple-at-verdant-towers-ortigas-pasig-city.html
"Studio Unit (7L) for Sale in Empress at Capitol Commons, Pasig City","Oranbo, Pasig",11376000.0,1.0,1.0,39.0,,14.575822,121.064324,https://www.lamudi.com.ph/studio-unit-7l-for-sale-in-empress-at-capitol-commons-pasig-city.html
"Studio Unit (48L) for Sale in Empress at Capitol Commons, Pasig City","Oranbo, Pasig",12517000.0,1.0,1.0,40.0,,14.575822,121.064324,https://www.lamudi.com.ph/studio-unit-48l-for-sale-in-empress-at-capitol-commons-pasig-city.html
"2-Bedroom Unit (12O) for Sale in Empress at Capitol Commons, Pasig City","Oranbo, Pasig",32121000.0,2.0,2.0,104.0,,14.575822,121.064324,https://www.lamudi.com.ph/2-bedroom-unit-12o-for-sale-in-empress-at-capitol-commons-pasig-city.html
"Studio Unit (32L) for Sale in Empress at Capitol Commons, Pasig City","Oranbo, Pasig",11809000.0,1.0,1.0,39.0,,14.575822,121.064324,https://www.lamudi.com.ph/studio-unit-32l-for-sale-in-empress-at-capitol-commons-pasig-city.html
"Studio Unit (50J) for Sale in Empress at Capitol Commons, Pasig City","Oranbo, Pasig",10786000.0,1.0,1.0,34.0,,14.575822,121.064324,https://www.lamudi.com.ph/studio-unit-50j-for-sale-in-empress-at-capitol-commons-pasig-city.html
"1-Bedroom Unit (3803) for Sale in Maple at Verdant Towers, Ortigas, Pasig City","Ugong, Pasig",16755000.0,1.0,,57.0,,14.588882,121.079016,https://www.lamudi.com.ph/1-bedroom-unit-3803-for-sale-in-maple-at-verdant-towers-ortigas-pasig-city.html
"Studio Deluxe (28E) for Sale in Empress at Capitol Commons, Pasig City","Oranbo, Pasig",12615000.0,1.0,1.0,45.0,,14.575822,121.064324,https://www.lamudi.com.ph/studio-deluxe-28e-for-sale-in-empress-at-capitol-commons-pasig-city.html
"5-Bedroom 2-Storey House for Sale at Camella Taal in Buli, Taal, Batangas | Freya, NR...","Buli, Taal",8967000.0,5.0,,142.0,156.0,13.885835,120.955093,https://www.lamudi.com.ph/5-bedroom-2-storey-house-for-sale-at-camella-taal-in-buli-taal-batangas-freya-nrfo.html
"4-Bedroom 2-Storey House for Sale at Camella Taal in Buli, Taal, Batangas | Dana, NRF...","Buli, Taal",6380000.0,4.0,,85.0,99.0,13.885835,120.955093,https://www.lamudi.com.ph/4-bedroom-2-storey-house-for-sale-at-camella-taal-in-buli-taal-batangas-dana-nrfo.html
"2-Bedroom 2-Storey House for Sale at Camella Taal in Buli, Taal, Batangas | Criselle,...","Buli, Taal",2883000.0,2.0,,40.0,66.0,13.885835,120.955093,https://www.lamudi.com.ph/2-bedroom-2-storey-house-for-sale-at-camella-taal-in-buli-taal-batangas-criselle-nrfo.html
"1-Bedroom Condo Unit for Sale at Camella Manors - Northpoint in Bajada, Davao City","Barangay 19-B, Davao",9696429.0,1.0,1.0,54.0,,7.0928915,125.6056916,https://www.lamudi.com.ph/1-bedroom-condo-unit-for-sale-at-camella-manors-northpoint-in-bajada-davao-city.html
"5-Bedroom House for Sale at Camella Balanga Heights in Balanga City, Bataan | Ella","Cupang Proper, Balanga",6592000.0,5.0,,100.0,121.0,14.666375,120.54822,https://www.lamudi.com.ph/5-bedroom-house-for-sale-at-camella-balanga-heights-in-balanga-city-bataan-ella.html
"4-Bedroom House for Sale at Camella Balanga Heights in Balanga City, Bataan | Dani","Cupang Proper, Balanga",5870000.0,4.0,,83.0,110.0,14.666375,120.54822,https://www.lamudi.com.ph/4-bedroom-house-for-sale-at-camella-balanga-heights-in-balanga-city-bataan-dani.html
"2-Bedroom House for Sale at Camella Balanga Heights in Balanga City, Bataan | Arielle...","Cupang Proper, Balanga",2153000.0,2.0,,36.0,42.0,14.666375,120.54822,https://www.lamudi.com.ph/2-bedroom-house-for-sale-at-camella-balanga-heights-in-balanga-city-bataan-arielle-iu.html
"1BR Executive Condo Unit for Sale in Lucima, Cebu Business Park, Cebu City | Pre-sell...","Hippodromo, Cebu",9282900.0,1.0,1.0,56.0,,10.31589,123.905916578,https://www.lamudi.com.ph/1br-executive-condo-unit-for-sale-in-lucima-cebu-business-park-cebu-city-pre-selling.html
"Studio Unit for Sale in Amisa Private Residences - Tower D, Lapu-Lapu City, Cebu","Mactan, Lapu-Lapu",8820825.0,1.0,1.0,41.0,,10.3051555,124.0112408,https://www.lamudi.com.ph/studio-unit-for-sale-in-amisa-private-residences-tower-d-lapu-lapu-city-cebu.html
"1-Bedroom Unit (48D) - Residences at The Galleon (Pre-selling) in Ortigas CBD, Pasig","San Antonio, Pasig",27611000.0,1.0,1.0,70.0,,14.588377,121.059897,https://www.lamudi.com.ph/1-bedroom-unit-48d-residences-at-the-galleon-pre-selling-in-ortigas-cbd-pasig.html
"Studio Unit (40L) for Sale in Empress at Capitol Commons, Pasig City","Oranbo, Pasig",12245000.0,1.0,1.0,40.0,,14.575822,121.064324,https://www.lamudi.com.ph/studio-unit-40l-for-sale-in-empress-at-capitol-commons-pasig-city.html
"1-Bedroom Unit (16F) for Sale in Empress at Capitol Commons, Pasig City","Oranbo, Pasig",21737000.0,1.0,1.0,67.0,,14.575822,121.064324,https://www.lamudi.com.ph/1-bedroom-unit-16f-for-sale-in-empress-at-capitol-commons-pasig-city.html
"1-Bedroom Unit (24D) for Sale in Empress at Capitol Commons, Pasig City","Oranbo, Pasig",20577000.0,1.0,1.0,65.0,,14.575822,121.064324,https://www.lamudi.com.ph/1-bedroom-unit-24d-for-sale-in-empress-at-capitol-commons-pasig-city.html
"1-Bedroom Unit (1718) for Sale in Maple at Verdant Towers, Ortigas, Pasig City","Ugong, Pasig",15364000.0,1.0,,56.0,,14.588882,121.079016,https://www.lamudi.com.ph/1-bedroom-unit-1718-for-sale-in-maple-at-verdant-towers-ortigas-pasig-city.html
"1-Bedroom Unit (46D) for Sale in Empress at Capitol Commons, Pasig City","Oranbo, Pasig",21459000.0,1.0,1.0,66.0,,14.575822,121.064324,https://www.lamudi.com.ph/1-bedroom-unit-46d-for-sale-in-empress-at-capitol-commons-pasig-city.html
"Studio Deluxe (25E) for Sale in Empress at Capitol Commons, Pasig City","Oranbo, Pasig",12433000.0,1.0,1.0,45.0,,14.575822,121.064324,https://www.lamudi.com.ph/studio-deluxe-25e-for-sale-in-empress-at-capitol-commons-pasig-city.html
"1-Bedroom Unit (40M) for Sale in Empress at Capitol Commons, Pasig City","Oranbo, Pasig",21361000.0,1.0,1.0,65.0,,14.575822,121.064324,https://www.lamudi.com.ph/1-bedroom-unit-40m-for-sale-in-empress-at-capitol-commons-pasig-city.html
"1-Bedroom Unit (3814) for Sale in Maple at Verdant Towers, Ortigas, Pasig City","Ugong, Pasig",16411000.0,1.0,,57.0,,14.588882,121.079016,https://www.lamudi.com.ph/1-bedroom-unit-3814-for-sale-in-maple-at-verdant-towers-ortigas-pasig-city.html
"1-Bedroom Unit (47A) for Sale in Empress at Capitol Commons, Pasig City","Oranbo, Pasig",23578000.0,1.0,1.0,67.0,,14.575822,121.064324,https://www.lamudi.com.ph/1-bedroom-unit-47a-for-sale-in-empress-at-capitol-commons-pasig-city.html
"1-Bedroom Unit (2703) for Sale in Maple at Verdant Towers, Ortigas, Pasig City","Ugong, Pasig",16033000.0,1.0,,56.0,,14.588882,121.079016,https://www.lamudi.com.ph/1-bedroom-unit-2703-for-sale-in-maple-at-verdant-towers-ortigas-pasig-city.html
"1-Bedroom Unit (59E) for Sale in Empress at Capitol Commons, Pasig City","Oranbo, Pasig",26888000.0,1.0,1.0,76.0,,14.575822,121.064324,https://www.lamudi.com.ph/1-bedroom-unit-59e-for-sale-in-empress-at-capitol-commons-pasig-city.html
"1-Bedroom Unit (3115) for Sale in Maple at Verdant Towers, Ortigas, Pasig City","Ugong, Pasig",16007000.0,1.0,,57.0,,14.588882,121.079016,https://www.lamudi.com.ph/1-bedroom-unit-3115-for-sale-in-maple-at-verdant-towers-ortigas-pasig-city.html
"1-Bedroom Unit (3216) for Sale in Maple at Verdant Towers, Ortigas, Pasig City","Ugong, Pasig",16076000.0,1.0,,57.0,,14.588882,121.079016,https://www.lamudi.com.ph/1-bedroom-unit-3216-for-sale-in-maple-at-verdant-towers-ortigas-pasig-city.html
"1-Bedroom Unit (41D) for Sale in Empress at Capitol Commons, Pasig City","Oranbo, Pasig",21322000.0,1.0,1.0,66.0,,14.575822,121.064324,https://www.lamudi.com.ph/1-bedroom-unit-41d-for-sale-in-empress-at-capitol-commons-pasig-city.html
"3-Bedroom House for Sale at Camella Quezon in Brgy. Isabang, Tayabas City, Quezon | C...","Isabang, Tayabas",5898000.0,3.0,,66.0,131.0,13.962775,121.564527,https://www.lamudi.com.ph/3-bedroom-house-for-sale-at-camella-quezon-in-brgy-isabang-tayabas-city-quezon-cara-nrfo.html
"2-Bedroom 2-Storey House for Sale at Camella Taal in Buli, Taal, Batangas | Bella, NR...","Buli, Taal",4592000.0,2.0,,53.0,88.0,13.885835,120.955093,https://www.lamudi.com.ph/2-bedroom-2-storey-house-for-sale-at-camella-taal-in-buli-taal-batangas-bella-nrfo.html
"2-Bedroom 2-Storey House for Sale at Camella Taal in Buli, Taal, Batangas | Arielle I...","Buli, Taal",2134000.0,2.0,,36.0,44.0,13.885835,120.955093,https://www.lamudi.com.ph/2-bedroom-2-storey-house-for-sale-at-camella-taal-in-buli-taal-batangas-arielle-iu-nrfo.html
"2-Bedroom Condo Unit for Sale at Camella Manors - Northpoint in Bajada, Davao City","Barangay 19-B, Davao",8122321.0,2.0,1.0,45.0,,7.0928915,125.6056916,https://www.lamudi.com.ph/2-bedroom-condo-unit-for-sale-at-camella-manors-northpoint-in-bajada-davao-city.html
"2-Bedroom Unit (17O) for Sale in Empress at Capitol Commons, Pasig City","Oranbo, Pasig",32507000.0,2.0,2.0,104.0,,14.575822,121.064324,https://www.lamudi.com.ph/2-bedroom-unit-17o-for-sale-in-empress-at-capitol-commons-pasig-city.html
"1-Bedroom Unit (3403) for Sale in Maple at Verdant Towers, Ortigas, Pasig City","Ugong, Pasig",16420000.0,1.0,1.0,57.0,,14.588882,121.079016,https://www.lamudi.com.ph/1-bedroom-unit-3403-for-sale-in-maple-at-verdant-towers-ortigas-pasig-city.html
"1-Bedroom Unit (3420) for Sale in Maple at Verdant Towers, Ortigas, Pasig City","Ugong, Pasig",16672000.0,1.0,,58.0,,14.588882,121.079016,https://www.lamudi.com.ph/1-bedroom-unit-3420-for-sale-in-maple-at-verdant-towers-ortigas-pasig-city.html
"1-Bedroom Unit (3710) for Sale in Maple at Verdant Towers, Ortigas, Pasig City","Ugong, Pasig",16172000.0,1.0,,58.0,,14.588882,121.079016,https://www.lamudi.com.ph/1-bedroom-unit-3710-for-sale-in-maple-at-verdant-towers-ortigas-pasig-city.html
"1-Bedroom Unit (1715) for Sale in Maple at Verdant Towers, Ortigas, Pasig City","Ugong, Pasig",15737000.0,1.0,,58.0,,14.588882,121.079016,https://www.lamudi.com.ph/1-bedroom-unit-1715-for-sale-in-maple-at-verdant-towers-ortigas-pasig-city.html
"1-Bedroom Unit (1721) for Sale in Maple at Verdant Towers, Ortigas, Pasig City","Ugong, Pasig",15364000.0,1.0,,56.0,,14.588882,121.079016,https://www.lamudi.com.ph/1-bedroom-unit-1721-for-sale-in-maple-at-verdant-towers-ortigas-pasig-city.html
"1-Bedroom Unit (39F) for Sale in Empress at Capitol Commons, Pasig City","Oranbo, Pasig",22153000.0,1.0,1.0,66.0,,14.575822,121.064324,https://www.lamudi.com.ph/1-bedroom-unit-39f-for-sale-in-empress-at-capitol-commons-pasig-city.html
"Studio Deluxe (42E) for Sale in Empress at Capitol Commons, Pasig City","Oranbo, Pasig",13227000.0,1.0,1.0,46.0,,14.575822,121.064324,https://www.lamudi.com.ph/studio-deluxe-42e-for-sale-in-empress-at-capitol-commons-pasig-city.html
"2-Bedroom Unit (43B) for Sale in Empress at Capitol Commons, Pasig City","Oranbo, Pasig",34033000.0,2.0,2.0,106.0,,14.575822,121.064324,https://www.lamudi.com.ph/2-bedroom-unit-43b-for-sale-in-empress-at-capitol-commons-pasig-city.html
"1-Bedroom Unit (49M) for Sale in Empress at Capitol Commons, Pasig City","Oranbo, Pasig",23554000.0,1.0,1.0,70.0,,14.575822,121.064324,https://www.lamudi.com.ph/1-bedroom-unit-49m-for-sale-in-empress-at-capitol-commons-pasig-city.html
"1-Bedroom Unit (38K) for Sale in Empress at Capitol Commons, Pasig City","Oranbo, Pasig",22973000.0,1.0,1.0,66.0,,14.575822,121.064324,https://www.lamudi.com.ph/1-bedroom-unit-38k-for-sale-in-empress-at-capitol-commons-pasig-city.html
"1-Bedroom Unit (33M) for Sale in Empress at Capitol Commons, Pasig City","Oranbo, Pasig",22061000.0,1.0,1.0,68.0,,14.575822,121.064324,https://www.lamudi.com.ph/1-bedroom-unit-33m-for-sale-in-empress-at-capitol-commons-pasig-city.html
"1-Bedroom Unit (26F) for Sale in Empress at Capitol Commons, Pasig City","Oranbo, Pasig",22089000.0,1.0,1.0,67.0,,14.575822,121.064324,https://www.lamudi.com.ph/1-bedroom-unit-26f-for-sale-in-empress-at-capitol-commons-pasig-city.html
"1-Bedroom Unit (55B) for Sale in Empress at Capitol Commons, Pasig City","Oranbo, Pasig",22047000.0,1.0,1.0,65.0,,14.575822,121.064324,https://www.lamudi.com.ph/1-bedroom-unit-55b-for-sale-in-empress-at-capitol-commons-pasig-city.html
"1-Bedroom Unit (42A) for Sale in Empress at Capitol Commons, Pasig City","Oranbo, Pasig",22768000.0,1.0,1.0,65.0,,14.575822,121.064324,https://www.lamudi.com.ph/1-bedroom-unit-42a-for-sale-in-empress-at-capitol-commons-pasig-city.html
"2-Bedroom Unit (29O) for Sale in Empress at Capitol Commons, Pasig City","Oranbo, Pasig",33499000.0,2.0,2.0,104.0,,14.575822,121.064324,https://www.lamudi.com.ph/2-bedroom-unit-29o-for-sale-in-empress-at-capitol-commons-pasig-city.html
"Studio Unit (29L) for Sale in Empress at Capitol Commons, Pasig City","Oranbo, Pasig",11761000.0,1.0,1.0,39.0,,14.575822,121.064324,https://www.lamudi.com.ph/studio-unit-29l-for-sale-in-empress-at-capitol-commons-pasig-city.html
"Studio Unit (39L) for Sale in Empress at Capitol Commons, Pasig City","Oranbo, Pasig",12229000.0,1.0,1.0,40.0,,14.575822,121.064324,https://www.lamudi.com.ph/studio-unit-39l-for-sale-in-empress-at-capitol-commons-pasig-city.html
"1-Bedroom Unit (3916) for Sale in Maple at Verdant Towers, Ortigas, Pasig City","Ugong, Pasig",16274000.0,1.0,,57.0,,14.588882,121.079016,https://www.lamudi.com.ph/1-bedroom-unit-3916-for-sale-in-maple-at-verdant-towers-ortigas-pasig-city.html
"1-Bedroom Unit (3416) for Sale in Maple at Verdant Towers, Ortigas, Pasig City","Ugong, Pasig",16076000.0,1.0,,57.0,,14.588882,121.079016,https://www.lamudi.com.ph/1-bedroom-unit-3416-for-sale-in-maple-at-verdant-towers-ortigas-pasig-city.html
"1-Bedroom Unit (4016) for Sale in Maple at Verdant Towers, Ortigas, Pasig City","Ugong, Pasig",16274000.0,1.0,,57.0,,14.588882,121.079016,https://www.lamudi.com.ph/1-bedroom-unit-4016-for-sale-in-maple-at-verdant-towers-ortigas-pasig-city.html
"1-Bedroom Unit (3316) for Sale in Maple at Verdant Towers, Ortigas, Pasig City","Ugong, Pasig",16076000.0,1.0,,57.0,,14.588882,121.079016,https://www.lamudi.com.ph/1-bedroom-unit-3316-for-sale-in-maple-at-verdant-towers-ortigas-pasig-city.html
"1-Bedroom Unit (1015) for Sale in Maple at Verdant Towers, Ortigas, Pasig City","Ugong, Pasig",15601000.0,1.0,,58.0,,14.588882,121.079016,https://www.lamudi.com.ph/1-bedroom-unit-1015-for-sale-in-maple-at-verdant-towers-ortigas-pasig-city.html
"1-Bedroom Unit (2818) for Sale in Maple at Verdant Towers, Ortigas, Pasig City","Ugong, Pasig",16076000.0,1.0,1.0,57.0,,14.588882,121.079016,https://www.lamudi.com.ph/1-bedroom-unit-2818-for-sale-in-maple-at-verdant-towers-ortigas-pasig-city.html
"1-Bedroom Unit (2122) for Sale in Maple at Verdant Towers, Ortigas, Pasig City","Ugong, Pasig",16322000.0,1.0,,58.0,,14.588882,121.079016,https://www.lamudi.com.ph/1-bedroom-unit-2122-for-sale-in-maple-at-verdant-towers-ortigas-pasig-city.html
"1-Bedroom Unit (2722) for Sale in Maple at Verdant Towers, Ortigas, Pasig City","Ugong, Pasig",16532000.0,1.0,,58.0,,14.588882,121.079016,https://www.lamudi.com.ph/1-bedroom-unit-2722-for-sale-in-maple-at-verdant-towers-ortigas-pasig-city.html
"1-Bedroom Unit (3210) for Sale in Maple at Verdant Towers, Ortigas, Pasig City","Ugong, Pasig",16042000.0,1.0,,58.0,,14.588882,121.079016,https://www.lamudi.com.ph/1-bedroom-unit-3210-for-sale-in-maple-at-verdant-towers-ortigas-pasig-city.html
"1-Bedroom Unit (3616) for Sale in Maple at Verdant Towers, Ortigas, Pasig City","Ugong, Pasig",16205000.0,1.0,1.0,57.0,,14.588882,121.079016,https://www.lamudi.com.ph/1-bedroom-unit-3616-for-sale-in-maple-at-verdant-towers-ortigas-pasig-city.html
"1-Bedroom Unit (3520) for Sale in Maple at Verdant Towers, Ortigas, Pasig City","Ugong, Pasig",16742000.0,1.0,1.0,58.0,,14.588882,121.079016,https://www.lamudi.com.ph/1-bedroom-unit-3520-for-sale-in-maple-at-verdant-towers-ortigas-pasig-city.html
"1-Bedroom Unit (926) for Sale in Maple at Verdant Towers, Ortigas, Pasig City","Ugong, Pasig",15982000.0,1.0,,58.0,,14.588882,121.079016,https://www.lamudi.com.ph/1-bedroom-unit-926-for-sale-in-maple-at-verdant-towers-ortigas-pasig-city.html
"1-Bedroom Unit (1821) for Sale in Maple at Verdant Towers, Ortigas, Pasig City","Ugong, Pasig",15560000.0,1.0,1.0,56.0,,14.588882,121.079016,https://www.lamudi.com.ph/1-bedroom-unit-1821-for-sale-in-maple-at-verdant-towers-ortigas-pasig-city.html
"1-Bedroom Unit (1714) for Sale in Maple at Verdant Towers, Ortigas, Pasig City","Ugong, Pasig",15562000.0,1.0,,58.0,,14.588882,121.079016,https://www.lamudi.com.ph/1-bedroom-unit-1714-for-sale-in-maple-at-verdant-towers-ortigas-pasig-city.html
"1-Bedroom Unit (914) for Sale in Maple at Verdant Towers, Ortigas, Pasig City","Ugong, Pasig",15352000.0,1.0,,58.0,,14.588882,121.079016,https://www.lamudi.com.ph/1-bedroom-unit-914-for-sale-in-maple-at-verdant-towers-ortigas-pasig-city.html
"1-Bedroom Unit (2803) for Sale in Maple at Verdant Towers, Ortigas, Pasig City","Ugong, Pasig",16420000.0,1.0,,57.0,,14.588882,121.079016,https://www.lamudi.com.ph/1-bedroom-unit-2803-for-sale-in-maple-at-verdant-towers-ortigas-pasig-city.html
"1-Bedroom Unit (2807) for Sale in Maple at Verdant Towers, Ortigas, Pasig City","Ugong, Pasig",16283000.0,1.0,,57.0,,14.588882,121.079016,https://www.lamudi.com.ph/1-bedroom-unit-2807-for-sale-in-maple-at-verdant-towers-ortigas-pasig-city.html
"1-Bedroom Unit (1418) for Sale in Maple at Verdant Towers, Ortigas, Pasig City","Ugong, Pasig",15297000.0,1.0,,56.0,,14.588882,121.079016,https://www.lamudi.com.ph/1-bedroom-unit-1418-for-sale-in-maple-at-verdant-towers-ortigas-pasig-city.html
"1-Bedroom Unit (2215) for Sale in Maple at Verdant Towers, Ortigas, Pasig City","Ugong, Pasig",15560000.0,1.0,,56.0,,14.588882,121.079016,https://www.lamudi.com.ph/1-bedroom-unit-2215-for-sale-in-maple-at-verdant-towers-ortigas-pasig-city.html
"1-Bedroom Unit (1726) for Sale in Maple at Verdant Towers, Ortigas, Pasig City","Ugong, Pasig",16252000.0,1.0,,58.0,,14.588882,121.079016,https://www.lamudi.com.ph/1-bedroom-unit-1726-for-sale-in-maple-at-verdant-towers-ortigas-pasig-city.html
"1-Bedroom Unit (1705) for Sale in Maple at Verdant Towers, Ortigas, Pasig City","Ugong, Pasig",15702000.0,1.0,,56.0,,14.588882,121.079016,https://www.lamudi.com.ph/1-bedroom-unit-1705-for-sale-in-maple-at-verdant-towers-ortigas-pasig-city.html
"1-Bedroom Unit (3406) for Sale in Maple at Verdant Towers, Ortigas, Pasig City","Ugong, Pasig",16283000.0,1.0,,57.0,,14.588882,121.079016,https://www.lamudi.com.ph/1-bedroom-unit-3406-for-sale-in-maple-at-verdant-towers-ortigas-pasig-city.html
"1-Bedroom Unit (2903) for Sale in Maple at Verdant Towers, Ortigas, Pasig City","Ugong, Pasig",16351000.0,1.0,,57.0,,14.588882,121.079016,https://www.lamudi.com.ph/1-bedroom-unit-2903-for-sale-in-maple-at-verdant-towers-ortigas-pasig-city.html
"1-Bedroom Unit (1521) for Sale in Maple at Verdant Towers, Ortigas, Pasig City","Ugong, Pasig",15297000.0,1.0,,56.0,,14.588882,121.079016,https://www.lamudi.com.ph/1-bedroom-unit-1521-for-sale-in-maple-at-verdant-towers-ortigas-pasig-city.html
"1-Bedroom Unit (2815) for Sale in Maple at Verdant Towers, Ortigas, Pasig City","Ugong, Pasig",16076000.0,1.0,,57.0,,14.588882,121.079016,https://www.lamudi.com.ph/1-bedroom-unit-2815-for-sale-in-maple-at-verdant-towers-ortigas-pasig-city.html
"1-Bedroom Unit (1518) for Sale in Maple at Verdant Towers, Ortigas, Pasig City","Ugong, Pasig",15297000.0,1.0,,56.0,,14.588882,121.079016,https://www.lamudi.com.ph/1-bedroom-unit-1518-for-sale-in-maple-at-verdant-towers-ortigas-pasig-city.html
"1-Bedroom Unit (3214) for Sale in Maple at Verdant Towers, Ortigas, Pasig City","Ugong, Pasig",16076000.0,1.0,,57.0,,14.588882,121.079016,https://www.lamudi.com.ph/1-bedroom-unit-3214-for-sale-in-maple-at-verdant-towers-ortigas-pasig-city.html
"1-Bedroom Unit (2718) for Sale in Maple at Verdant Towers, Ortigas, Pasig City","Ugong, Pasig",15695000.0,1.0,,56.0,,14.588882,121.079016,https://www.lamudi.com.ph/1-bedroom-unit-2718-for-sale-in-maple-at-verdant-towers-ortigas-pasig-city.html
"2-Bedroom Townhouse for Sale at Hana South in Trece Martires, Cavite | Lyca Model","Cabuco, Trece Martires",1918427.0,2.0,,38.0,36.0,14.2737173,120.8443843,https://www.lamudi.com.ph/2-bedroom-townhouse-for-sale-at-hana-south-in-trece-martires-cavite-lyca-model.html
"2-Bedroom House for Sale at Camella Balanga Heights in Balanga City, Bataan | Ezabell...","Cupang Proper, Balanga",3071000.0,2.0,,46.0,63.0,14.666375,120.54822,https://www.lamudi.com.ph/2-bedroom-house-for-sale-at-camella-balanga-heights-in-balanga-city-bataan-ezabelle.html
"2-Bedroom House for Sale at Camella Balanga Heights in Balanga City, Bataan | Bella","Cupang Proper, Balanga",4382000.0,2.0,,53.0,88.0,14.666375,120.54822,https://www.lamudi.com.ph/2-bedroom-house-for-sale-at-camella-balanga-heights-in-balanga-city-bataan-bella.html
"1-Bedroom Unit (58F) for Sale in Empress at Capitol Commons, Pasig City","Oranbo, Pasig",26856000.0,1.0,1.0,76.0,,14.575822,121.064324,https://www.lamudi.com.ph/1-bedroom-unit-58f-for-sale-in-empress-at-capitol-commons-pasig-city.html
"2-Bedroom Unit (N64I) for Sale in Maven at Capitol Commons, Pasig City","Ortigas CBD, Pasig",22595200.0,2.0,2.0,87.0,,14.583771,121.059675,https://www.lamudi.com.ph/2-bedroom-unit-n64i-for-sale-in-maven-at-capitol-commons-pasig-city.html
"2-Bedroom House for Sale at Camella Quezon in Brgy. Isabang, Tayabas City, Quezon | B...","Isabang, Tayabas",4328000.0,2.0,,66.0,88.0,13.962775,121.564527,https://www.lamudi.com.ph/2-bedroom-house-for-sale-at-camella-quezon-in-brgy-isabang-tayabas-city-quezon-bella-nrfo.html
"5-Bedroom 2-Storey House for Sale at Camella Taal in Buli, Taal, Batangas | Greta, NR...","Buli, Taal",9753000.0,5.0,,166.0,156.0,13.885835,120.955093,https://www.lamudi.com.ph/5-bedroom-2-storey-house-for-sale-at-camella-taal-in-buli-taal-batangas-greta-nrfo.html
"3-Bedroom 2-Storey House for Sale at Camella Taal in Buli, Taal, Batangas | Cara, RFO","Buli, Taal",5390000.0,3.0,,66.0,88.0,13.885835,120.955093,https://www.lamudi.com.ph/3-bedroom-2-storey-house-for-sale-at-camella-taal-in-buli-taal-batangas-cara-rfo.html
"5-Bedroom 2-Storey House for Sale at Camella Taal in Buli, Taal, Batangas | Ella, NRF...","Buli, Taal",6814000.0,5.0,,100.0,110.0,13.885835,120.955093,https://www.lamudi.com.ph/5-bedroom-2-storey-house-for-sale-at-camella-taal-in-buli-taal-batangas-ella-nrfo.html
"2-Bedroom 2-Storey House for Sale at Camella Taal in Buli, Taal, Batangas | Bella, RF...","Buli, Taal",5132000.0,2.0,,53.0,99.0,13.885835,120.955093,https://www.lamudi.com.ph/2-bedroom-2-storey-house-for-sale-at-camella-taal-in-buli-taal-batangas-bella-rfo.html
"2-Bedroom 2-Storey House for Sale at Camella Taal in Buli, Taal, Batangas | Arielle E...","Buli, Taal",2673000.0,2.0,,36.0,66.0,13.885835,120.955093,https://www.lamudi.com.ph/2-bedroom-2-storey-house-for-sale-at-camella-taal-in-buli-taal-batangas-arielle-eu-nrfo.html
"2-Bedroom House for Sale at Camella Provence in Malolos City, Bulacan | Frielle, NRFO","Longos, Malolos",3440000.0,2.0,,50.0,63.0,14.8743986,120.7973062,https://www.lamudi.com.ph/2-bedroom-house-for-sale-at-camella-provence-in-malolos-city-bulacan-frielle-nrfo.html
"1-Bedroom Unit (1621) for Sale in Maple at Verdant Towers, Ortigas, Pasig City","Ugong, Pasig",15364000.0,1.0,,56.0,,14.588882,121.079016,https://www.lamudi.com.ph/1-bedroom-unit-1621-for-sale-in-maple-at-verdant-towers-ortigas-pasig-city.html
"1-Bedroom Unit (3306) for Sale in Maple at Verdant Towers, Ortigas, Pasig City","Ugong, Pasig",16283000.0,1.0,,57.0,,14.588882,121.079016,https://www.lamudi.com.ph/1-bedroom-unit-3306-for-sale-in-maple-at-verdant-towers-ortigas-pasig-city.html
"1-Bedroom Unit (1618) for Sale in Maple at Verdant Towers, Ortigas, Pasig City","Ugong, Pasig",15364000.0,1.0,,56.0,,14.588882,121.079016,https://www.lamudi.com.ph/1-bedroom-unit-1618-for-sale-in-maple-at-verdant-towers-ortigas-pasig-city.html
"2-Bedroom Unit (3112) for Sale in Maple at Verdant Towers, Ortigas, Pasig City","Ugong, Pasig",25471000.0,2.0,,89.0,,14.588882,121.079016,https://www.lamudi.com.ph/2-bedroom-unit-3112-for-sale-in-maple-at-verdant-towers-ortigas-pasig-city.html
"1-Bedroom Unit (2307) for Sale in Maple at Verdant Towers, Ortigas, Pasig City","Ugong, Pasig",15830000.0,1.0,,56.0,,14.588882,121.079016,https://www.lamudi.com.ph/1-bedroom-unit-2307-for-sale-in-maple-at-verdant-towers-ortigas-pasig-city.html
"1-Bedroom Unit (1814) for Sale in Maple at Verdant Towers, Ortigas, Pasig City","Ugong, Pasig",15762000.0,1.0,,58.0,,14.588882,121.079016,https://www.lamudi.com.ph/1-bedroom-unit-1814-for-sale-in-maple-at-verdant-towers-ortigas-pasig-city.html
"1-Bedroom Unit (3606) for Sale in Maple at Verdant Towers, Ortigas, Pasig City","Ugong, Pasig",16411000.0,1.0,,57.0,,14.588882,121.079016,https://www.lamudi.com.ph/1-bedroom-unit-3606-for-sale-in-maple-at-verdant-towers-ortigas-pasig-city.html
"1-Bedroom Unit (1826) for Sale in Maple at Verdant Towers, Ortigas, Pasig City","Ugong, Pasig",16392000.0,1.0,,58.0,,14.588882,121.079016,https://www.lamudi.com.ph/1-bedroom-unit-1826-for-sale-in-maple-at-verdant-towers-ortigas-pasig-city.html
"1-Bedroom Unit (2022) for Sale in Maple at Verdant Towers, Ortigas, Pasig City","Ugong, Pasig",16322000.0,1.0,,58.0,,14.588882,121.079016,https://www.lamudi.com.ph/1-bedroom-unit-2022-for-sale-in-maple-at-verdant-towers-ortigas-pasig-city.html
"1-Bedroom Unit (2015) for Sale in Maple at Verdant Towers, Ortigas, Pasig City","Ugong, Pasig",15492000.0,1.0,,56.0,,14.588882,121.079016,https://www.lamudi.com.ph/1-bedroom-unit-2015-for-sale-in-maple-at-verdant-towers-ortigas-pasig-city.html
"2-Bedroom Unit (3311) for Sale in Maple at Verdant Towers, Ortigas, Pasig City","Ugong, Pasig",25579000.0,2.0,,89.0,,14.588882,121.079016,https://www.lamudi.com.ph/2-bedroom-unit-3311-for-sale-in-maple-at-verdant-towers-ortigas-pasig-city.html
"1-Bedroom Unit (3122) for Sale in Maple at Verdant Towers, Ortigas, Pasig City","Ugong, Pasig",16602000.0,1.0,,58.0,,14.588882,121.079016,https://www.lamudi.com.ph/1-bedroom-unit-3122-for-sale-in-maple-at-verdant-towers-ortigas-pasig-city.html
"1-Bedroom Unit (1423) for Sale in Maple at Verdant Towers, Ortigas, Pasig City","Ugong, Pasig",16402000.0,1.0,,58.0,,14.588882,121.079016,https://www.lamudi.com.ph/1-bedroom-unit-1423-for-sale-in-maple-at-verdant-towers-ortigas-pasig-city.html
"2-Bedroom Unit (4111) for Sale in Maple at Verdant Towers, Ortigas, Pasig City","Ugong, Pasig",28695000.0,2.0,,89.0,,14.588882,121.079016,https://www.lamudi.com.ph/2-bedroom-unit-4111-for-sale-in-maple-at-verdant-towers-ortigas-pasig-city.html
"1-Bedroom Unit (31F) - Residences at The Galleon (Pre-selling) in Ortigas CBD, Pasig","San Antonio, Pasig",26849000.0,1.0,1.0,74.0,,14.588377,121.059897,https://www.lamudi.com.ph/1-bedroom-unit-31f-residences-at-the-galleon-pre-selling-in-ortigas-cbd-pasig.html
"1-Bedroom Unit (30G) - Residences at The Galleon (Pre-selling) in Ortigas CBD, Pasig","San Antonio, Pasig",26840000.0,1.0,1.0,74.0,,14.588377,121.059897,https://www.lamudi.com.ph/1-bedroom-unit-30g-residences-at-the-galleon-pre-selling-in-ortigas-cbd-pasig.html
"Studio (3717) for Sale in Maple at Verdant Towers, Ortigas, Pasig City","Ugong, Pasig",8830000.0,1.0,,35.0,,14.588882,121.079016,https://www.lamudi.com.ph/studio-3717-for-sale-in-maple-at-verdant-towers-ortigas-pasig-city.html
"Studio (3617) for Sale in Maple at Verdant Towers, Ortigas, Pasig City","Ugong, Pasig",8830000.0,1.0,,35.0,,14.588882,121.079016,https://www.lamudi.com.ph/studio-3617-for-sale-in-maple-at-verdant-towers-ortigas-pasig-city.html
"1-Bedroom Unit (3810) for Sale in Maple at Verdant Towers, Ortigas, Pasig City","Ugong, Pasig",16382000.0,1.0,1.0,58.0,,14.588882,121.079016,https://www.lamudi.com.ph/1-bedroom-unit-3810-for-sale-in-maple-at-verdant-towers-ortigas-pasig-city.html
"Studio Deluxe (31E) for Sale in Empress at Capitol Commons, Pasig City","Oranbo, Pasig",12546000.0,1.0,1.0,45.0,,14.575822,121.064324,https://www.lamudi.com.ph/studio-deluxe-31e-for-sale-in-empress-at-capitol-commons-pasig-city.html
"1-Bedroom Unit (8A) for Sale in Empress at Capitol Commons, Pasig City","Oranbo, Pasig",21828000.0,1.0,1.0,65.0,,14.575822,121.064324,https://www.lamudi.com.ph/1-bedroom-unit-8a-for-sale-in-empress-at-capitol-commons-pasig-city.html
"Studio Deluxe (30E) for Sale in Empress at Capitol Commons, Pasig City","Oranbo, Pasig",12527000.0,1.0,1.0,45.0,,14.575822,121.064324,https://www.lamudi.com.ph/studio-deluxe-30e-for-sale-in-empress-at-capitol-commons-pasig-city.html
"1-Bedroom Unit (1023) for Sale in Maple at Verdant Towers, Ortigas, Pasig City","Ugong, Pasig",16332000.0,1.0,,58.0,,14.588882,121.079016,https://www.lamudi.com.ph/1-bedroom-unit-1023-for-sale-in-maple-at-verdant-towers-ortigas-pasig-city.html
"1-Bedroom Unit (19A) for Sale in Empress at Capitol Commons, Pasig City","Oranbo, Pasig",21946000.0,1.0,1.0,65.0,,14.575822,121.064324,https://www.lamudi.com.ph/1-bedroom-unit-19a-for-sale-in-empress-at-capitol-commons-pasig-city.html
"1-Bedroom Unit (3018) for Sale in Maple at Verdant Towers, Ortigas, Pasig City","Ugong, Pasig",16007000.0,1.0,,57.0,,14.588882,121.079016,https://www.lamudi.com.ph/1-bedroom-unit-3018-for-sale-in-maple-at-verdant-towers-ortigas-pasig-city.html
"1-Bedroom Unit (38D) - Residences at The Galleon (Pre-selling) in Ortigas CBD, Pasig","San Antonio, Pasig",27046000.0,1.0,1.0,70.0,,14.588377,121.059897,https://www.lamudi.com.ph/1-bedroom-unit-38d-residences-at-the-galleon-pre-selling-in-ortigas-cbd-pasig.html
"2-Bedroom Unit (3211) for Sale in Maple at Verdant Towers, Ortigas, Pasig City","Ugong, Pasig",25579000.0,2.0,,89.0,,14.588882,121.079016,https://www.lamudi.com.ph/2-bedroom-unit-3211-for-sale-in-maple-at-verdant-towers-ortigas-pasig-city.html
"1-Bedroom Unit (35M) for Sale in Empress at Capitol Commons, Pasig City","Oranbo, Pasig",22805000.0,1.0,1.0,70.0,,14.575822,121.064324,https://www.lamudi.com.ph/1-bedroom-unit-35m-for-sale-in-empress-at-capitol-commons-pasig-city.html
"1-Bedroom Unit (1921) for Sale in Maple at Verdant Towers, Ortigas, Pasig City","Ugong, Pasig",15492000.0,1.0,,56.0,,14.588882,121.079016,https://www.lamudi.com.ph/1-bedroom-unit-1921-for-sale-in-maple-at-verdant-towers-ortigas-pasig-city.html
"1-Bedroom Unit (25P) for Sale in Empress at Capitol Commons, Pasig City","Oranbo, Pasig",22868000.0,1.0,1.0,67.0,,14.575822,121.064324,https://www.lamudi.com.ph/1-bedroom-unit-25p-for-sale-in-empress-at-capitol-commons-pasig-city.html
"1-Bedroom Unit (29D) for Sale in Empress at Capitol Commons, Pasig City","Oranbo, Pasig",20712000.0,1.0,1.0,65.0,,14.575822,121.064324,https://www.lamudi.com.ph/1-bedroom-unit-29d-for-sale-in-empress-at-capitol-commons-pasig-city.html
"1-Bedroom Unit (36P) for Sale in Empress at Capitol Commons, Pasig City","Oranbo, Pasig",22561000.0,1.0,1.0,65.0,,14.575822,121.064324,https://www.lamudi.com.ph/1-bedroom-unit-36p-for-sale-in-empress-at-capitol-commons-pasig-city.html
"Studio Unit (28L) for Sale in Empress at Capitol Commons, Pasig City","Oranbo, Pasig",11853000.0,1.0,1.0,39.0,,14.575822,121.064324,https://www.lamudi.com.ph/studio-unit-28l-for-sale-in-empress-at-capitol-commons-pasig-city.html
"Studio Unit (49N) for Sale in Empress at Capitol Commons, Pasig City","Oranbo, Pasig",12364000.0,1.0,1.0,41.0,,14.575822,121.064324,https://www.lamudi.com.ph/studio-unit-49n-for-sale-in-empress-at-capitol-commons-pasig-city.html
"Studio Deluxe (30E) for Sale in Empress at Capitol Commons, Pasig City","Oranbo, Pasig",12527000.0,1.0,1.0,45.0,,14.575822,121.064324,https://www.lamudi.com.ph/studio-deluxe-30e-for-sale-in-empress-at-capitol-commons-pasig-city.html
"Studio Deluxe (31E) for Sale in Empress at Capitol Commons, Pasig City","Oranbo, Pasig",12546000.0,1.0,1.0,45.0,,14.575822,121.064324,https://www.lamudi.com.ph/studio-deluxe-31e-for-sale-in-empress-at-capitol-commons-pasig-city.html
"1-Bedroom Unit (1023) for Sale in Maple at Verdant Towers, Ortigas, Pasig City","Ugong, Pasig",16332000.0,1.0,,58.0,,14.588882,121.079016,https://www.lamudi.com.ph/1-bedroom-unit-1023-for-sale-in-maple-at-verdant-towers-ortigas-pasig-city.html
"1-Bedroom Unit (8A) for Sale in Empress at Capitol Commons, Pasig City","Oranbo, Pasig",21828000.0,1.0,1.0,65.0,,14.575822,121.064324,https://www.lamudi.com.ph/1-bedroom-unit-8a-for-sale-in-empress-at-capitol-commons-pasig-city.html
"1-Bedroom Unit (19A) for Sale in Empress at Capitol Commons, Pasig City","Oranbo, Pasig",21946000.0,1.0,1.0,65.0,,14.575822,121.064324,https://www.lamudi.com.ph/1-bedroom-unit-19a-for-sale-in-empress-at-capitol-commons-pasig-city.html
"2-Bedroom Unit (4111) for Sale in Maple at Verdant Towers, Ortigas, Pasig City","Ugong, Pasig",28695000.0,2.0,,89.0,,14.588882,121.079016,https://www.lamudi.com.ph/2-bedroom-unit-4111-for-sale-in-maple-at-verdant-towers-ortigas-pasig-city.html
"Studio (3617) for Sale in Maple at Verdant Towers, Ortigas, Pasig City","Ugong, Pasig",8830000.0,1.0,,35.0,,14.588882,121.079016,https://www.lamudi.com.ph/studio-3617-for-sale-in-maple-at-verdant-towers-ortigas-pasig-city.html
"Studio (3717) for Sale in Maple at Verdant Towers, Ortigas, Pasig City","Ugong, Pasig",8830000.0,1.0,,35.0,,14.588882,121.079016,https://www.lamudi.com.ph/studio-3717-for-sale-in-maple-at-verdant-towers-ortigas-pasig-city.html
"1-Bedroom Unit (31F) - Residences at The Galleon (Pre-selling) in Ortigas CBD, Pasig","San Antonio, Pasig",26849000.0,1.0,1.0,74.0,,14.588377,121.059897,https://www.lamudi.com.ph/1-bedroom-unit-31f-residences-at-the-galleon-pre-selling-in-ortigas-cbd-pasig.html
"1-Bedroom Unit (30G) - Residences at The Galleon (Pre-selling) in Ortigas CBD, Pasig","San Antonio, Pasig",26840000.0,1.0,1.0,74.0,,14.588377,121.059897,https://www.lamudi.com.ph/1-bedroom-unit-30g-residences-at-the-galleon-pre-selling-in-ortigas-cbd-pasig.html
"1-Bedroom Unit (3810) for Sale in Maple at Verdant Towers, Ortigas, Pasig City","Ugong, Pasig",16382000.0,1.0,1.0,58.0,,14.588882,121.079016,https://www.lamudi.com.ph/1-bedroom-unit-3810-for-sale-in-maple-at-verdant-towers-ortigas-pasig-city.html
"2-Bedroom Unit (11B) for Sale in Empress at Capitol Commons, Pasig City","Oranbo, Pasig",30789000.0,2.0,2.0,104.0,,14.575822,121.064324,https://www.lamudi.com.ph/2-bedroom-unit-11b-for-sale-in-empress-at-capitol-commons-pasig-city.html
"2-Bedroom Unit (3211) for Sale in Maple at Verdant Towers, Ortigas, Pasig City","Ugong, Pasig",25579000.0,2.0,,89.0,,14.588882,121.079016,https://www.lamudi.com.ph/2-bedroom-unit-3211-for-sale-in-maple-at-verdant-towers-ortigas-pasig-city.html
"1-Bedroom Unit (38D) - Residences at The Galleon (Pre-selling) in Ortigas CBD, Pasig","San Antonio, Pasig",27046000.0,1.0,1.0,70.0,,14.588377,121.059897,https://www.lamudi.com.ph/1-bedroom-unit-38d-residences-at-the-galleon-pre-selling-in-ortigas-cbd-pasig.html
"1-Bedroom Unit (1921) for Sale in Maple at Verdant Towers, Ortigas, Pasig City","Ugong, Pasig",15492000.0,1.0,,56.0,,14.588882,121.079016,https://www.lamudi.com.ph/1-bedroom-unit-1921-for-sale-in-maple-at-verdant-towers-ortigas-pasig-city.html
"Studio Unit (3812) for Sale in Maple at Verdant Towers, Ortigas, Pasig City","Ugong, Pasig",8492000.0,1.0,1.0,35.0,,14.588882,121.079016,https://www.lamudi.com.ph/studio-unit-3812-for-sale-in-maple-at-verdant-towers-ortigas-pasig-city.html
"1-Bedroom Unit (1108) for Sale in Maple at Verdant Towers, Ortigas, Pasig City","Ugong, Pasig",15635000.0,1.0,,56.0,,14.588882,121.079016,https://www.lamudi.com.ph/1-bedroom-unit-1108-for-sale-in-maple-at-verdant-towers-ortigas-pasig-city.html
"1-Bedroom Unit (3816) for Sale in Maple at Verdant Towers, Ortigas, Pasig City","Ugong, Pasig",16411000.0,1.0,,57.0,,14.588882,121.079016,https://www.lamudi.com.ph/1-bedroom-unit-3816-for-sale-in-maple-at-verdant-towers-ortigas-pasig-city.html
"1-Bedroom Unit (7P) for Sale in Empress at Capitol Commons, Pasig City","Oranbo, Pasig",21370000.0,1.0,1.0,65.0,,14.575822,121.064324,https://www.lamudi.com.ph/1-bedroom-unit-7p-for-sale-in-empress-at-capitol-commons-pasig-city.html
"1-Bedroom Unit (57D) for Sale in Empress at Capitol Commons, Pasig City","Oranbo, Pasig",26072000.0,1.0,1.0,76.0,,14.575822,121.064324,https://www.lamudi.com.ph/1-bedroom-unit-57d-for-sale-in-empress-at-capitol-commons-pasig-city.html
"2-Bedroom Unit (10O) for Sale in Empress at Capitol Commons, Pasig City","Oranbo, Pasig",31864000.0,2.0,2.0,104.0,,14.575822,121.064324,https://www.lamudi.com.ph/2-bedroom-unit-10o-for-sale-in-empress-at-capitol-commons-pasig-city.html
"1-Bedroom Unit (14A) for Sale in Empress at Capitol Commons, Pasig City","Oranbo, Pasig",21810000.0,1.0,1.0,65.0,,14.575822,121.064324,https://www.lamudi.com.ph/1-bedroom-unit-14a-for-sale-in-empress-at-capitol-commons-pasig-city.html
"Studio Unit (43N) for Sale in Empress at Capitol Commons, Pasig City","Oranbo, Pasig",12261000.0,1.0,1.0,41.0,,14.575822,121.064324,https://www.lamudi.com.ph/studio-unit-43n-for-sale-in-empress-at-capitol-commons-pasig-city.html
"Studio Unit (34L) for Sale in Empress at Capitol Commons, Pasig City","Oranbo, Pasig",12146000.0,1.0,1.0,40.0,,14.575822,121.064324,https://www.lamudi.com.ph/studio-unit-34l-for-sale-in-empress-at-capitol-commons-pasig-city.html
"Studio Unit (30L) for Sale in Empress at Capitol Commons, Pasig City","Oranbo, Pasig",11777000.0,1.0,1.0,39.0,,14.575822,121.064324,https://www.lamudi.com.ph/studio-unit-30l-for-sale-in-empress-at-capitol-commons-pasig-city.html
"Studio Unit (28L) for Sale in Empress at Capitol Commons, Pasig City","Oranbo, Pasig",11853000.0,1.0,1.0,39.0,,14.575822,121.064324,https://www.lamudi.com.ph/studio-unit-28l-for-sale-in-empress-at-capitol-commons-pasig-city.html
"Studio Unit (49N) for Sale in Empress at Capitol Commons, Pasig City","Oranbo, Pasig",12364000.0,1.0,1.0,41.0,,14.575822,121.064324,https://www.lamudi.com.ph/studio-unit-49n-for-sale-in-empress-at-capitol-commons-pasig-city.html
"1-Bedroom Unit (35M) for Sale in Empress at Capitol Commons, Pasig City","Oranbo, Pasig",22805000.0,1.0,1.0,70.0,,14.575822,121.064324,https://www.lamudi.com.ph/1-bedroom-unit-35m-for-sale-in-empress-at-capitol-commons-pasig-city.html
"1-Bedroom Unit (25P) for Sale in Empress at Capitol Commons, Pasig City","Oranbo, Pasig",22868000.0,1.0,1.0,67.0,,14.575822,121.064324,https://www.lamudi.com.ph/1-bedroom-unit-25p-for-sale-in-empress-at-capitol-commons-pasig-city.html
"1-Bedroom Unit (29D) for Sale in Empress at Capitol Commons, Pasig City","Oranbo, Pasig",20712000.0,1.0,1.0,65.0,,14.575822,121.064324,https://www.lamudi.com.ph/1-bedroom-unit-29d-for-sale-in-empress-at-capitol-commons-pasig-city.html
"1-Bedroom Unit (36P) for Sale in Empress at Capitol Commons, Pasig City","Oranbo, Pasig",22561000.0,1.0,1.0,65.0,,14.575822,121.064324,https://www.lamudi.com.ph/1-bedroom-unit-36p-for-sale-in-empress-at-capitol-commons-pasig-city.html
"Studio Unit (42I) for Sale in Empress at Capitol Commons, Pasig City","Oranbo, Pasig",10359000.0,1.0,1.0,33.0,,14.575822,121.064324,https://www.lamudi.com.ph/studio-unit-42i-for-sale-in-empress-at-capitol-commons-pasig-city.html
"Corner 1-Bedroom Unit for Sale in Amisa Private Residences - Tower D, Lapu-Lapu City,...","Mactan, Lapu-Lapu",9033375.0,1.0,1.0,42.0,,10.3051555,124.0112408,https://www.lamudi.com.ph/corner-1-bedroom-unit-for-sale-in-amisa-private-residences-tower-d-lapu-lapu-city-cebu.html
"Big 1-Bedroom Unit for Sale in Amisa Private Residences - Tower D, Lapu-Lapu City, Ce...","Mactan, Lapu-Lapu",10733775.0,1.0,1.0,50.0,,10.3051555,124.0112408,https://www.lamudi.com.ph/big-1-bedroom-unit-for-sale-in-amisa-private-residences-tower-d-lapu-lapu-city-cebu.html
"3-Bedroom Condo Unit for Sale at Camella Manors - Northpoint in Bajada, Davao City","Barangay 19-B, Davao",10239286.0,3.0,1.0,57.0,,7.0928915,125.6056916,https://www.lamudi.com.ph/3-bedroom-condo-unit-for-sale-at-camella-manors-northpoint-in-bajada-davao-city.html
"4-Bedroom House for Sale at Camella Quezon in Brgy. Isabang, Tayabas City, Quezon | D...","Isabang, Tayabas",8011000.0,4.0,,85.0,199.0,13.962775,121.564527,https://www.lamudi.com.ph/4-bedroom-house-for-sale-at-camella-quezon-in-brgy-isabang-tayabas-city-quezon-dana-nrfo.html
"5-Bedroom House for Sale at Camella Quezon in Brgy. Isabang, Tayabas City, Quezon | G...","Isabang, Tayabas",11553000.0,5.0,,166.0,251.0,13.962775,121.564527,https://www.lamudi.com.ph/5-bedroom-house-for-sale-at-camella-quezon-in-brgy-isabang-tayabas-city-quezon-greta-rfo.html
"2-Bedroom House for Sale at Camella Balanga Heights in Balanga City, Bataan | Crisell...","Cupang Proper, Balanga",2958000.0,2.0,,40.0,63.0,14.666375,120.54822,https://www.lamudi.com.ph/2-bedroom-house-for-sale-at-camella-balanga-heights-in-balanga-city-bataan-criselle.html
"2-Bedroom House for Sale at Camella Balanga Heights in Balanga City, Bataan | Arielle...","Cupang Proper, Balanga",2936000.0,2.0,,36.0,63.0,14.666375,120.54822,https://www.lamudi.com.ph/2-bedroom-house-for-sale-at-camella-balanga-heights-in-balanga-city-bataan-arielle-eu.html
"5-Bedroom House for Sale at Camella Monticello in San Jose del Monte, Bulacan | Freya...","Sapang Palay, San Jose del Monte",8407000.0,5.0,,142.0,143.0,14.8450503,121.0612785,https://www.lamudi.com.ph/5-bedroom-house-for-sale-at-camella-monticello-in-san-jose-del-monte-bulacan-freya-nrfo.html
"2-Bedroom Condo Unit (6H) for Sale in One Sierra, EDSA, Mandaluyong City, Metro Manil...","Highway Hills, Mandaluyong",16806000.0,2.0,2.0,84.0,,14.578255,121.052143,https://www.lamudi.com.ph/2-bedroom-condo-unit-6h-for-sale-in-one-sierra-edsa-mandaluyong-city-metro-manila.html
"2-Bedroom Unit (N56B) for Sale in Maven at Capitol Commons, Pasig City","Ortigas CBD, Pasig",17641900.0,2.0,2.0,74.0,,14.583771,121.059675,https://www.lamudi.com.ph/2-bedroom-unit-n56b-for-sale-in-maven-at-capitol-commons-pasig-city.html
"The Glaston Tower - Office Unit, Prime Unit (30N) for Sale in Ortigas East, Pasig Cit...","Ugong, Pasig",28344000.0,,,101.0,,14.587964,121.079045,https://www.lamudi.com.ph/the-glaston-tower-office-unit-prime-unit-30n-for-sale-in-ortigas-east-pasig-city.html
"Studio Condo Unit (22E) for Sale in One Sierra, EDSA, Mandaluyong City, Metro Manila","Highway Hills, Mandaluyong",8034705.0,1.0,1.0,33.0,,14.578255,121.052143,https://www.lamudi.com.ph/studio-condo-unit-22e-for-sale-in-one-sierra-edsa-mandaluyong-city-metro-manila.html
"2-Bedroom Condo (Unit J) for Sale in Suntrust Shanata, Novaliches Quezon City","Novaliches, Quezon City",6363100.0,2.0,1.0,35.0,,14.68155,121.0198,https://www.lamudi.com.ph/2-bedroom-condo-unit-j-for-sale-in-suntrust-shanata-novaliches-quezon-city-1.html
"3BR Suite Condo Unit for Sale in Lucima, Cebu Business Park, Cebu City | Pre-selling","Hippodromo, Cebu",22176571.0,3.0,3.0,128.0,,10.315,123.90593065695,https://www.lamudi.com.ph/3br-suite-condo-unit-for-sale-in-lucima-cebu-business-park-cebu-city-pre-selling.html
"2-Storey 3BR House and Lot (Wharton Model) for Sale in Washington Place, Dasmarinas, ...","Sampaloc II, Dasmarinas",5692980.0,3.0,,73.0,140.0,14.287385,120.964753,https://www.lamudi.com.ph/2-storey-3br-house-and-lot-wharton-model-for-sale-in-washington-place-dasmarinas-cavite.html
"1-Bedroom Unit (S05J) for Sale in Maven at Capitol Commons, Pasig City","Ortigas CBD, Pasig",9833600.0,1.0,1.0,46.0,,14.583771,121.059675,https://www.lamudi.com.ph/1-bedroom-unit-s05j-for-sale-in-maven-at-capitol-commons-pasig-city.html
"Bi-level Condo Unit for Sale in AMA Tower Residences, Wack-Wack Mandaluyong |32K","Wack-Wack Greenhills, Mandaluyong",14488740.0,1.0,1.0,57.0,,14.592173,121.053333,https://www.lamudi.com.ph/bi-level-condo-unit-for-sale-in-ama-tower-residences-wack-wack-mandaluyong-32k.html
"2-Storey Townhouse Outer Crescent Mid Unit for Sale in Pristina North Residences, Tal...","Talamban, Cebu",15800000.0,3.0,,160.0,120.0,10.36171,123.911374,https://www.lamudi.com.ph/2-storey-townhouse-outer-crescent-mid-unit-for-sale-in-pristina-north-residences-talamban-cebu-with-special-offer.html
"RFO 3-Bedroom Condo Unit for Sale in Asia Enclaves, Cupang, Muntinlupa City | 317-A","Cupang, Muntinlupa",8824800.0,3.0,2.0,76.0,,14.434669,121.040194,https://www.lamudi.com.ph/rfo-3-bedroom-condo-unit-for-sale-in-asia-enclaves-cupang-muntinlupa-city-317-a.html
"RFO 2-Bedroom Condo Unit for Sale in Asia Enclaves, Cupang, Muntinlupa City | 327-G","Cupang, Muntinlupa",4668600.0,2.0,1.0,58.0,,14.434669,121.040194,https://www.lamudi.com.ph/rfo-2-bedroom-condo-unit-for-sale-in-asia-enclaves-cupang-muntinlupa-city-327-g.html
"Pre-Selling Studio Unit in SYNC - S Tower, Pasig, Metro Manila","Bagong Ilog, Pasig",3900000.0,1.0,1.0,22.0,,14.565391,121.06934,https://www.lamudi.com.ph/pre-selling-studio-unit-in-sync-s-tower-pasig-metro-manila.html
"Tagaytay Leisure Suites - 2 Bedroom Condo Unit for Sale in Tagaytay City, Cavite","Maitim 2nd West, Tagaytay",7900000.0,2.0,2.0,88.0,,14.119975,120.95476,https://www.lamudi.com.ph/tagaytay-leisure-suites-2-bedroom-condo-unit-for-sale-in-tagaytay-city-cavite-1.html
"Suntrust Shanata, 2-Bedroom (Unit A) for Sale in Novaliches, Quezon City","Novaliches, Quezon City",6363100.0,2.0,1.0,35.0,,14.68155,121.0198,https://www.lamudi.com.ph/suntrust-shanata-2-bedroom-unit-a-for-sale-in-novaliches-quezon-city.html
"Studio Condo Unit for Sale at Camella Manors Bacolod in Mandalagan, Bacolod City | RF...","Mandalagan, Bacolod",5187000.0,1.0,1.0,30.0,,10.6877926,122.9747478,https://www.lamudi.com.ph/studio-condo-unit-for-sale-at-camella-manors-bacolod-in-mandalagan-bacolod-city-rfo.html
"The Glaston Tower - Office Unit, Prime Unit (27N) for Sale in Ortigas East Pasig","Ugong, Pasig",28096000.0,,,101.0,,14.587964,121.079045,https://www.lamudi.com.ph/the-glaston-tower-office-unit-prime-unit-27n-for-sale-in-ortigas-east-pasig.html
"1BR Condo Unit (39sqm)  for Sale in Tivoli Condo, Talamban, Cebu City","Talamban, Cebu",2926950.0,1.0,1.0,39.0,,10.36171,123.911374,https://www.lamudi.com.ph/1br-condo-unit-39sqm-for-sale-in-tivoli-condo-talamban-cebu-city.html
"RFO 1-Bedroom Condo Unit for Sale in Asia Enclaves, Cupang, Muntinlupa City | 215-E","Cupang, Muntinlupa",2515625.0,1.0,1.0,30.0,,14.434669,121.040194,https://www.lamudi.com.ph/rfo-1-bedroom-condo-unit-for-sale-in-asia-enclaves-cupang-muntinlupa-city-215-e.html
"1-Bedroom Unit (2118) for Sale in Maple at Verdant Towers, Ortigas, Pasig City","Ugong, Pasig",15492000.0,1.0,,53.0,,14.588882,121.079016,https://www.lamudi.com.ph/1-bedroom-unit-2118-for-sale-in-maple-at-verdant-towers-ortigas-pasig-city.html
For Sale Studio Unit at Circulo Verde in Bagumbayan Quezon City,"Eastwood City, Quezon City",3800000.0,1.0,1.0,30.0,,14.60892,121.0798,https://www.lamudi.com.ph/for-sale-studio-unit-at-circulo-verde-in-bagumbayan-quezon-city.html
"Studio Unit for Sale in 88 Gibraltar - Gibraltar, Baguio","Gibraltar, Baguio",3300000.0,1.0,1.0,33.0,,16.419598,120.626852,https://www.lamudi.com.ph/studio-unit-for-sale-in-88-gibraltar-gibraltar-baguio.html
"Gardenia 4-Bedroom Single Detached House for Sale in Primavera Homes Phase 2, Tanauan...","Darasa, Tanauan",3775000.0,4.0,,80.0,120.0,14.0661817,121.1567437,https://www.lamudi.com.ph/gardenia-4-bedroom-single-detached-house-for-sale-in-primavera-homes-phase-2-tanauan-batangas.html
"Studio Unit for Sale in Suntrust Amadea Tower 1, Quezon City, 2.96M","Paligsahan, Quezon City",2963760.0,1.0,1.0,24.0,,14.631613,121.023475,https://www.lamudi.com.ph/studio-unit-for-sale-in-suntrust-amadea-tower-1-quezon-city-2-96m.html
"2-Bedroom Garden Unit Beach Condo in Seafront Residences (Seafront Villas), San Juan,...","Calubcub II, San Juan",10000000.0,2.0,3.0,54.0,,13.740708,121.428014,https://www.lamudi.com.ph/2-bedroom-garden-unit-beach-condo-in-seafront-residences-seafront-villas-san-juan-batangas-with-special-offer.html
"2-Bedroom Elegant and Affordable House and Lot for Sale in Dona Rufina, Bagakay, Ozam...","Bagakay, Ozamiz",850000.0,2.0,,35.0,50.0,8.14369,123.813471,https://www.lamudi.com.ph/2-bedroom-elegant-and-affordable-house-and-lot-for-sale-in-dona-rufina-bagakay-ozamiz-city-sulit-modern.html
"RFO Studio Unit for Sale in Axis Residences B, Mandaluyong City, 5.2M","Barangka Ilaya, Mandaluyong",5200000.0,1.0,1.0,,,14.571338,121.04641,https://www.lamudi.com.ph/rfo-studio-unit-for-sale-in-axis-residences-b-mandaluyong-city-5-2m.html
"The Mist Residences - 2-Bedroom Unit for Sale in Bakakeng Central, Baguio City","Bakakeng Central, Baguio",4600000.0,2.0,1.0,35.0,,16.39936,120.581264,https://www.lamudi.com.ph/the-mist-residences-2-bedroom-unit-for-sale-in-bakakeng-central-baguio-city.html
"2BR Suite Condo Unit for Sale in Lucima, Cebu Business Park, Cebu City | Pre-selling","Hippodromo, Cebu",17776242.0,2.0,2.0,108.0,,10.315,123.90592649203,https://www.lamudi.com.ph/2br-suite-condo-unit-for-sale-in-lucima-cebu-business-park-cebu-city-pre-selling.html
Studio Unit for Sale in AMA Tower Residences Wack-Wack Greenhills Mandaluyong|5W,"Wack-Wack Greenhills, Mandaluyong",6423156.0,1.0,1.0,27.0,,14.592173,121.053333,https://www.lamudi.com.ph/studio-unit-for-sale-in-ama-tower-residences-wack-wack-greenhills-mandaluyong-5w.html
"RFO Semi-Furnished 2BR Unit for Sale in Acqua Private Residences, Mandaluyong","Hulo, Mandaluyong",7500000.0,2.0,1.0,53.0,,14.571604,121.031359,https://www.lamudi.com.ph/rfo-semi-furnished-2br-unit-for-sale-in-acqua-private-residences-mandaluyong.html
"Pre-Selling 1-Bedroom Unit in Acacia Escalades A, Pasig City, 4.7M","Manggahan, Pasig",4700000.0,1.0,1.0,,,14.601887,121.093698,https://www.lamudi.com.ph/pre-selling-1-bedroom-unit-in-acacia-escalades-a-pasig-city-4-7m.html
"RFO 1-Bedroom Condo Unit for Sale in Asia Enclaves, Cupang, Muntinlupa City | 227-N","Cupang, Muntinlupa",2515625.0,1.0,1.0,30.0,,14.434669,121.040194,https://www.lamudi.com.ph/rfo-1-bedroom-condo-unit-for-sale-in-asia-enclaves-cupang-muntinlupa-city-227-n.html
"Pre-Selling 2-Bedroom Unit in Acacia Escalades A, Pasig City, 6M","Manggahan, Pasig",6000000.0,2.0,,,,14.601887,121.093698,https://www.lamudi.com.ph/pre-selling-2-bedroom-unit-in-acacia-escalades-a-pasig-city-6m.html
"2-Bedroom Unit for Sale in Metrotowne, Las Pinas City","Talon Uno, Las Pinas",6500000.0,2.0,1.0,48.0,,14.446596,120.987165,https://www.lamudi.com.ph/2-bedroom-unit-for-sale-in-metrotowne-las-pinas-city.html
"Suntrust Solana, 2-Bedroom Unit for Sale in Ermita, Manila","Ermita, Manila",4900000.0,2.0,1.0,39.0,,14.590526,120.985482,https://www.lamudi.com.ph/suntrust-solana-2-bedroom-unit-for-sale-in-ermita-manila-1.html
"1BR Condo Unit for Sale in Legacy Leisure Residences, Ma-a, Davao City | 32.75 sqm","Ma-A, Davao",3702460.0,1.0,1.0,32.0,,7.0867489,125.5840299,https://www.lamudi.com.ph/1br-condo-unit-for-sale-in-legacy-leisure-residences-ma-a-davao-city-32-75-sqm.html
"Residential Unit (111-04) for Sale in UniPlace @ SWU Village, Cebu City","Sambag II, Cebu",2810000.0,1.0,1.0,24.0,,10.3058395,123.8908567,https://www.lamudi.com.ph/residential-unit-111-04-for-sale-in-uniplace-swu-village-cebu-city.html
Pre-Selling Studio Unit in Moldex Residences Baguio - Groden Building,"Bakakeng Central, Baguio",3500000.0,1.0,1.0,22.0,,16.39936,120.581264,https://www.lamudi.com.ph/pre-selling-studio-unit-in-moldex-residences-baguio-groden-building.html
"RFO 1-Bedroom Condo Unit for Sale in Asia Enclaves, Cupang, Muntinlupa City | 216-F","Cupang, Muntinlupa",2515625.0,1.0,1.0,30.0,,14.434669,121.040194,https://www.lamudi.com.ph/rfo-1-bedroom-condo-unit-for-sale-in-asia-enclaves-cupang-muntinlupa-city-216-f.html
"3-Bedroom Unit (112 sqm) for Sale in The Signature, Balintawak Quezon City","Pag-Ibig Sa Nayon, Quezon City",14600000.0,3.0,2.0,112.0,,14.646511,120.996952,https://www.lamudi.com.ph/3-bedroom-unit-112-sqm-for-sale-in-the-signature-balintawak-quezon-city.html
"2-Bedroom Unit (70.6 sqm) for Sale in La Vida Tower A, Pasay City","F.B Harisson, Pasay",10281600.0,2.0,2.0,70.0,,14.55323,120.990226,https://www.lamudi.com.ph/2-bedroom-unit-70-6-sqm-for-sale-in-la-vida-tower-a-pasay-city.html
"1-Bedroom Condo Unit for Sale at Legacy Leisure Residences in Ma-a, Davao City | 32.7...","Ma-A, Davao",3702460.0,1.0,1.0,32.0,,7.0867489,125.5840299,https://www.lamudi.com.ph/1-bedroom-condo-unit-for-sale-at-legacy-leisure-residences-in-ma-a-davao-city-32-75-sqm.html
"Cityland One Premier, 2-Bedroom Unit for Sale in Las Pinas City","Almanza Uno, Las Pinas",5526622.0,2.0,2.0,58.0,,14.4324914,121.0140532,https://www.lamudi.com.ph/cityland-one-premier-2-bedroom-unit-for-sale-in-las-pinas-city.html
"Pre-Selling 1-Bedroom Unit (32 sqm) in Sierra Valley Gardens 1, Cainta, Rizal","San Juan, Cainta",5200000.0,1.0,1.0,32.0,,14.583362,121.130727,https://www.lamudi.com.ph/pre-selling-1-bedroom-unit-32-sqm-in-sierra-valley-gardens-1-cainta-rizal-1.html
"Studio Condo Unit for Sale at Camella Manors Bacolod in Mandalagan, Bacolod City | Pr...","Mandalagan, Bacolod",3678000.0,1.0,1.0,23.0,,10.6877926,122.9747478,https://www.lamudi.com.ph/studio-condo-unit-for-sale-at-camella-manors-bacolod-in-mandalagan-bacolod-city-pre-selling.html
"For Sale: Studio Unit in Metrotowne, Las Pinas City","Talon Uno, Las Pinas",2600000.0,1.0,1.0,22.0,,14.446596,120.987165,https://www.lamudi.com.ph/for-sale-studio-unit-in-metrotowne-las-pinas-city.html
"2-Bedroom Condo Unit for Sale in Terraces at Jubilation, Platero, New Binan, Laguna","Platero, Binan",4200000.0,2.0,1.0,40.0,,14.322713,121.0892395,https://www.lamudi.com.ph/2-bedroom-condo-unit-for-sale-in-terraces-at-jubilation-platero-new-binan-laguna.html
"The Signature - 2-Bedroom Unit (83 sq. m.) in A. Bonifacio Quezon City. Php 95,000 mo...","Pag-Ibig Sa Nayon, Quezon City",9600000.0,2.0,2.0,83.0,,14.646511,120.996952,https://www.lamudi.com.ph/the-signature-2-bedroom-unit-83-sq-m-in-a-bonifacio-quezon-city-php-95-000-monthly.html
"1BR Condo Unit (33sqm)  for Sale in Tivoli Condo, Talamban, Cebu City","Talamban, Cebu",3110000.0,1.0,1.0,33.0,,10.36171,123.911374,https://www.lamudi.com.ph/1br-condo-unit-33sqm-for-sale-in-tivoli-condo-talamban-cebu-city.html
2 Storeys Commercial Lot and Building for Sale,"San Nicolas, San Fernando",68160000.0,,,1136.0,,15.16305,120.729066,https://www.lamudi.com.ph/2-storeys-commercial-lot-and-building-for-sale-1.html
"Pre-Selling 2BR Unit (54.06 sqm) in Acacia Escalades A, Pasig City","Manggahan, Pasig",5500000.0,2.0,1.0,54.0,,14.601887,121.093698,https://www.lamudi.com.ph/pre-selling-2br-unit-54-06-sqm-in-acacia-escalades-a-pasig-city-1.html
The Sapphire Bloc Ortigas I 1 Bedroom for sale I for as low as 17k php / month,"Ortigas CBD, Pasig",8876973.0,1.0,1.0,37.0,,14.583771,121.059675,https://www.lamudi.com.ph/the-sapphire-bloc-ortigas-i-1-bedroom-for-sale-i-for-as-low-as-17k-php-month.html
"Leia Two Storey Duplex for Sale in Sentosa, Calamba Laguna","Punta, Calamba",2925600.0,3.0,,60.0,80.0,14.176345,121.122173,https://www.lamudi.com.ph/leia-two-storey-duplex-for-sale-in-sentosa-calamba-laguna.html
"1-Bedroom Condo Unit for Sale in Terraces at Jubilation, Platero, New Binan, Laguna","Platero, Binan",3000000.0,1.0,1.0,28.0,,14.322713,121.0892395,https://www.lamudi.com.ph/1-bedroom-condo-unit-for-sale-in-terraces-at-jubilation-platero-new-binan-laguna.html
Brentville International Community - Prominence II Townhomes under CCT in Laguna,"Mampalasan, Binan",18525000.0,3.0,2.0,195.0,,14.2923053,121.0810444,https://www.lamudi.com.ph/brentville-international-community-prominence-ii-townhomes-under-cct-in-laguna.html
"For Sale 3-Bedroom Single Attached House and Lot at PTC Suncrest in Imus, Cavite","Carsadang Bago I, Imus",5234791.0,3.0,,75.0,112.0,14.4234269,120.9289746,https://www.lamudi.com.ph/for-sale-3-bedroom-single-attached-house-and-lot-at-ptc-suncrest-in-imus-cavite.html
"Cityland 101 Xavierville, 1-Bedroom Deluxe for Sale in Quezon City","Loyola Heights, Quezon City",3811333.0,1.0,1.0,41.0,,14.640624,121.076504,https://www.lamudi.com.ph/cityland-101-xavierville-1-bedroom-deluxe-for-sale-in-quezon-city.html
"1BR Condo Unit for Sale in Seville Residences at Circulo Verde, Bagumbayan, Quezon Ci...","Bagumbayan, Quezon City",9353260.0,1.0,1.0,62.0,,14.605396,121.081903,https://www.lamudi.com.ph/1br-condo-unit-for-sale-in-seville-residences-at-circulo-verde-bagumbayan-quezon-city-unit-gl2d.html
"Offices at The Galleon - Prime Unit (27I) for Sale in Ortigas, Pasig","San Antonio, Pasig",32200000.0,,,93.0,,14.588716,121.060009,https://www.lamudi.com.ph/offices-at-the-galleon-prime-unit-27i-for-sale-in-ortigas-pasig.html
"Cityland 101 Xavierville, 1-Bedroom Unit for Sale in Quezon City","Loyola Heights, Quezon City",2131988.0,1.0,1.0,24.0,,14.640624,121.076504,https://www.lamudi.com.ph/cityland-101-xavierville-1-bedroom-unit-for-sale-in-quezon-city.html
"RFO Studio Unit (29.05 sqm) for Sale in Chimes Greenhills, San Juan City","Greenhills, San Juan",6200000.0,1.0,1.0,29.0,,14.600676,121.43876,https://www.lamudi.com.ph/rfo-studio-unit-29-05-sqm-for-sale-in-chimes-greenhills-san-juan-city-1.html
"2-Bedroom Unit for Sale in The Mist Residences, Bakakeng Central, Baguio City","Bakakeng Central, Baguio",4600000.0,2.0,1.0,35.0,,16.39936,120.581264,https://www.lamudi.com.ph/2-bedroom-unit-for-sale-in-the-mist-residences-bakakeng-central-baguio-city.html
"RFO 1-Bedroom Unit 4611 for Sale in Grand Riviera Suites, Roxas Boulevard Manila","Roxas Boulevard, Manila",6963000.0,1.0,1.0,31.0,,14.551476,120.9895887,https://www.lamudi.com.ph/rfo-1-bedroom-unit-4611-for-sale-in-grand-riviera-suites-roxas-boulevard-manila.html
"RFO 1-Bedroom Condo Unit for Sale in Asia Enclaves, Cupang, Muntinlupa City | 217-G","Cupang, Muntinlupa",3756900.0,1.0,1.0,40.0,,14.434669,121.040194,https://www.lamudi.com.ph/rfo-1-bedroom-condo-unit-for-sale-in-asia-enclaves-cupang-muntinlupa-city-217-g.html
"1BR Suite Condo Unit for Sale in Lucima, Cebu Business Park, Cebu City | Pre-selling","Hippodromo, Cebu",8929270.0,1.0,1.0,53.0,,10.315,123.90592845448,https://www.lamudi.com.ph/1br-suite-condo-unit-for-sale-in-lucima-cebu-business-park-cebu-city-pre-selling.html
"4-Bedroom House for Sale at Camella Monticello in San Jose del Monte, Bulacan | Dani,...","Sapang Palay, San Jose del Monte",5969000.0,4.0,,83.0,99.0,14.8450503,121.0612785,https://www.lamudi.com.ph/4-bedroom-house-for-sale-at-camella-monticello-in-san-jose-del-monte-bulacan-dani-nrfo.html
"RFO 2-Bedroom Condo Unit for Sale in Asia Enclaves, Cupang, Muntinlupa City | 313-C","Cupang, Muntinlupa",5071500.0,2.0,1.0,54.0,,14.434669,121.040194,https://www.lamudi.com.ph/rfo-2-bedroom-condo-unit-for-sale-in-asia-enclaves-cupang-muntinlupa-city-313-c.html
"For Sale: Single Attached-Complete House and Lot in North Orchard Residences, Sta. Ma...","Caysio, Santa Maria",4297800.0,3.0,,112.0,80.0,14.843912,120.968376,https://www.lamudi.com.ph/for-sale-single-attached-complete-house-and-lot-in-north-orchard-residences-sta-maria-bulacan.html
"3-Bedroom House and Lot (Luciana Model) for Sale in Suntrust Verona, Silang, Cavite","Lumil, Silang",9434000.0,3.0,,174.0,176.0,14.183344,121.012375,https://www.lamudi.com.ph/3-bedroom-house-and-lot-luciana-model-for-sale-in-suntrust-verona-silang-cavite.html
"Commercial Lot in Tagkawayan, Quezon",Tagkawayan,87900000.0,,,,1050174.0,14.1218646,122.4994517,https://www.lamudi.com.ph/commercial-lot-in-tagkawayan-quezon-1.html
"RFO 2BR  Unit (69.79 sqm) for Sale in Chimes Greenhills, San Juan City","Greenhills, San Juan",8800000.0,2.0,2.0,69.0,,14.600676,121.43876,https://www.lamudi.com.ph/rfo-2br-unit-69-79-sqm-for-sale-in-chimes-greenhills-san-juan-city-1.html
"Cityland One Taft Residences, 2-Bedroom Unit for Sale in Malate, Manila","Malate, Manila",6623819.0,2.0,2.0,56.0,,14.570199,120.991585,https://www.lamudi.com.ph/cityland-one-taft-residences-2-bedroom-unit-for-sale-in-malate-manila.html
"Studio (3317) for Sale in Maple at Verdant Towers, Ortigas, Pasig City","Ugong, Pasig",8788000.0,1.0,,35.0,,14.588882,121.079016,https://www.lamudi.com.ph/studio-3317-for-sale-in-maple-at-verdant-towers-ortigas-pasig-city.html
"2BR Bi-Level Condo Unit for Sale in West Parc - Alder Building, Filinvest City, Alaba...","Alabang, Muntinlupa",10000000.0,2.0,2.0,74.0,,14.4179774,121.037608,https://www.lamudi.com.ph/2br-bi-level-condo-unit-for-sale-in-west-parc-alder-building-filinvest-city-alabang-muntinlupa-74sqm.html
"2-Bedroom Unit for Sale in One Lakeshore Drive, San Antonio, Davao - Tower 4","San Antonio, Davao",10760000.0,2.0,2.0,76.0,,7.095857,125.630475,https://www.lamudi.com.ph/2-bedroom-unit-for-sale-in-one-lakeshore-drive-san-antonio-davao-tower-4.html
"3BR House and Lot (Mariella Standard) for Sale in Suntrust Verona, Silang, Cavite","Lumil, Silang",4460000.0,3.0,,63.0,88.0,14.183344,121.012375,https://www.lamudi.com.ph/3br-house-and-lot-mariella-standard-for-sale-in-suntrust-verona-silang-cavite.html
"Beach Lot for Sale in Seafront Residences, San Juan, Batangas - with Special Offer","Calubcub II, San Juan",5700000.0,,,,295.0,,121.428,https://www.lamudi.com.ph/beach-lot-for-sale-in-seafront-residences-san-juan-batangas-with-special-offer.html
"Cityland One Taft Residences, 1-Bedroom Unit for Sale in Malate, Manila","Malate, Manila",3020930.0,1.0,1.0,29.0,,14.570199,120.991585,https://www.lamudi.com.ph/cityland-one-taft-residences-1-bedroom-unit-for-sale-in-malate-manila.html
"Charlize Single Attached House for Sale in West Beverly Hills, Dasmarinas Cavite","Langkaan I, Dasmarinas",4378246.0,3.0,,119.0,104.0,14.285456,120.950177,https://www.lamudi.com.ph/charlize-single-attached-house-for-sale-in-west-beverly-hills-dasmarinas-cavite.html
"Cityland Pioneer Heights 1, Studio Unit (18.82 sqm) for Sale in Mandaluyong City","Highway Hills, Mandaluyong",1962165.0,1.0,1.0,18.0,,14.578255,121.052143,https://www.lamudi.com.ph/cityland-pioneer-heights-1-studio-unit-18-82-sqm-for-sale-in-mandaluyong-city.html
"RFO 2BR  Unit (69.79 sqm) for Sale in Chimes Greenhills, San Juan City","Greenhills, San Juan",8800000.0,2.0,2.0,69.0,,14.600676,121.43876,https://www.lamudi.com.ph/rfo-2br-unit-69-79-sqm-for-sale-in-chimes-greenhills-san-juan-city-1.html
"3-Bedroom Townhouse for Sale at Lancaster New City in Imus, Cavite -THEA Model","Alapan II-A, Imus",2395000.0,3.0,,60.0,50.0,14.4084872,120.9062254,https://www.lamudi.com.ph/3-bedroom-townhouse-for-sale-at-lancaster-new-city-in-imus-cavite-thea-model.html
"Studio (3317) for Sale in Maple at Verdant Towers, Ortigas, Pasig City","Ugong, Pasig",8788000.0,1.0,,35.0,,14.588882,121.079016,https://www.lamudi.com.ph/studio-3317-for-sale-in-maple-at-verdant-towers-ortigas-pasig-city.html
"2BR Bi-Level Condo Unit for Sale in West Parc - Alder Building, Filinvest City, Alaba...","Alabang, Muntinlupa",10000000.0,2.0,2.0,74.0,,14.4179774,121.037608,https://www.lamudi.com.ph/2br-bi-level-condo-unit-for-sale-in-west-parc-alder-building-filinvest-city-alabang-muntinlupa-74sqm.html
"Cityland One Taft Residences, 2-Bedroom Unit for Sale in Malate, Manila","Malate, Manila",6623819.0,2.0,2.0,56.0,,14.570199,120.991585,https://www.lamudi.com.ph/cityland-one-taft-residences-2-bedroom-unit-for-sale-in-malate-manila.html
"2-Bedroom Condo Unit (7H) for Sale in One Sierra, EDSA, Mandaluyong City, Metro Manil...","Highway Hills, Mandaluyong",15982506.0,2.0,2.0,84.0,,14.578255,121.052143,https://www.lamudi.com.ph/2-bedroom-condo-unit-7h-for-sale-in-one-sierra-edsa-mandaluyong-city-metro-manila.html
"La Vida Tower B, 3-Bedroom Unit (120.15 sqm) for Sale in Pasay City","F.B Harisson, Pasay",15803200.0,3.0,2.0,120.0,,14.55323,120.990226,https://www.lamudi.com.ph/la-vida-tower-b-3-bedroom-unit-120-15-sqm-for-sale-in-pasay-city.html
"The Glaston Tower - Office Unit, Glass Suite (27A) for Sale in Ortigas East, Pasig Ci...","Ugong, Pasig",39127000.0,,,141.0,,14.587964,121.079045,https://www.lamudi.com.ph/the-glaston-tower-office-unit-glass-suite-27a-for-sale-in-ortigas-east-pasig-city.html
"Single Attached-Complete House and Lot for Sale in North Orchard Residences, Sta. Mar...","Caysio, Santa Maria",4297800.0,3.0,,112.0,80.0,14.843912,120.968376,https://www.lamudi.com.ph/single-attached-complete-house-and-lot-for-sale-in-north-orchard-residences-sta-maria-bulacan.html
Studio Unit for Sale in AMA Tower Residences Wack-Wack Greenhills Mandaluyong|5K,"Wack-Wack Greenhills, Mandaluyong",4746044.0,1.0,1.0,20.0,,14.592173,121.053333,https://www.lamudi.com.ph/studio-unit-for-sale-in-ama-tower-residences-wack-wack-greenhills-mandaluyong-5k.html
5-Bedroom Single Detached House and Lot for Sale in Ajoya Pampanga (Mexico) - with Sp...,"Eden, Mexico",5200000.0,5.0,,107.0,141.0,15.125835,120.680386,https://www.lamudi.com.ph/5-bedroom-single-detached-house-and-lot-for-sale-in-ajoya-pampanga-mexico-with-special-offer.html
"4BR Single Detached House and Lot for Sale in The Villages at Lipa, Sierra Village, B...","Bugtong Na Pulo, Lipa",6500000.0,4.0,,119.0,150.0,14.0042716,121.1705877,https://www.lamudi.com.ph/4br-single-detached-house-and-lot-for-sale-in-the-villages-at-lipa-sierra-village-batangas-with-special-offer.html
"RFO 2-Bedroom Condo Unit for Sale in Asia Enclaves, Cupang, Muntinlupa City | 312-C","Cupang, Muntinlupa",5071500.0,2.0,1.0,54.0,,14.434669,121.040194,https://www.lamudi.com.ph/rfo-2-bedroom-condo-unit-for-sale-in-asia-enclaves-cupang-muntinlupa-city-312-c.html
"Cityland One Premier, 1-Bedroom Unit for Sale in Las Pinas City","Almanza Uno, Las Pinas",2881668.0,1.0,1.0,28.0,,14.4324914,121.0140532,https://www.lamudi.com.ph/cityland-one-premier-1-bedroom-unit-for-sale-in-las-pinas-city-1.html
"2-Storey 3-Bedroom Townhome End Unit for Sale in Estanzia Enclave, Tanza, Cavite","Halayhay, Tanza",3200000.0,3.0,,55.0,80.0,14.35989,120.822985,https://www.lamudi.com.ph/2-storey-3-bedroom-townhome-end-unit-for-sale-in-estanzia-enclave-tanza-cavite.html
"3BR House and Lot for Sale in Las Brisas at Tierra del Sol, Tanza, Cavite","Tanauan, Tanza",3587010.0,3.0,,112.0,72.0,14.292781,120.828878,https://www.lamudi.com.ph/3br-house-and-lot-for-sale-in-las-brisas-at-tierra-del-sol-tanza-cavite-1.html
"Pre-Selling 1-Bedroom Unit in SYNC - S Tower, Pasig, Metro Manila","Bagong Ilog, Pasig",6100000.0,1.0,1.0,32.0,,14.565391,121.06934,https://www.lamudi.com.ph/pre-selling-1-bedroom-unit-in-sync-s-tower-pasig-metro-manila.html
"2 bedroom Condominium for Sale in Suntrust Capitol Plaza, Diliman, Quezon City","Diliman, Quezon City",10000000.0,2.0,2.0,68.0,,14.644874,121.050593,https://www.lamudi.com.ph/2-bedroom-condominium-for-sale-in-suntrust-capitol-plaza-diliman-quezon-city-1.html
"Furnished 3BR Unit (70 sqm) for Sale in Tivoli Condo, Talamban, Cebu City","Talamban, Cebu",7500000.0,3.0,2.0,70.0,,10.36171,123.911374,https://www.lamudi.com.ph/furnished-3br-unit-70-sqm-for-sale-in-tivoli-condo-talamban-cebu-city.html
"2-Bedroom Unit (28H) - Residences at The Galleon (Pre-selling) in Ortigas CBD, Pasig","San Antonio, Pasig",42162000.0,2.0,2.0,114.0,,14.588377,121.059897,https://www.lamudi.com.ph/2-bedroom-unit-28h-residences-at-the-galleon-pre-selling-in-ortigas-cbd-pasig.html
"House and Lot with 5 bedroom for Sale in Verona, Lumil, Silang-Amadea","Lumil, Silang",9268000.0,5.0,,179.0,176.0,14.183344,121.012375,https://www.lamudi.com.ph/house-and-lot-with-5-bedroom-for-sale-in-verona-lumil-silang-amadea.html
"Pre-Selling Studio Unit in SYNC - S Tower, Pasig, Metro Manila, 5.3M","Bagong Ilog, Pasig",5300000.0,1.0,1.0,,,14.565391,121.06934,https://www.lamudi.com.ph/pre-selling-studio-unit-in-sync-s-tower-pasig-metro-manila-5-3m.html
"4-Bedroom Townhouse for Sale at Lancaster New City in General Trias, Cavite -ADELLE M...","Pasong Camachile I, General Trias",2671400.0,4.0,,70.0,60.0,14.37318,120.896613,https://www.lamudi.com.ph/4-bedroom-townhouse-for-sale-at-lancaster-new-city-in-general-trias-cavite-adelle-model.html
"Cityland One Taft Residences - Studio Unit for Sale in Malate, Manila","Malate, Manila",2226263.0,1.0,1.0,19.0,,14.570199,120.991585,https://www.lamudi.com.ph/cityland-one-taft-residences-studio-unit-for-sale-in-malate-manila.html
"4BR House and Lot (Serena Model) for Sale in San Francisco Heights, Calamba, Laguna","Palo-Alto, Calamba",5400000.0,4.0,,83.0,110.0,14.188482,121.109967,https://www.lamudi.com.ph/4br-house-and-lot-serena-model-for-sale-in-san-francisco-heights-calamba-laguna.html
"2BR Duplex House and Lot (Aya Model) for Sale in Suntrust Sentosa, Calamba, Laguna","Punta, Calamba",1817900.0,2.0,,52.0,80.0,14.176345,121.122173,https://www.lamudi.com.ph/2br-duplex-house-and-lot-aya-model-for-sale-in-suntrust-sentosa-calamba-laguna.html
"Catherine Single Attached House for Sale, West Beverly Hills, Dasmarinas, Cavite","Langkaan I, Dasmarinas",4300000.0,3.0,,121.0,98.0,14.285456,120.950177,https://www.lamudi.com.ph/catherine-single-attached-house-for-sale-west-beverly-hills-dasmarinas-cavite.html
"Condominium with 2 bedroom for Sale in One Lakeshore Drive, San Antonio, Davao","San Antonio, Davao",10760000.0,2.0,2.0,76.0,,7.095857,125.630475,https://www.lamudi.com.ph/condominium-with-2-bedroom-for-sale-in-one-lakeshore-drive-san-antonio-davao-1.html
"RFO 3BR 3-Storey Townhouse for Sale in Likha Residences, Cupang, Muntinlupa | Typical...","Cupang, Muntinlupa",28564000.0,3.0,,237.0,124.0,14.434669,121.040194,https://www.lamudi.com.ph/rfo-3br-3-storey-townhouse-for-sale-in-likha-residences-cupang-muntinlupa-typical-unit-with-extra-lot.html
"ROSE (Bare 2-Storey Inner Unit) - Marytown Place, Sta. Maria Bulacan, 1.16M","Bulac, Santa Maria",1160000.0,1.0,,46.0,36.0,14.83466,121.33919,https://www.lamudi.com.ph/rose-bare-2-storey-inner-unit-marytown-place-sta-maria-bulacan-1-16m.html
"2-Bedroom Condo Unit for Sale at The Sofia Terraces in Quezon Hills, Baguio City","Quezon Hill Proper, Baguio",5940000.0,2.0,1.0,45.0,,16.4145653,120.5814088,https://www.lamudi.com.ph/2-bedroom-condo-unit-for-sale-at-the-sofia-terraces-in-quezon-hills-baguio-city.html
"Studio (4012) for Sale in Maple at Verdant Towers, Ortigas, Pasig City","Ugong, Pasig",8408000.0,1.0,,35.0,,14.588882,121.079016,https://www.lamudi.com.ph/studio-4012-for-sale-in-maple-at-verdant-towers-ortigas-pasig-city.html
"2-Storey 3-Bedroom Twinhome (Duplex) for Sale in Estanzia Enclave, Tanza, Cavite","Halayhay, Tanza",3700000.0,3.0,,55.0,80.0,14.35989,120.822985,https://www.lamudi.com.ph/2-storey-3-bedroom-twinhome-duplex-for-sale-in-estanzia-enclave-tanza-cavite.html
"1-Bedroom Unit (56H) for Sale in Empress at Capitol Commons, Pasig City","Oranbo, Pasig",24461000.0,1.0,1.0,70.0,,14.575822,121.064324,https://www.lamudi.com.ph/1-bedroom-unit-56h-for-sale-in-empress-at-capitol-commons-pasig-city.html
"House and Lot with 3 bedroom for Sale in Verona, Lumil, Silang-Fiorenza Standard","Lumil, Silang",5941000.0,3.0,,112.0,120.0,14.183344,121.012375,https://www.lamudi.com.ph/house-and-lot-with-3-bedroom-for-sale-in-verona-lumil-silang-fiorenza-standard.html
"Residential Unit (110-11) for Sale in UniPlace @ SWU Village, Cebu City","Sambag II, Cebu",2810000.0,1.0,1.0,24.0,,10.3058395,123.8908567,https://www.lamudi.com.ph/residential-unit-110-11-for-sale-in-uniplace-swu-village-cebu-city.html
"Viridian in Greenhills, 2-Bedroom Unit (46H) for Sale in San Juan City","Greenhills, San Juan",37060000.0,2.0,3.0,141.0,,14.600676,121.43876,https://www.lamudi.com.ph/viridian-in-greenhills-2-bedroom-unit-46h-for-sale-in-san-juan-city.html
"Studio Unit (31.5 sqm) for Sale in La Vida Tower A, Pasay City","F.B Harisson, Pasay",4547200.0,1.0,1.0,31.0,,14.55323,120.990226,https://www.lamudi.com.ph/studio-unit-31-5-sqm-for-sale-in-la-vida-tower-a-pasay-city.html
"2-Storey 4BR House and Lot (Elyza Model) for Sale in Governor's Hills, General Trias,...","Biclatan, General Trias",8795130.0,4.0,,206.0,231.0,14.2814,120.918211,https://www.lamudi.com.ph/2-storey-4br-house-and-lot-elyza-model-for-sale-in-governors-hills-general-trias-cavite.html
"Fully-finished 2-Bedroom Condo Unit for Sale in Terraces at Tradizo, Imus Cavite","Anabu II-A, Imus",4200000.0,2.0,1.0,40.0,,14.3841135,120.9356405,https://www.lamudi.com.ph/fully-finished-2-bedroom-condo-unit-for-sale-in-terraces-at-tradizo-imus-cavite.html
1-Storey Single Attached House and Lot (ANANDA) for Sale in Amoa Compostela Cebu - wi...,"Tamiao, Compostela",4300000.0,2.0,,46.0,120.0,10.44226,123.994411,https://www.lamudi.com.ph/1-storey-single-attached-house-and-lot-ananda-for-sale-in-amoa-compostela-cebu-with-special-offer.html
"Shanata Two Storey SD for Sale in Sentosa, Calamba Laguna","Punta, Calamba",8557360.0,4.0,,171.0,176.0,14.176345,121.122173,https://www.lamudi.com.ph/shanata-two-storey-sd-for-sale-in-sentosa-calamba-laguna.html
"Residential Unit (107-04) for Sale in UniPlace @ SWU Village, Cebu City","Sambag II, Cebu",2810000.0,1.0,1.0,24.0,,10.3058395,123.8908567,https://www.lamudi.com.ph/residential-unit-107-04-for-sale-in-uniplace-swu-village-cebu-city.html
"RFO 4BR Unit for Sale in Green Valley Garden Villas, Baguio, Benguet","Santo Tomas Proper, Baguio",8000000.0,4.0,3.0,95.0,,16.384875,120.586268,https://www.lamudi.com.ph/rfo-4br-unit-for-sale-in-green-valley-garden-villas-baguio-benguet.html
"Studio (3302) for Sale in Maple at Verdant Towers, Ortigas, Pasig City","Ugong, Pasig",8915000.0,1.0,,35.0,,14.588882,121.079016,https://www.lamudi.com.ph/studio-3302-for-sale-in-maple-at-verdant-towers-ortigas-pasig-city.html
"RFO 2BR  Unit (73.26 sqm) for Sale in Chimes Greenhills, San Juan City","Greenhills, San Juan",13100000.0,2.0,2.0,73.0,,14.600676,121.43876,https://www.lamudi.com.ph/rfo-2br-unit-73-26-sqm-for-sale-in-chimes-greenhills-san-juan-city-1.html
"2-Bedroom Unit (35H) - Residences at The Galleon (Pre-selling) in Ortigas CBD, Pasig","San Antonio, Pasig",42383000.0,2.0,2.0,114.0,,14.588377,121.059897,https://www.lamudi.com.ph/2-bedroom-unit-35h-residences-at-the-galleon-pre-selling-in-ortigas-cbd-pasig.html
"Pre-Selling Studio Unit in Acacia Escalades A, Pasig City","Manggahan, Pasig",3300000.0,1.0,1.0,,,14.601887,121.093698,https://www.lamudi.com.ph/pre-selling-studio-unit-in-acacia-escalades-a-pasig-city.html
For Sale Mandani 3 BR Condo with Sea View w Parking,"Tipolo, Mandaue",21000000.0,3.0,3.0,107.0,,10.3299464,123.9275793,https://www.lamudi.com.ph/for-sale-mandani-3-br-condo-with-sea-view-w-parking.html
"Magnolia 2-Bedroom Townhouse for Sale in Primavera Homes Phase 2, Tanauan, Batangas","Darasa, Tanauan",1995000.0,2.0,,50.0,60.0,14.0661817,121.1567437,https://www.lamudi.com.ph/magnolia-2-bedroom-townhouse-for-sale-in-primavera-homes-phase-2-tanauan-batangas.html
"RFO Studio Unit for Sale in Grand Riviera Suites, Roxas Boulevard, Manila","Roxas Boulevard, Manila",4049000.0,1.0,1.0,19.0,,14.551476,120.9895887,https://www.lamudi.com.ph/rfo-studio-unit-for-sale-in-grand-riviera-suites-roxas-boulevard-manila.html
"2BR Triplex House (Katrina Townhomes) for Sale in Governor's Hills, General Trias, Ca...","Biclatan, General Trias",2581630.0,2.0,,88.0,74.0,14.2814,120.918211,https://www.lamudi.com.ph/2br-triplex-house-katrina-townhomes-for-sale-in-governors-hills-general-trias-cavite.html
"1-Bedroom Unit (56.75 sqm) for Sale in La Vida Tower B, Pasay City","F.B Harisson, Pasay",7324800.0,1.0,1.0,56.0,,14.55323,120.990226,https://www.lamudi.com.ph/1-bedroom-unit-56-75-sqm-for-sale-in-la-vida-tower-b-pasay-city.html
"1BR Condo Unit w/ Balcony for Sale in AMA Tower Residences, Mandaluyong City |5N","Wack-Wack Greenhills, Mandaluyong",8098491.0,1.0,1.0,34.0,,14.592173,121.053333,https://www.lamudi.com.ph/1br-condo-unit-w-balcony-for-sale-in-ama-tower-residences-mandaluyong-city-5n.html
Metro Tagaytay - Lotus Twins 2BR Duplex Bungalow House and Lot for Sale in Montebello...,"Kaytitinga III, Alfonso",5400000.0,2.0,,72.0,,14.0971303,120.8354138,https://www.lamudi.com.ph/metro-tagaytay-lotus-twins-2br-duplex-bungalow-house-and-lot-for-sale-in-montebello-alfonso-cavite.html
"2-Bedroom Unit (67.7 sqm) for Sale in City Clou, Cebu City","Zapatera, Cebu",8983740.0,2.0,1.0,67.0,,10.305725,123.904993,https://www.lamudi.com.ph/2-bedroom-unit-67-7-sqm-for-sale-in-city-clou-cebu-city.html
"1BR Condo Unit for Sale in AMA Tower Residences, Wack-Wack Mandaluyong City | 5C","Wack-Wack Greenhills, Mandaluyong",10705260.0,1.0,1.0,45.0,,14.592173,121.053333,https://www.lamudi.com.ph/1br-condo-unit-for-sale-in-ama-tower-residences-wack-wack-mandaluyong-city-5c.html
"For Sale 3 Bedroom Unit in Suntrust Ascentia at Santa Ana, Manila","Santa Ana, Manila",9516936.0,3.0,2.0,57.0,,14.5822048,121.0135541,https://www.lamudi.com.ph/for-sale-3-bedroom-unit-in-suntrust-ascentia-at-santa-ana-manila.html
"Pre-Selling Studio Unit, The Sapphire Bloc East Tower, Ortigas CBD Pasig, 6.33M","Ortigas CBD, Pasig",6330000.0,1.0,1.0,,,14.587518,121.062753,https://www.lamudi.com.ph/pre-selling-studio-unit-the-sapphire-bloc-east-tower-ortigas-cbd-pasig-6-33m.html
"Pre-Selling 1-Bedroom Executive Unit (54.50 sqm), The Radiance Manila Bay South","Pasay Rotonda, Pasay",12100000.0,1.0,,54.0,,,120.989,https://www.lamudi.com.ph/pre-selling-1-bedroom-executive-unit-54-50-sqm-the-radiance-manila-bay-south-1.html
"3-Bedroom Unit (N11E) for Sale in Maven at Capitol Commons, Pasig City","Ortigas CBD, Pasig",24721800.0,3.0,2.0,102.0,,14.583771,121.059675,https://www.lamudi.com.ph/3-bedroom-unit-n11e-for-sale-in-maven-at-capitol-commons-pasig-city.html
"Pre-Selling 1-Bedroom Unit (33 sqm) in Sierra Valley Gardens 2, Cainta, Rizal","San Juan, Cainta",5600000.0,1.0,1.0,33.0,,14.583362,121.130727,https://www.lamudi.com.ph/pre-selling-1-bedroom-unit-33-sqm-in-sierra-valley-gardens-2-cainta-rizal-1.html
"1-Bedroom Unit (N18E2) for Sale in Maven at Capitol Commons, Pasig City","Ortigas CBD, Pasig",10976000.0,1.0,1.0,51.0,,14.583771,121.059675,https://www.lamudi.com.ph/1-bedroom-unit-n18e2-for-sale-in-maven-at-capitol-commons-pasig-city.html
"Studio Unit for Sale at Woodsville Crest, Merville Paranaque | 5% Launch Promo","Merville, Paranaque",4700000.0,1.0,1.0,23.0,,14.499387,121.025633,https://www.lamudi.com.ph/studio-unit-for-sale-at-woodsville-crest-merville-paranaque-5-launch-promo.html
"1BR Quadruplex House and Lot (Legato Model) for Sale in Gran Avila, Calamba, Laguna","Majada Labas, Calamba",1366658.0,1.0,,25.0,58.0,14.196755,121.104962,https://www.lamudi.com.ph/1br-quadruplex-house-and-lot-legato-model-for-sale-in-gran-avila-calamba-laguna.html
"3-Bedroom Single Detached House and Lot for Sale in The Emerald Residences, Bagakay, ...","Bagakay, Ozamiz",3666200.0,3.0,,80.0,100.0,8.14369,123.813471,https://www.lamudi.com.ph/3-bedroom-single-detached-house-and-lot-for-sale-in-the-emerald-residences-bagakay-ozamiz-city-piedra-verde-peridot-model.html
Arezzo Place Davao - Studio Unit for Sale in Davao,"Sasa, Davao",2950000.0,1.0,1.0,30.0,,7.128006,125.648968,https://www.lamudi.com.ph/arezzo-place-davao-studio-unit-for-sale-in-davao.html
"3BR Townhome Inner Unit for Sale - Penthouse at Jubilation Enclave North, New Binan, ...","Santo Nino, Binan",4800000.0,3.0,,90.0,60.0,14.3268282,121.0857856,https://www.lamudi.com.ph/3br-townhome-inner-unit-for-sale-penthouse-at-jubilation-enclave-north-new-binan-laguna.html
"2-Bedroom Unit (4101) for Sale in Maple at Verdant Towers, Ortigas, Pasig City","Ugong, Pasig",30868000.0,2.0,1.0,89.0,,14.588882,121.079016,https://www.lamudi.com.ph/2-bedroom-unit-4101-for-sale-in-maple-at-verdant-towers-ortigas-pasig-city.html
"4-Bedroom House and Lot for Sale at Lancaster New City in Kawit, Cavite -BRIANA Model","San Sebastian, Kawit",6756360.0,4.0,,110.0,100.0,14.4185112,120.898962,https://www.lamudi.com.ph/4-bedroom-house-and-lot-for-sale-at-lancaster-new-city-in-kawit-cavite-briana-model.html
"2-Bedroom Unit for Sale in Suntrust Asmara Tower 2, New Manila, Quezon City","New Manila, Quezon City",6785600.0,2.0,1.0,39.0,,14.621176,121.022808,https://www.lamudi.com.ph/2-bedroom-unit-for-sale-in-suntrust-asmara-tower-2-new-manila-quezon-city.html
"1-Bedroom Beach Condo for Sale in Seafront Residences (Seafront Villas), San Juan, Ba...","Calubcub II, San Juan",7500000.0,1.0,1.0,45.0,,13.740708,121.428014,https://www.lamudi.com.ph/1-bedroom-beach-condo-for-sale-in-seafront-residences-seafront-villas-san-juan-batangas-with-special-offer.html
"2-Bedroom Condo Unit with Balcony for Sale at Legacy Leisure Residences in Ma-a, Dava...","Ma-A, Davao",8535732.0,2.0,2.0,76.0,,7.0867489,125.5840299,https://www.lamudi.com.ph/2-bedroom-condo-unit-with-balcony-for-sale-at-legacy-leisure-residences-in-ma-a-davao-city-76-35-sqm.html
"Studio Unit (37.80 sqm) for Sale in La Vida Tower A, Pasay City","F.B Harisson, Pasay",5857600.0,1.0,1.0,37.0,,14.55323,120.990226,https://www.lamudi.com.ph/studio-unit-37-80-sqm-for-sale-in-la-vida-tower-a-pasay-city.html
"2-Bedroom Unit (39H) - Residences at The Galleon (Pre-selling) in Ortigas CBD, Pasig","San Antonio, Pasig",45668000.0,2.0,2.0,114.0,,14.588377,121.059897,https://www.lamudi.com.ph/2-bedroom-unit-39h-residences-at-the-galleon-pre-selling-in-ortigas-cbd-pasig.html
"RFO 1BR  Unit (37 sqm) for Sale in Chimes Greenhills, San Juan City","Greenhills, San Juan",7000000.0,1.0,1.0,37.0,,14.600676,121.43876,https://www.lamudi.com.ph/rfo-1br-unit-37-sqm-for-sale-in-chimes-greenhills-san-juan-city-1.html
"1-Bedroom Unit (S24D2) for Sale in Maven at Capitol Commons, Pasig City","Ortigas CBD, Pasig",11300800.0,1.0,1.0,52.0,,14.583771,121.059675,https://www.lamudi.com.ph/1-bedroom-unit-s24d2-for-sale-in-maven-at-capitol-commons-pasig-city.html
"Penthouse Unit (54E) - Residences at The Galleon (Pre-selling) in Ortigas CBD, Pasig","San Antonio, Pasig",100000000.0,4.0,4.0,409.0,,14.588377,121.059897,https://www.lamudi.com.ph/penthouse-unit-54e-residences-at-the-galleon-pre-selling-in-ortigas-cbd-pasig.html
"Residential Unit (110-02) for Sale in UniPlace @ SWU Village, Cebu City","Sambag II, Cebu",2810000.0,1.0,1.0,24.0,,10.3058395,123.8908567,https://www.lamudi.com.ph/residential-unit-110-02-for-sale-in-uniplace-swu-village-cebu-city.html
"Pre-Selling 2-Bedroom  (75 sqm) in Galleria Residences 3, Cebu City","North Reclamation Area, Cebu",13007400.0,2.0,,75.0,,10.3084189,123.9157609,https://www.lamudi.com.ph/pre-selling-2-bedroom-75-sqm-in-galleria-residences-3-cebu-city-3.html
"1-Bedroom Condo Unit for Sale at Legacy Leisure Residences in Ma-a, Davao City | 35.7...","Ma-A, Davao",4206258.0,1.0,1.0,35.0,,7.0867489,125.5840299,https://www.lamudi.com.ph/1-bedroom-condo-unit-for-sale-at-legacy-leisure-residences-in-ma-a-davao-city-35-75-sqm.html
"Natalie Single Detached House for Sale in West Beverly Hills, Dasmarinas, Cavite","Langkaan I, Dasmarinas",5493461.0,3.0,,123.0,140.0,14.285456,120.950177,https://www.lamudi.com.ph/natalie-single-detached-house-for-sale-in-west-beverly-hills-dasmarinas-cavite.html
"Aeon Duplex Bungalow SD for Sale in Sentosa, Calamba Laguna","Punta, Calamba",3124880.0,2.0,,71.0,120.0,14.182,121.12621179622,https://www.lamudi.com.ph/aeon-duplex-bungalow-sd-for-sale-in-sentosa-calamba-laguna.html
"2-Bedroom Condo Unit with Balcony for Sale at Legacy Leisure Residences in Ma-a, Dava...","Ma-A, Davao",8645982.0,2.0,2.0,77.0,,7.0867489,125.5840299,https://www.lamudi.com.ph/2-bedroom-condo-unit-with-balcony-for-sale-at-legacy-leisure-residences-in-ma-a-davao-city-77-2-sqm.html
"RFO Studio Unit (21.20 sqm) for Sale in Chimes Greenhills, San Juan City","Greenhills, San Juan",3900000.0,1.0,1.0,21.0,,14.600676,121.43876,https://www.lamudi.com.ph/rfo-studio-unit-21-20-sqm-for-sale-in-chimes-greenhills-san-juan-city-1.html
"Viridian in Greenhills, 2-Bedroom Unit (51H) for Sale in San Juan City","Greenhills, San Juan",37940000.0,2.0,3.0,141.0,,14.600676,121.43876,https://www.lamudi.com.ph/viridian-in-greenhills-2-bedroom-unit-51h-for-sale-in-san-juan-city.html
"3-Bedroom Townhouse for Sale at Lancaster New City in Kawit, Cavite -ALICE Model","San Sebastian, Kawit",1880600.0,3.0,,40.0,40.0,14.4185112,120.898962,https://www.lamudi.com.ph/3-bedroom-townhouse-for-sale-at-lancaster-new-city-in-kawit-cavite-alice-model.html
"Studio Condo Unit (16E) for Sale in One Sierra, EDSA, Mandaluyong City, Metro Manila","Highway Hills, Mandaluyong",8018070.0,1.0,1.0,33.0,,14.578255,121.052143,https://www.lamudi.com.ph/studio-condo-unit-16e-for-sale-in-one-sierra-edsa-mandaluyong-city-metro-manila.html
"2-Storey Townhouse (AMITA - Mid) for Sale in Amoa, Compostela, Cebu - with Special Of...","Tamiao, Compostela",4200000.0,2.0,,53.0,50.0,10.44226,123.994411,https://www.lamudi.com.ph/2-storey-townhouse-amita-mid-for-sale-in-amoa-compostela-cebu-with-special-offer.html
"2-Storey Townhouse Inner Crescent Mid Unit for Sale in Pristina North Residences, Tal...","Talamban, Cebu",14700000.0,3.0,,115.0,150.0,10.36171,123.911374,https://www.lamudi.com.ph/2-storey-townhouse-inner-crescent-mid-unit-for-sale-in-pristina-north-residences-talamban-cebu-with-special-offer.html
"Lot Only for Sale in Pristina North Residences, Talamban, Cebu - with Special Offer","Talamban, Cebu",19200000.0,,,,419.0,10.36171,123.911374,https://www.lamudi.com.ph/lot-only-for-sale-in-pristina-north-residences-talamban-cebu-with-special-offer.html
"For Sale 3BR Single Attached House and Lot at PTC Suncrest in Imus, Cavite","Carsadang Bago I, Imus",5234791.0,3.0,,75.0,112.0,14.4234269,120.9289746,https://www.lamudi.com.ph/for-sale-3br-single-attached-house-and-lot-at-ptc-suncrest-in-imus-cavite.html
"Townhouse End Unit for Sale in Ajoya Capas, Tarlac - with Special Offer","Talaga, Capas",2500000.0,,,49.0,86.0,15.38115,120.590541,https://www.lamudi.com.ph/townhouse-end-unit-for-sale-in-ajoya-capas-tarlac-with-special-offer.html
The Gentri Heights: Haila 2-Storey House for Sale in General Trias Cavite,"Manggahan, General Trias",5548360.0,4.0,,107.0,120.0,14.296605,120.904361,https://www.lamudi.com.ph/the-gentri-heights-haila-2-storey-house-for-sale-in-general-trias-cavite.html
"Townhouse Mid Unit for Sale in Ajoya Capas, Tarlac - with Special Offer","Talaga, Capas",2100000.0,,,49.0,50.0,15.38115,120.590541,https://www.lamudi.com.ph/townhouse-mid-unit-for-sale-in-ajoya-capas-tarlac-with-special-offer.html
"Studio Unit (27 sqm) for Sale in City Clou, Cebu City","Zapatera, Cebu",3199000.0,1.0,1.0,27.0,,10.305725,123.904993,https://www.lamudi.com.ph/studio-unit-27-sqm-for-sale-in-city-clou-cebu-city.html
Cityland 101 Xavierville - Studio Unit for Sale in Quezon City,"Loyola Heights, Quezon City",1916509.0,1.0,1.0,17.0,,14.640624,121.076504,https://www.lamudi.com.ph/cityland-101-xavierville-studio-unit-for-sale-in-quezon-city.html
"2-Storey 3-Bedroom Townhome Inner Unit for Sale - Estanzia Enclave, Tanza Cavite","Halayhay, Tanza",3000000.0,3.0,,55.0,50.0,14.35989,120.822985,https://www.lamudi.com.ph/2-storey-3-bedroom-townhome-inner-unit-for-sale-estanzia-enclave-tanza-cavite.html
"Cityland Pines Peak Tower II, 3-Bedroom Unit for Sale in Mandaluyong","Barangka Ilaya, Mandaluyong",7852870.0,3.0,2.0,74.0,,14.571338,121.04641,https://www.lamudi.com.ph/cityland-pines-peak-tower-ii-3-bedroom-unit-for-sale-in-mandaluyong.html
"2-Storey 3BR House and Lot (Leia Duplex) for Sale in Suntrust Sentosa, Calamba, Lagun...","Punta, Calamba",2925600.0,3.0,,60.0,80.0,14.176345,121.122173,https://www.lamudi.com.ph/2-storey-3br-house-and-lot-leia-duplex-for-sale-in-suntrust-sentosa-calamba-laguna.html
For Sale 2BR Condo in Valenzuela - Moldex Residences Valenzuela Caramoan Bldg,"Paso de Blas, Valenzuela",3580000.0,2.0,2.0,32.0,,14.7049986,120.98518,https://www.lamudi.com.ph/for-sale-2br-condo-in-valenzuela-moldex-residences-valenzuela-caramoan-bldg.html
"Condominium with 3 bedroom for Sale in Suntrust Asmara, New Manila, Quezon City","New Manila, Quezon City",8229500.0,3.0,2.0,53.0,,14.621176,121.022808,https://www.lamudi.com.ph/condominium-with-3-bedroom-for-sale-in-suntrust-asmara-new-manila-quezon-city-1.html
"Studio Unit (27 sqm) for Sale in Suntrust Shanata, Novaliches, Quezon City","Novaliches, Quezon City",3113220.0,1.0,1.0,27.0,,14.68155,121.0198,https://www.lamudi.com.ph/studio-unit-27-sqm-for-sale-in-suntrust-shanata-novaliches-quezon-city.html
"Bungalow House and Lot (Aeon Duplex) for Sale in Suntrust Sentosa, Calamba, Laguna","Punta, Calamba",1562440.0,1.0,,41.0,60.0,14.176345,121.122173,https://www.lamudi.com.ph/bungalow-house-and-lot-aeon-duplex-for-sale-in-suntrust-sentosa-calamba-laguna.html
"2BR Unit for Sale at Woodsville Crest, Merville Paranaque | 5% Launch Promo","Merville, Paranaque",11600000.0,2.0,1.0,58.0,,14.499387,121.025633,https://www.lamudi.com.ph/2br-unit-for-sale-at-woodsville-crest-merville-paranaque-5-launch-promo.html
"3BR Quadruplex (Azumi Townhouse Inner) for Sale in Suntrust Sentosa, Calamba, Laguna","Punta, Calamba",2459200.0,3.0,,80.0,60.0,14.176345,121.122173,https://www.lamudi.com.ph/3br-quadruplex-azumi-townhouse-inner-for-sale-in-suntrust-sentosa-calamba-laguna.html
"4,200 sqm Industrial Lot for Sale in Laguindingan Technopark, Misamis Oriental","Moog, Laguindingan",23100000.0,,,,4200.0,8.609045,124.468733,https://www.lamudi.com.ph/4-200-sqm-industrial-lot-for-sale-in-laguindingan-technopark-misamis-oriental.html
"3-Bedroom Duplex House and Lot for Sale in Villaggio Enclave, General Trias, Cavite","Buenavista I, General Trias",3000000.0,3.0,,55.0,80.0,14.321965,120.895878,https://www.lamudi.com.ph/3-bedroom-duplex-house-and-lot-for-sale-in-villaggio-enclave-general-trias-cavite.html
"1-Bedroom Unit (N62C1) for Sale in Maven at Capitol Commons, Pasig City","Ortigas CBD, Pasig",14632000.0,1.0,1.0,59.0,,14.583771,121.059675,https://www.lamudi.com.ph/1-bedroom-unit-n62c1-for-sale-in-maven-at-capitol-commons-pasig-city.html
"2-Bedroom Unit (33H) - Residences at The Galleon (Pre-selling) in Ortigas CBD, Pasig","San Antonio, Pasig",42359000.0,2.0,2.0,114.0,,14.588377,121.059897,https://www.lamudi.com.ph/2-bedroom-unit-33h-residences-at-the-galleon-pre-selling-in-ortigas-cbd-pasig.html
"2-Storey 3-Bedroom House and Lot (Alto Model) for Sale in Gran Avila, Calamba, Laguna...","Majada Labas, Calamba",2902810.0,3.0,,60.0,90.0,14.196755,121.104962,https://www.lamudi.com.ph/2-storey-3-bedroom-house-and-lot-alto-model-for-sale-in-gran-avila-calamba-laguna.html
"4-Bedroom Beach House and Lot for Sale in Seafront Residences, San Juan, Batangas - w...","Calubcub II, San Juan",14100000.0,4.0,,150.0,200.0,,121.428,https://www.lamudi.com.ph/4-bedroom-beach-house-and-lot-for-sale-in-seafront-residences-san-juan-batangas-with-special-offer.html
"3-Bedroom Single Detached House and Lot for Sale in The Emerald Residences, Bagakay, ...","Bagakay, Ozamiz",2906840.0,3.0,,56.0,100.0,8.14369,123.813471,https://www.lamudi.com.ph/3-bedroom-single-detached-house-and-lot-for-sale-in-the-emerald-residences-bagakay-ozamiz-city-piedra-verde-jade-model.html
"Metro Tagaytay - Daphne Single Attached 2BR House and Lot for Sale in Montebello, Alf...","Kaytitinga III, Alfonso",6900000.0,2.0,,150.0,,14.0971303,120.8354138,https://www.lamudi.com.ph/metro-tagaytay-daphne-single-attached-2br-house-and-lot-for-sale-in-montebello-alfonso-cavite.html
"Pre-Selling Studio Unit in The Sapphire Bloc East Tower, Ortigas CBD, Pasig","Ortigas CBD, Pasig",6320000.0,1.0,1.0,,,14.587518,121.062753,https://www.lamudi.com.ph/pre-selling-studio-unit-in-the-sapphire-bloc-east-tower-ortigas-cbd-pasig.html
"Condominium with 2 bedroom for Sale in Suntrust Asmara, New Manila, Quezon City","New Manila, Quezon City",6785600.0,2.0,1.0,39.0,,14.621176,121.022808,https://www.lamudi.com.ph/condominium-with-2-bedroom-for-sale-in-suntrust-asmara-new-manila-quezon-city-1.html
"Studio Condo Unit (7D) for Sale in One Sierra, EDSA, Mandaluyong City, Metro Manila","Highway Hills, Mandaluyong",7623299.0,1.0,1.0,31.0,,14.578255,121.052143,https://www.lamudi.com.ph/studio-condo-unit-7d-for-sale-in-one-sierra-edsa-mandaluyong-city-metro-manila.html
"Fully-finished 1-Bedroom Condo Unit for Sale in Terraces at Tradizo, Imus Cavite","Anabu II-A, Imus",3000000.0,1.0,1.0,26.0,,14.3841135,120.9356405,https://www.lamudi.com.ph/fully-finished-1-bedroom-condo-unit-for-sale-in-terraces-at-tradizo-imus-cavite.html
"Studio Unit for Sale in The Mist Residences, Bakakeng Central, Baguio City","Bakakeng Central, Baguio",3800000.0,1.0,1.0,28.0,,16.39936,120.581264,https://www.lamudi.com.ph/studio-unit-for-sale-in-the-mist-residences-bakakeng-central-baguio-city.html
"3-Bedroom Condo Unit for Sale in Suntrust Solana, Ermita, Manila","Ermita, Manila",7500000.0,3.0,2.0,52.0,,14.590526,120.985482,https://www.lamudi.com.ph/3-bedroom-condo-unit-for-sale-in-suntrust-solana-ermita-manila.html
"Residential Lot by The Beach at Club Laiya, San Juan, Batangas","Laiya-Aplaya, San Juan",15000000.0,,,,300.0,13.691466,121.379905,https://www.lamudi.com.ph/residential-lot-by-the-beach-at-club-laiya-san-juan-batangas.html
"4-Bedroom House for Sale at Camella Provence in Malolos City, Bulacan | Dana wCB, NRF...","Longos, Malolos",6970000.0,4.0,,85.0,110.0,14.8743986,120.7973062,https://www.lamudi.com.ph/4-bedroom-house-for-sale-at-camella-provence-in-malolos-city-bulacan-dana-wcb-nrfo.html
"2-Storey 4BR House and Lot (Jazmine Model) for Sale in Governor's Hills, General Tria...","Biclatan, General Trias",6841640.0,4.0,,160.0,154.0,14.2814,120.918211,https://www.lamudi.com.ph/2-storey-4br-house-and-lot-jazmine-model-for-sale-in-governors-hills-general-trias-cavite.html
"3-Bedroom Single Detached House and Lot for Sale in The Emerald Residences, Bagakay, ...","Bagakay, Ozamiz",5157800.0,3.0,,120.0,120.0,8.14369,123.813471,https://www.lamudi.com.ph/3-bedroom-single-detached-house-and-lot-for-sale-in-the-emerald-residences-bagakay-ozamiz-city-piedra-verde-alexandrite-model.html
"Semi-Furnished 3-Bedroom House and Lot for Sale at Dona Rufina, Bagakay, Ozamiz","Bagakay, Ozamiz",1699999.0,3.0,,70.0,100.0,8.14369,123.813471,https://www.lamudi.com.ph/semi-furnished-3-bedroom-house-and-lot-for-sale-at-dona-rufina-bagakay-ozamiz.html
"Kiara Quadruplex Townhouse for Sale in Sentosa, Calamba Laguna","Punta, Calamba",2406200.0,3.0,,79.0,60.0,14.176345,121.122173,https://www.lamudi.com.ph/kiara-quadruplex-townhouse-for-sale-in-sentosa-calamba-laguna.html
Pre-Selling 1-Bedroom Unit in Moldex Residences Baguio - Carezza Building,"Bakakeng Central, Baguio",3600000.0,1.0,1.0,21.0,,16.39936,120.581264,https://www.lamudi.com.ph/pre-selling-1-bedroom-unit-in-moldex-residences-baguio-carezza-building-1.html
"Pre-Selling Studio Unit (26.42 sqm) in Acacia Escalades B, Pasig City","Manggahan, Pasig",3890000.0,1.0,1.0,26.0,,14.601887,121.093698,https://www.lamudi.com.ph/pre-selling-studio-unit-26-42-sqm-in-acacia-escalades-b-pasig-city-1.html
"RFO 2-Bedroom Unit (63.60 sqm) in The Radiance Manila Bay North, Pasay City","Pasay Rotonda, Pasay",12000000.0,2.0,,63.0,,,120.989,https://www.lamudi.com.ph/rfo-2-bedroom-unit-63-60-sqm-in-the-radiance-manila-bay-north-pasay-city-1.html
"4-Bedroom Townhouse for Sale at Lancaster New City in Kawit, Cavite -ADELLE Model","San Sebastian, Kawit",2671400.0,4.0,,70.0,60.0,14.4185112,120.898962,https://www.lamudi.com.ph/4-bedroom-townhouse-for-sale-at-lancaster-new-city-in-kawit-cavite-adelle-model.html
"Azalea 3-Bedroom Townhouse for Sale in Primavera Homes Phase 2, Tanauan Batangas","Darasa, Tanauan",2698000.0,3.0,,65.0,60.0,14.0661817,121.1567437,https://www.lamudi.com.ph/azalea-3-bedroom-townhouse-for-sale-in-primavera-homes-phase-2-tanauan-batangas.html
"House and Lot with 3 bedroom for Sale in Verona, Lumil, Silang- Mariella Standard","Lumil, Silang",4460000.0,3.0,,63.0,88.0,14.183344,121.012375,https://www.lamudi.com.ph/house-and-lot-with-3-bedroom-for-sale-in-verona-lumil-silang-mariella-standard.html
2-Storey 4BR Single Detached House and Lot (Wallace Model) for Sale in Washington Pla...,"Sampaloc II, Dasmarinas",6298845.0,4.0,,83.0,140.0,14.287385,120.964753,https://www.lamudi.com.ph/2-storey-4br-single-detached-house-and-lot-wallace-model-for-sale-in-washington-place-dasmarinas-cavite.html
"RFO Studio Unit 2315A for Sale in Grand Riviera Suites, Roxas Boulevard, Manila","Roxas Boulevard, Manila",4363000.0,1.0,1.0,20.0,,14.551476,120.9895887,https://www.lamudi.com.ph/rfo-studio-unit-2315a-for-sale-in-grand-riviera-suites-roxas-boulevard-manila.html
"1-Bedroom Unit for Sale in One Lakeshore Drive, San Antonio, Davao - Tower 2","San Antonio, Davao",7320000.0,1.0,2.0,50.0,,7.095857,125.630475,https://www.lamudi.com.ph/1-bedroom-unit-for-sale-in-one-lakeshore-drive-san-antonio-davao-tower-2.html
"2BR Bi-Level Condo Unit for Sale in West Parc - Alder Building, Filinvest City, Alaba...","Alabang, Muntinlupa",8900000.0,2.0,2.0,73.0,,14.4179774,121.037608,https://www.lamudi.com.ph/2br-bi-level-condo-unit-for-sale-in-west-parc-alder-building-filinvest-city-alabang-muntinlupa-73sqm.html
"1-Bedroom Condo Unit (24J) for Sale in One Sierra, EDSA, Mandaluyong City, Metro Mani...","Highway Hills, Mandaluyong",12069664.0,1.0,1.0,57.0,,14.578255,121.052143,https://www.lamudi.com.ph/1-bedroom-condo-unit-24j-for-sale-in-one-sierra-edsa-mandaluyong-city-metro-manila.html
"3BR House and Lot (Scarlett Model) for Sale in San Francisco Heights, Calamba, Laguna","Palo-Alto, Calamba",4767000.0,3.0,,72.0,110.0,14.188482,121.109967,https://www.lamudi.com.ph/3br-house-and-lot-scarlett-model-for-sale-in-san-francisco-heights-calamba-laguna.html
"2BR Bungalow House (Francine Model) for Sale in San Francisco Heights, Calamba, Lagun...","Palo-Alto, Calamba",2918180.0,2.0,,46.0,110.0,14.191945,121.113605,https://www.lamudi.com.ph/2br-bungalow-house-francine-model-for-sale-in-san-francisco-heights-calamba-laguna.html
"2BR 1-Storey Single-Attached House for Sale in Ara Vista Village, General Trias Cavit...","Biclatan, General Trias",3199000.0,2.0,,77.0,100.0,14.2814,120.918211,https://www.lamudi.com.ph/2br-1-storey-single-attached-house-for-sale-in-ara-vista-village-general-trias-cavite-clara-ph-2.html
"2BR 2-Storey Single-Attached House for Sale in Ara Vista Village, General Trias Cavit...","Biclatan, General Trias",4353328.0,2.0,,96.0,100.0,14.2814,120.918211,https://www.lamudi.com.ph/2br-2-storey-single-attached-house-for-sale-in-ara-vista-village-general-trias-cavite-cielo-ph-2.html
"ROSE (Bare 2-Storey End Unit) - Marytown Place, Sta. Maria Bulacan, 1.6M","Bulac, Santa Maria",1600000.0,1.0,,46.0,57.0,14.83466,121.33919,https://www.lamudi.com.ph/rose-bare-2-storey-end-unit-marytown-place-sta-maria-bulacan-1-6m.html
"Studio Condo Unit for Sale in West Parc - Birch Building, Filinvest City, Alabang Mun...","Alabang, Muntinlupa",4500000.0,1.0,1.0,37.0,,14.4179774,121.037608,https://www.lamudi.com.ph/studio-condo-unit-for-sale-in-west-parc-birch-building-filinvest-city-alabang-muntinlupa-37sqm.html
"5-Bedroom House and Lot (Amadea Model) for Sale in Suntrust Verona, Silang, Cavite","Lumil, Silang",9268000.0,5.0,,179.0,176.0,14.183344,121.012375,https://www.lamudi.com.ph/5-bedroom-house-and-lot-amadea-model-for-sale-in-suntrust-verona-silang-cavite.html
"YURI 2BR 2-Storey Single Detached for Sale in Idesia Heights, Dasmarinas Cavite","San Agustin I, Dasmarinas",5000000.0,2.0,,63.0,96.0,14.304975,120.944111,https://www.lamudi.com.ph/yuri-2br-2-storey-single-detached-for-sale-in-idesia-heights-dasmarinas-cavite.html
"Residential Unit (106-16) for Sale in UniPlace @ SWU Village, Cebu City","Sambag II, Cebu",2810000.0,1.0,1.0,24.0,,10.3058395,123.8908567,https://www.lamudi.com.ph/residential-unit-106-16-for-sale-in-uniplace-swu-village-cebu-city.html
"ROSE (Bare 2-Storey Corner Unit) - Marytown Place, Sta. Maria Bulacan, 1.76M","Bulac, Santa Maria",1760000.0,1.0,,46.0,77.0,14.83466,121.33919,https://www.lamudi.com.ph/rose-bare-2-storey-corner-unit-marytown-place-sta-maria-bulacan-1-76m.html
"RFO 1BR Unit (37.15 sqm) for Sale - The Trion Towers 3, BGC Taguig","McKinley Hill, Taguig",10000000.0,1.0,1.0,37.0,,14.54595,121.0494,https://www.lamudi.com.ph/rfo-1br-unit-37-15-sqm-for-sale-the-trion-towers-3-bgc-taguig-1.html
"3BR Quadruplex (Kiara Townhouse Inner) for Sale in Suntrust Sentosa, Calamba, Laguna","Punta, Calamba",2406200.0,3.0,,79.0,60.0,14.176345,121.122173,https://www.lamudi.com.ph/3br-quadruplex-kiara-townhouse-inner-for-sale-in-suntrust-sentosa-calamba-laguna.html
"ROSE (Bare 2-Storey Inner Unit) - Marytown Place, Sta. Maria Bulacan, 1.40M","Bulac, Santa Maria",1400000.0,1.0,,46.0,40.0,14.83466,121.33919,https://www.lamudi.com.ph/rose-bare-2-storey-inner-unit-marytown-place-sta-maria-bulacan-1-40m.html
Residential Lot for Sale in Ajoya Pampanga (near NLEX-Mexico exit) - with Special Off...,"Eden, Mexico",1900000.0,,,,121.0,15.125835,120.680386,https://www.lamudi.com.ph/residential-lot-for-sale-in-ajoya-pampanga-near-nlex-mexico-exit-with-special-offer.html
"3-Bedroom Unit for Sale in Suntrust Amadea - Tower 1, Quezon City","Paligsahan, Quezon City",6709716.0,3.0,2.0,46.0,,14.646511,120.996952,https://www.lamudi.com.ph/3-bedroom-unit-for-sale-in-suntrust-amadea-tower-1-quezon-city.html
"Amaya Two Storey SD for Sale in Sentosa, Calamba Laguna","Punta, Calamba",7032800.0,4.0,,149.0,176.0,14.176345,121.122173,https://www.lamudi.com.ph/amaya-two-storey-sd-for-sale-in-sentosa-calamba-laguna.html
"RFO 2-Bedroom Condo Unit for Sale in Asia Enclaves, Cupang, Muntinlupa City | 327-H","Cupang, Muntinlupa",5446700.0,2.0,1.0,58.0,,14.434669,121.040194,https://www.lamudi.com.ph/rfo-2-bedroom-condo-unit-for-sale-in-asia-enclaves-cupang-muntinlupa-city-327-h.html
"2-Bedroom Unit for Sale in 88 Gibraltar Tower 2, Gibraltar, Baguio","Gibraltar, Baguio",6853000.0,2.0,1.0,43.0,,16.419598,120.626852,https://www.lamudi.com.ph/2-bedroom-unit-for-sale-in-88-gibraltar-tower-2-gibraltar-baguio.html
"2-Storey 4BR House and Lot (Luciana Model) for Sale in Siena Hills, Lipa City, Batang...","Antipolo del Sur, Lipa",8381730.0,4.0,,174.0,176.0,,121.185,https://www.lamudi.com.ph/2-storey-4br-house-and-lot-luciana-model-for-sale-in-siena-hills-lipa-city-batangas.html
2-Bedroom Single Attached House and Lot for Sale in Ajoya Pampanga (Mexico) - with Sp...,"Eden, Mexico",3100000.0,2.0,,59.0,88.0,15.125835,120.680386,https://www.lamudi.com.ph/2-bedroom-single-attached-house-and-lot-for-sale-in-ajoya-pampanga-mexico-with-special-offer.html
Grand View Tower - Studio Unit (21 sqm) for Sale in Pasay City,"Libertad, Pasay",4500000.0,1.0,1.0,21.0,,14.547436,120.998485,https://www.lamudi.com.ph/grand-view-tower-studio-unit-21-sqm-for-sale-in-pasay-city.html
"Studio Unit for Sale in Suntrust Amadea - Tower 2, Quezon City","Paligsahan, Quezon City",3040080.0,1.0,1.0,24.0,,14.646511,120.996952,https://www.lamudi.com.ph/studio-unit-for-sale-in-suntrust-amadea-tower-2-quezon-city.html
"3-Bedroom House and Lot for Sale in The Arcadia | Boundary of Angeles and Porac, Pamp...","Manibaug Paralaya, Porac",2643963.0,3.0,,62.0,50.0,15.119767,120.560714,https://www.lamudi.com.ph/3-bedroom-house-and-lot-for-sale-in-the-arcadia-boundary-of-angeles-and-porac-pampanga-andorra-inner-unit-complete.html
"3BR Bungalow House and Lot (Angelica Model) for Sale in Siena Hills, Lipa City, Batan...","Antipolo del Sur, Lipa",5036925.0,3.0,,67.0,150.0,,121.185,https://www.lamudi.com.ph/3br-bungalow-house-and-lot-angelica-model-for-sale-in-siena-hills-lipa-city-batangas.html
"2-Bedroom Condo Unit (16H) for Sale in One Sierra, EDSA, Mandaluyong City, Metro Mani...","Highway Hills, Mandaluyong",16125357.0,2.0,2.0,84.0,,14.578255,121.052143,https://www.lamudi.com.ph/2-bedroom-condo-unit-16h-for-sale-in-one-sierra-edsa-mandaluyong-city-metro-manila.html
"2-Storey 4BR House and Lot (Caterina Model) for Sale in Siena Hills, Lipa City, Batan...","Antipolo del Sur, Lipa",7413780.0,4.0,,136.0,176.0,,121.185,https://www.lamudi.com.ph/2-storey-4br-house-and-lot-caterina-model-for-sale-in-siena-hills-lipa-city-batangas.html
"For Sale: 2BR Unit (37.9 sqm) in Suntrust Kirana, Pasig City","Pinagbuhatan, Pasig",5008864.0,2.0,1.0,37.0,,14.555535,121.090095,https://www.lamudi.com.ph/for-sale-2br-unit-37-9-sqm-in-suntrust-kirana-pasig-city.html
"The Sofia Terraces, 2-Bedroom Condo Unit for Sale in Quezon Hills, Baguio City","Quezon Hill Proper, Baguio",5940000.0,2.0,1.0,45.0,,16.4145653,120.5814088,https://www.lamudi.com.ph/the-sofia-terraces-2-bedroom-condo-unit-for-sale-in-quezon-hills-baguio-city.html
"Penthouse Unit (54C) - Residences at The Galleon (Pre-selling) in Ortigas CBD, Pasig","San Antonio, Pasig",100000000.0,4.0,4.0,268.0,,14.588377,121.059897,https://www.lamudi.com.ph/penthouse-unit-54c-residences-at-the-galleon-pre-selling-in-ortigas-cbd-pasig.html
"ARIA RFO Townhouse for Sale in Idesia Dasmarinas Ph1, Special Discount 269K -Blk10 Lo...","San Agustin I, Dasmarinas",2239999.0,2.0,,42.0,60.0,14.304975,120.944111,https://www.lamudi.com.ph/aria-rfo-townhouse-for-sale-in-idesia-dasmarinas-ph1-special-discount-269k-blk10-lot7.html
"ARIA RFO Townhouse for Sale in Idesia Dasmarinas Ph1, Special Discount 269K -Blk10 Lo...","San Agustin I, Dasmarinas",2239999.0,2.0,,42.0,60.0,14.304975,120.944111,https://www.lamudi.com.ph/aria-rfo-townhouse-for-sale-in-idesia-dasmarinas-ph1-special-discount-269k-blk10-lot13.html
"4-Bedroom House and Lot for Sale at Lancaster New City in Imus, Cavite -BRIANA Model","Alapan II-A, Imus",6756360.0,4.0,,110.0,100.0,14.4084872,120.9062254,https://www.lamudi.com.ph/4-bedroom-house-and-lot-for-sale-at-lancaster-new-city-in-imus-cavite-briana-model.html
"For Sale 2 Bedroom Condo Unit Brand New and Furnished in Alang-Alang, Mandaue","Alang-Alang, Mandaue",5000000.0,2.0,1.0,38.0,,10.9221743,124.0208544,https://www.lamudi.com.ph/for-sale-2-bedroom-condo-unit-brand-new-and-furnished-in-alang-alang-mandaue.html
"3-Bedroom House and Lot for Sale at Lancaster New City in General Trias, Cavite -GABR...","Pasong Camachile I, General Trias",6650000.0,3.0,,84.0,120.0,14.37318,120.896613,https://www.lamudi.com.ph/3-bedroom-house-and-lot-for-sale-at-lancaster-new-city-in-general-trias-cavite-gabrielle-model.html
"Studio Unit (45J) for Sale in Empress at Capitol Commons, Pasig City","Oranbo, Pasig",10715000.0,1.0,1.0,34.0,,14.575822,121.064324,https://www.lamudi.com.ph/studio-unit-45j-for-sale-in-empress-at-capitol-commons-pasig-city.html
"2-Storey 3BR House and Lot (Fiorenza Premium) for Sale in Siena Hills, Lipa City, Bat...","Antipolo del Sur, Lipa",6085537.0,3.0,,117.0,120.0,,121.185,https://www.lamudi.com.ph/2-storey-3br-house-and-lot-fiorenza-premium-for-sale-in-siena-hills-lipa-city-batangas.html
"Studio Condo Unit (7F) for Sale in One Sierra, EDSA, Mandaluyong City, Metro Manila","Highway Hills, Mandaluyong",7948203.0,1.0,1.0,33.0,,14.578255,121.052143,https://www.lamudi.com.ph/studio-condo-unit-7f-for-sale-in-one-sierra-edsa-mandaluyong-city-metro-manila.html
"Pre-Selling 3BR (211.57 sqm), The Residences At The Westin Manila Sonata Place","Ortigas CBD, Pasig",50085329.0,3.0,,211.0,,14.5808822,121.05885,https://www.lamudi.com.ph/pre-selling-3br-211-57-sqm-the-residences-at-the-westin-manila-sonata-place-1.html
"3-Bedroom House and Lot for Sale in The Arcadia | Boundary of Angeles and Porac, Pamp...","Manibaug Paralaya, Porac",2820800.0,3.0,,78.0,63.0,15.119767,120.560714,https://www.lamudi.com.ph/3-bedroom-house-and-lot-for-sale-in-the-arcadia-boundary-of-angeles-and-porac-pampanga-anais-bare-inner-unit.html
"Studio Condo Unit (7B) for Sale in One Sierra, EDSA, Mandaluyong City, Metro Manila","Highway Hills, Mandaluyong",7216034.0,1.0,1.0,32.0,,14.578255,121.052143,https://www.lamudi.com.ph/studio-condo-unit-7b-for-sale-in-one-sierra-edsa-mandaluyong-city-metro-manila.html
"3-Bedroom House and Lot for Sale at Lancaster New City in Imus, Cavite -CHESSA Model","Alapan II-A, Imus",5978000.0,3.0,,90.0,100.0,14.4084872,120.9062254,https://www.lamudi.com.ph/3-bedroom-house-and-lot-for-sale-at-lancaster-new-city-in-imus-cavite-chessa-model.html
"Non-PEZA Industrial Lot (8,000 sqm) for Sale, Cavite Technopark, Naic, Cavite","Sabang, Naic",40000000.0,,,,8000.0,14.319351,120.799295,https://www.lamudi.com.ph/non-peza-industrial-lot-8-000-sqm-for-sale-cavite-technopark-naic-cavite.html
"Suntrust Capitol Plaza - 1-Bedroom Unit for Sale in Diliman, Quezon City","Diliman, Quezon City",7300000.0,1.0,1.0,40.0,,14.644874,121.050593,https://www.lamudi.com.ph/suntrust-capitol-plaza-1-bedroom-unit-for-sale-in-diliman-quezon-city.html
"4-Bedroom House and Lot for Sale at Lancaster New City in General Trias, Cavite -ALEX...","Pasong Camachile I, General Trias",7410000.0,4.0,,100.0,120.0,14.37318,120.896613,https://www.lamudi.com.ph/4-bedroom-house-and-lot-for-sale-at-lancaster-new-city-in-general-trias-cavite-alexandra-model.html
"Brentville International Community - Woodmore Spring (Lot only) in Binan, Laguna","Mampalasan, Binan",21940000.0,,,,541.0,14.2923053,121.0810444,https://www.lamudi.com.ph/brentville-international-community-woodmore-spring-lot-only-in-binan-laguna.html
"ROSE (Bare 2-Storey End Unit) - Marytown Place, Sta. Maria Bulacan, 1.4M","Bulac, Santa Maria",1400000.0,1.0,,46.0,48.0,14.83466,121.33919,https://www.lamudi.com.ph/rose-bare-2-storey-end-unit-marytown-place-sta-maria-bulacan-1-4m.html
"2-Bedroom Unit (3109) for Sale in Maple at Verdant Towers, Ortigas, Pasig City","Ugong, Pasig",25471000.0,2.0,1.0,89.0,,14.588882,121.079016,https://www.lamudi.com.ph/2-bedroom-unit-3109-for-sale-in-maple-at-verdant-towers-ortigas-pasig-city.html
"2BR Condo Unit for Sale in AMA Tower Residences, Wack-Wack Mandaluyong City | 5A","Wack-Wack Greenhills, Mandaluyong",12370523.0,2.0,1.0,52.0,,14.592173,121.053333,https://www.lamudi.com.ph/2br-condo-unit-for-sale-in-ama-tower-residences-wack-wack-mandaluyong-city-5a.html
"3-Bedroom House and Lot for Sale at Lancaster New City in General Trias, Cavite -CHES...","Pasong Camachile I, General Trias",5978000.0,3.0,,90.0,100.0,14.37318,120.896613,https://www.lamudi.com.ph/3-bedroom-house-and-lot-for-sale-at-lancaster-new-city-in-general-trias-cavite-chessa-model.html
"Studio (4117) for Sale in Maple at Verdant Towers, Ortigas, Pasig City","Ugong, Pasig",10021000.0,1.0,,35.0,,14.588882,121.079016,https://www.lamudi.com.ph/studio-4117-for-sale-in-maple-at-verdant-towers-ortigas-pasig-city.html
3-Bedroom Single Attached House and Lot for Sale in Ajoya Pampanga (Mexico) - with Sp...,"Eden, Mexico",3800000.0,3.0,,72.0,88.0,15.125835,120.680386,https://www.lamudi.com.ph/3-bedroom-single-attached-house-and-lot-for-sale-in-ajoya-pampanga-mexico-with-special-offer.html
"3-Bedroom House and Lot for Sale at Lancaster New City in Imus, Cavite -MARGARET Mode...","Alapan II-A, Imus",5690000.0,3.0,,72.0,100.0,14.4084872,120.9062254,https://www.lamudi.com.ph/3-bedroom-house-and-lot-for-sale-at-lancaster-new-city-in-imus-cavite-margaret-model.html
"1-Bedroom Unit (22D) for Sale in Empress at Capitol Commons, Pasig City","Oranbo, Pasig",20502000.0,1.0,1.0,65.0,,14.575822,121.064324,https://www.lamudi.com.ph/1-bedroom-unit-22d-for-sale-in-empress-at-capitol-commons-pasig-city.html
"The Mist Residences - Studio Unit for Sale in Bakakeng Central, Baguio City","Bakakeng Central, Baguio",3800000.0,1.0,1.0,28.0,,16.39936,120.581264,https://www.lamudi.com.ph/the-mist-residences-studio-unit-for-sale-in-bakakeng-central-baguio-city.html
"ARIA RFO Townhouse for Sale in Idesia Dasmarinas Ph1, Special Discount 269K -Blk10 Lo...","San Agustin I, Dasmarinas",2239999.0,2.0,,42.0,60.0,14.304975,120.944111,https://www.lamudi.com.ph/aria-rfo-townhouse-for-sale-in-idesia-dasmarinas-ph1-special-discount-269k-blk10-lot9.html
Pre-Selling 1-Bedroom Unit (36 sqm) at The Sapphire Bloc East in Ortigas CBD,"Ortigas CBD, Pasig",8500000.0,1.0,1.0,36.0,,14.587518,121.062753,https://www.lamudi.com.ph/pre-selling-1-bedroom-unit-36-sqm-at-the-sapphire-bloc-east-in-ortigas-cbd-1.html
"5-Bedroom House for Sale at Camella Provence in Malolos City, Bulacan | Greta, NRFO","Longos, Malolos",10151000.0,5.0,,166.0,143.0,14.8743986,120.7973062,https://www.lamudi.com.ph/5-bedroom-house-for-sale-at-camella-provence-in-malolos-city-bulacan-greta-nrfo.html
"2-Storey 4BR House and Lot (Amaya Model) for Sale in Suntrust Sentosa, Calamba, Lagun...","Punta, Calamba",7032800.0,4.0,,149.0,176.0,14.176345,121.122173,https://www.lamudi.com.ph/2-storey-4br-house-and-lot-amaya-model-for-sale-in-suntrust-sentosa-calamba-laguna.html
"ARIA RFO Townhouse for Sale in Idesia Dasmarinas Ph1, Special Discount 269K -Blk10 Lo...","San Agustin I, Dasmarinas",2239999.0,2.0,,42.0,60.0,14.304975,120.944111,https://www.lamudi.com.ph/aria-rfo-townhouse-for-sale-in-idesia-dasmarinas-ph1-special-discount-269k-blk10-lot61.html
Pre-Selling 1-Bedroom Unit in Moldex Residences Baguio - Davos Building,"Bakakeng Central, Baguio",4800000.0,1.0,1.0,28.0,,16.39936,120.581264,https://www.lamudi.com.ph/pre-selling-1-bedroom-unit-in-moldex-residences-baguio-davos-building-1.html
"3BR House and Lot (Mariella Premium) for Sale in Suntrust Verona, Silang, Cavite","Lumil, Silang",4956000.0,3.0,,93.0,88.0,14.183344,121.012375,https://www.lamudi.com.ph/3br-house-and-lot-mariella-premium-for-sale-in-suntrust-verona-silang-cavite.html
"RFO 2-Bedroom Condo Unit for Sale in Asia Enclaves, Cupang, Muntinlupa City | 312-E","Cupang, Muntinlupa",5446700.0,2.0,1.0,58.0,,14.434669,121.040194,https://www.lamudi.com.ph/rfo-2-bedroom-condo-unit-for-sale-in-asia-enclaves-cupang-muntinlupa-city-312-e.html
"3BR Single Attached House and Lot for Sale in The Villages at Lipa, Brook Village, Ba...","Bugtong Na Pulo, Lipa",3800000.0,3.0,,65.0,116.0,14.0042716,121.1705877,https://www.lamudi.com.ph/3br-single-attached-house-and-lot-for-sale-in-the-villages-at-lipa-brook-village-batangas-with-special-offer.html
"2-Bedroom Unit for Sale in Suntrust Solana, Ermita Manila","Ermita, Manila",4900000.0,2.0,1.0,39.0,,14.590526,120.985482,https://www.lamudi.com.ph/2-bedroom-unit-for-sale-in-suntrust-solana-ermita-manila.html
"3-Bedroom Unit with Balcony for Sale, Cebu City","Talamban, Cebu",8000000.0,3.0,2.0,72.0,,10.36171,123.911374,https://www.lamudi.com.ph/3-bedroom-unit-with-balcony-for-sale-cebu-city.html
"1-Bedroom Unit (3107) for Sale in Maple at Verdant Towers, Ortigas, Pasig City","Ugong, Pasig",16214000.0,1.0,1.0,57.0,,14.588882,121.079016,https://www.lamudi.com.ph/1-bedroom-unit-3107-for-sale-in-maple-at-verdant-towers-ortigas-pasig-city.html
4-Bedroom Single Detached House and Lot for Sale in The Arcadia | Boundary of Angeles...,"Manibaug Paralaya, Porac",8982815.0,4.0,,176.0,168.0,15.119767,120.560714,https://www.lamudi.com.ph/4-bedroom-single-detached-house-and-lot-for-sale-in-the-arcadia-boundary-of-angeles-and-porac-pampanga-athens-model.html
"2BR Condo Unit for Sale in Ibiza Tower at Circulo Verde, Bagumbayan, Quezon City | Un...","Bagumbayan, Quezon City",14612268.0,2.0,2.0,67.0,,14.605396,121.081903,https://www.lamudi.com.ph/2br-condo-unit-for-sale-in-ibiza-tower-at-circulo-verde-bagumbayan-quezon-city-unit-11g.html
"Studio Unit (37.8 sqm) for Sale in La Vida Tower B, Pasay City","F.B Harisson, Pasay",5006400.0,1.0,1.0,37.0,,14.55323,120.990226,https://www.lamudi.com.ph/studio-unit-37-8-sqm-for-sale-in-la-vida-tower-b-pasay-city.html
"2 bedroom Condominium for Sale in Suntrust Capitol Plaza, Diliman, Quezon City","Diliman, Quezon City",10100000.0,2.0,2.0,68.0,,14.644874,121.050593,https://www.lamudi.com.ph/2-bedroom-condominium-for-sale-in-suntrust-capitol-plaza-diliman-quezon-city.html
"Azumi  Quadruplex Townhouse for Sale in Sentosa, Calamba Laguna","Punta, Calamba",2459200.0,3.0,,80.0,60.0,14.176345,121.122173,https://www.lamudi.com.ph/azumi-quadruplex-townhouse-for-sale-in-sentosa-calamba-laguna.html
"2-Bedroom Condo (Unit H) for Sale in Suntrust Shanata, Novaliches Quezon City","Novaliches, Quezon City",6363100.0,2.0,1.0,35.0,,14.68155,121.0198,https://www.lamudi.com.ph/2-bedroom-condo-unit-h-for-sale-in-suntrust-shanata-novaliches-quezon-city-1.html
"RFO 1-Bedroom Unit (40 sqm) in The Radiance Manila Bay North, Pasay City","Pasay Rotonda, Pasay",8100000.0,1.0,1.0,40.0,,,120.989,https://www.lamudi.com.ph/rfo-1-bedroom-unit-40-sqm-in-the-radiance-manila-bay-north-pasay-city-1.html
"2BR Unit (37.9 sqm) for Sale in Suntrust Kirana, Pasig City","Pinagbuhatan, Pasig",5008864.0,2.0,1.0,37.0,,14.555535,121.090095,https://www.lamudi.com.ph/2br-unit-37-9-sqm-for-sale-in-suntrust-kirana-pasig-city.html
"For Sale: 2BR Condo Unit with Balcony in Legacy Leisure Residences, Ma-a, Davao City ...","Ma-A, Davao",8535732.0,2.0,2.0,76.0,,7.0867489,125.5840299,https://www.lamudi.com.ph/for-sale-2br-condo-unit-with-balcony-in-legacy-leisure-residences-ma-a-davao-city-76-35-sqm.html
Pre-Selling 1-Bedroom Unit in Moldex Residences Baguio - Groden Building,"Bakakeng Central, Baguio",7300000.0,1.0,1.0,45.0,,16.39936,120.581264,https://www.lamudi.com.ph/pre-selling-1-bedroom-unit-in-moldex-residences-baguio-groden-building-1.html
"2BR Condo Unit for Sale in Ibiza Tower at Circulo Verde, Bagumbayan, Quezon City | Un...","Bagumbayan, Quezon City",14612268.0,2.0,2.0,67.0,,14.605396,121.081903,https://www.lamudi.com.ph/2br-condo-unit-for-sale-in-ibiza-tower-at-circulo-verde-bagumbayan-quezon-city-unit-17g.html
"For Sale: 2-Bedroom Unit in Metrotowne, Las Pinas City","Talon Uno, Las Pinas",6500000.0,2.0,1.0,48.0,,14.446596,120.987165,https://www.lamudi.com.ph/for-sale-2-bedroom-unit-in-metrotowne-las-pinas-city.html
"House and Lot with 4 bedroom for Sale in Verona, Lumil, Silang- Gisella","Lumil, Silang",7860000.0,4.0,,116.0,176.0,14.183344,121.012375,https://www.lamudi.com.ph/house-and-lot-with-4-bedroom-for-sale-in-verona-lumil-silang-gisella.html
"1-Bedroom Condo Unit with Balcony for Sale at Legacy Leisure Residences in Ma-a, Dava...","Ma-A, Davao",4206258.0,1.0,1.0,36.0,,7.0867489,125.5840299,https://www.lamudi.com.ph/1-bedroom-condo-unit-with-balcony-for-sale-at-legacy-leisure-residences-in-ma-a-davao-city.html
1BR Unit (30 sqm) for Sale in Moldex Residences Silang Cavite near Dasmarinas,"Biluso, Silang",3000000.0,1.0,1.0,30.0,,14.247941,120.952854,https://www.lamudi.com.ph/1br-unit-30-sqm-for-sale-in-moldex-residences-silang-cavite-near-dasmarinas.html
"Studio Condo Unit (16B) for Sale in One Sierra, EDSA, Mandaluyong City, Metro Manila","Highway Hills, Mandaluyong",7278411.0,1.0,1.0,32.0,,14.578255,121.052143,https://www.lamudi.com.ph/studio-condo-unit-16b-for-sale-in-one-sierra-edsa-mandaluyong-city-metro-manila.html
"Cityland Pines Peak Tower II, 2-Bedroom Unit for Sale in Mandaluyong","Barangka Ilaya, Mandaluyong",5208904.0,2.0,2.0,44.0,,14.571338,121.04641,https://www.lamudi.com.ph/cityland-pines-peak-tower-ii-2-bedroom-unit-for-sale-in-mandaluyong.html
"For Sale: 2-Bedroom Unit in Suntrust Kirana, Pasig City","Pinagbuhatan, Pasig",5008864.0,2.0,1.0,37.0,,14.555535,121.090095,https://www.lamudi.com.ph/for-sale-2-bedroom-unit-in-suntrust-kirana-pasig-city.html
"2-Storey Townhouse (AMITA - End) for Sale in Amoa, Compostela, Cebu - with Special Of...","Tamiao, Compostela",4200000.0,2.0,,53.0,70.0,10.44226,123.994411,https://www.lamudi.com.ph/2-storey-townhouse-amita-end-for-sale-in-amoa-compostela-cebu-with-special-offer.html
"4-Bedroom House and Lot (Gisella Model) for Sale in Suntrust Verona, Silang, Cavite","Lumil, Silang",7860000.0,4.0,,116.0,176.0,14.183344,121.012375,https://www.lamudi.com.ph/4-bedroom-house-and-lot-gisella-model-for-sale-in-suntrust-verona-silang-cavite.html
3-Bedroom Single-Detached Bungalow House and Lot for Sale in The Emerald Residences P...,"Bagakay, Ozamiz",4250000.0,3.0,,71.0,120.0,8.14369,123.813471,https://www.lamudi.com.ph/3-bedroom-single-detached-bungalow-house-and-lot-for-sale-in-the-emerald-residences-phase-1-bagakay-ozamiz-city-precious-model.html
"2BR Condo Unit for Sale in AMA Tower Residences, Wack-Wack Mandaluyong City | 5U","Wack-Wack Greenhills, Mandaluyong",16414733.0,2.0,1.0,69.0,,14.592173,121.053333,https://www.lamudi.com.ph/2br-condo-unit-for-sale-in-ama-tower-residences-wack-wack-mandaluyong-city-5u.html
Ready for Occupancy 1Bedroom Condo in Bacoor | The Meridian,"Mambog I, Bacoor",4715100.0,1.0,1.0,30.0,,14.4251071,120.9486663,https://www.lamudi.com.ph/ready-for-occupancy-1bedroom-condo-in-bacoor-the-meridian.html
"ARIA RFO Townhouse for Sale in Idesia Dasmarinas Ph1, Special Discount 269K -Blk10 Lo...","San Agustin I, Dasmarinas",2239999.0,2.0,,42.0,60.0,14.304975,120.944111,https://www.lamudi.com.ph/aria-rfo-townhouse-for-sale-in-idesia-dasmarinas-ph1-special-discount-269k-blk10-lot17.html
"RFO Studio Unit (24.17 sqm) for Sale in Axis Residences B, Mandaluyong City","Barangka Ilaya, Mandaluyong",4200000.0,1.0,1.0,24.0,,14.571338,121.04641,https://www.lamudi.com.ph/rfo-studio-unit-24-17-sqm-for-sale-in-axis-residences-b-mandaluyong-city-1.html
"3BR Single Detached House and Lot for Sale in The Villages at Lipa, Sierra Village, B...","Bugtong Na Pulo, Lipa",6000000.0,3.0,,103.0,143.0,14.0042716,121.1705877,https://www.lamudi.com.ph/3br-single-detached-house-and-lot-for-sale-in-the-villages-at-lipa-sierra-village-batangas-with-special-offer.html
"1 bedroom Condominium for Sale in Suntrust Capitol Plaza, Diliman, Quezon City","Diliman, Quezon City",6000000.0,1.0,1.0,40.0,,14.644874,121.050593,https://www.lamudi.com.ph/1-bedroom-condominium-for-sale-in-suntrust-capitol-plaza-diliman-quezon-city-2.html
Cityland One Premier - Studio Unit (17.31 sqm) for Sale in Las Pinas City,"Almanza Uno, Las Pinas",1833376.0,1.0,1.0,17.0,,14.4324914,121.0140532,https://www.lamudi.com.ph/cityland-one-premier-studio-unit-17-31-sqm-for-sale-in-las-pinas-city.html
Metrotowne - Studio Unit for Sale in Las Pinas City,"Talon Uno, Las Pinas",2600000.0,1.0,1.0,22.0,,14.446596,120.987165,https://www.lamudi.com.ph/metrotowne-studio-unit-for-sale-in-las-pinas-city.html
"Brentville International Community - West Parc (Lot only) in Binan, Laguna","Mampalasan, Binan",17500000.0,,,,500.0,14.2923053,121.0810444,https://www.lamudi.com.ph/brentville-international-community-west-parc-lot-only-in-binan-laguna.html
"Pre-Selling 1-Bedroom Unit (34 sqm) in Sierra Valley Gardens 1, Cainta, Rizal","San Juan, Cainta",5400000.0,1.0,1.0,34.0,,14.583362,121.130727,https://www.lamudi.com.ph/pre-selling-1-bedroom-unit-34-sqm-in-sierra-valley-gardens-1-cainta-rizal-1.html
"Pre-Selling 1BR Unit (32.02 sqm) in Acacia Escalades B, Pasig City","Manggahan, Pasig",4200000.0,1.0,1.0,32.0,,14.601887,121.093698,https://www.lamudi.com.ph/pre-selling-1br-unit-32-02-sqm-in-acacia-escalades-b-pasig-city-1.html
"2-Bedroom Condo (Unit A) for Sale in Suntrust Shanata, Novaliches Quezon City","Novaliches, Quezon City",6363100.0,2.0,1.0,35.0,,14.68155,121.0198,https://www.lamudi.com.ph/2-bedroom-condo-unit-a-for-sale-in-suntrust-shanata-novaliches-quezon-city-1.html
Pre-Selling 2-Bedroom Unit in Moldex Residences Baguio - Davos Building,"Bakakeng Central, Baguio",9400000.0,2.0,1.0,57.0,,16.39936,120.581264,https://www.lamudi.com.ph/pre-selling-2-bedroom-unit-in-moldex-residences-baguio-davos-building-1.html
"1-Bedroom Unit (40 sqm) for Sale in City Clou, Cebu City","Zapatera, Cebu",5307970.0,1.0,1.0,40.0,,10.305725,123.904993,https://www.lamudi.com.ph/1-bedroom-unit-40-sqm-for-sale-in-city-clou-cebu-city.html
"2-Storey 5BR House and Lot (Amadea Model) for Sale in Siena Hills, Lipa City, Batanga...","Antipolo del Sur, Lipa",8215625.0,5.0,,179.0,176.0,,121.185,https://www.lamudi.com.ph/2-storey-5br-house-and-lot-amadea-model-for-sale-in-siena-hills-lipa-city-batangas.html
"Studio - Finished Condo Unit for Sale in The Persimmon Studios, Cebu City - with Spec...","Mabolo, Cebu",3700000.0,1.0,1.0,24.0,,10.31581,123.918231,https://www.lamudi.com.ph/studio-finished-condo-unit-for-sale-in-the-persimmon-studios-cebu-city-with-special-offer.html
Pre-Selling 1BR Executive (58 sqm) in The Magnolia Residences D at New Manila QC,"New Manila, Quezon City",10500000.0,1.0,1.0,58.0,,,121.039,https://www.lamudi.com.ph/pre-selling-1br-executive-58-sqm-in-the-magnolia-residences-d-at-new-manila-qc-1.html
"3-Bedroom Unit (139 sqm) for Sale in The Signature, Balintawak Quezon City","Pag-Ibig Sa Nayon, Quezon City",21700000.0,3.0,2.0,139.0,,14.646511,120.996952,https://www.lamudi.com.ph/3-bedroom-unit-139-sqm-for-sale-in-the-signature-balintawak-quezon-city.html
"The Mist Residences - 3-Bedroom Unit for Sale in Bakakeng Central, Baguio City","Bakakeng Central, Baguio",7800000.0,3.0,1.0,60.0,,16.39936,120.581264,https://www.lamudi.com.ph/the-mist-residences-3-bedroom-unit-for-sale-in-bakakeng-central-baguio-city.html
"Pre-selling Studio Unit (30 sqm) in Aurora Escalades, Cubao Quezon City","Cubao, Quezon City",5600000.0,1.0,1.0,30.0,,14.61777,121.0572,https://www.lamudi.com.ph/pre-selling-studio-unit-30-sqm-in-aurora-escalades-cubao-quezon-city-1.html
"Studio Condo Unit (29E) for Sale in One Sierra, EDSA, Mandaluyong City, Metro Manila","Highway Hills, Mandaluyong",8107899.0,1.0,1.0,33.0,,14.578255,121.052143,https://www.lamudi.com.ph/studio-condo-unit-29e-for-sale-in-one-sierra-edsa-mandaluyong-city-metro-manila.html
"3-Bedroom Unit for Sale in The Mist Residences, Bakakeng Central, Baguio City","Bakakeng Central, Baguio",7800000.0,3.0,1.0,60.0,,16.39936,120.581264,https://www.lamudi.com.ph/3-bedroom-unit-for-sale-in-the-mist-residences-bakakeng-central-baguio-city.html
"3-Bedroom Beach House and Lot for Sale in Seafront Residences, San Juan, Batangas - w...","Calubcub II, San Juan",11300000.0,3.0,,100.0,200.0,,121.428,https://www.lamudi.com.ph/3-bedroom-beach-house-and-lot-for-sale-in-seafront-residences-san-juan-batangas-with-special-offer.html
"2BR Unit for Sale in Suntrust Amadea Tower 2, Quezon City, 5.5M","Paligsahan, Quezon City",5479920.0,2.0,1.0,36.0,,14.631613,121.023475,https://www.lamudi.com.ph/2br-unit-for-sale-in-suntrust-amadea-tower-2-quezon-city-5-5m.html
"3-Bedroom Single Detached House and Lot for Sale in Ajoya Cabanatuan, Nueva Ecija - w...","Valle Cruz, Cabanatuan",4700000.0,3.0,,81.0,110.0,15.47877,120.995348,https://www.lamudi.com.ph/3-bedroom-single-detached-house-and-lot-for-sale-in-ajoya-cabanatuan-nueva-ecija-with-special-offer.html
TALIA 2-Storey Single Attached (Irregular) for Sale in Idesia Dasmarinas Phase 1,"San Agustin I, Dasmarinas",4100000.0,2.0,,52.0,83.0,14.304975,120.944111,https://www.lamudi.com.ph/talia-2-storey-single-attached-irregular-for-sale-in-idesia-dasmarinas-phase-1.html
Pre-Selling 1BR (78.96 sqm) at The Residences At The Westin Manila Sonata Place,"Ortigas CBD, Pasig",21037273.0,1.0,1.0,78.0,,14.5808822,121.05885,https://www.lamudi.com.ph/pre-selling-1br-78-96-sqm-at-the-residences-at-the-westin-manila-sonata-place-1.html
TALIA 2-Storey Single Attached (Irregular) for Sale in Idesia Dasmarinas Phase 1,"San Agustin I, Dasmarinas",4100000.0,2.0,,52.0,83.0,14.304975,120.944111,https://www.lamudi.com.ph/talia-2-storey-single-attached-irregular-for-sale-in-idesia-dasmarinas-phase-1.html
"Studio Unit for Sale in Metrotowne, Las Pinas City","Talon Uno, Las Pinas",2600000.0,1.0,1.0,22.0,,14.446596,120.987165,https://www.lamudi.com.ph/studio-unit-for-sale-in-metrotowne-las-pinas-city.html
"Pre-Selling Studio Unit (33 sqm) in Gateway Regency Studios, Mandaluyong","Barangka Ilaya, Mandaluyong",5700000.0,1.0,1.0,33.0,,14.572246,121.05402,https://www.lamudi.com.ph/pre-selling-studio-unit-33-sqm-in-gateway-regency-studios-mandaluyong-1.html
"2-Storey 4BR House and Lot (Shanata Model) for Sale in Suntrust Sentosa, Calamba, Lag...","Punta, Calamba",8557360.0,4.0,,171.0,176.0,14.176345,121.122173,https://www.lamudi.com.ph/2-storey-4br-house-and-lot-shanata-model-for-sale-in-suntrust-sentosa-calamba-laguna.html
"3-Bedroom Unit for Sale in 88 Gibraltar Tower 1, Gibraltar, Baguio","Gibraltar, Baguio",11312000.0,3.0,2.0,72.0,,16.419598,120.626852,https://www.lamudi.com.ph/3-bedroom-unit-for-sale-in-88-gibraltar-tower-1-gibraltar-baguio.html
"4 bedroom House and Lot for Sale in San Francisco Heights, Calamba-Savannah","Palo-Alto, Calamba",5770000.0,4.0,,80.0,110.0,14.188482,121.109967,https://www.lamudi.com.ph/4-bedroom-house-and-lot-for-sale-in-san-francisco-heights-calamba-savannah.html
"2-Bedroom Unit for Sale in The Trion Towers - Tower 3, BGC Taguig","McKinley Hill, Taguig",14200000.0,2.0,,,,14.54595,121.0494,https://www.lamudi.com.ph/2-bedroom-unit-for-sale-in-the-trion-towers-tower-3-bgc-taguig.html
"3-Bedroom House and Lot for Sale at Lancaster New City in Kawit, Cavite -CHESSA Model","San Sebastian, Kawit",5978000.0,3.0,,90.0,100.0,14.4185112,120.898962,https://www.lamudi.com.ph/3-bedroom-house-and-lot-for-sale-at-lancaster-new-city-in-kawit-cavite-chessa-model.html
"3-Bedroom Townhouse for Sale at Lancaster New City in General Trias, Cavite -ALICE Mo...","Pasong Camachile I, General Trias",1880600.0,3.0,,40.0,40.0,14.37318,120.896613,https://www.lamudi.com.ph/3-bedroom-townhouse-for-sale-at-lancaster-new-city-in-general-trias-cavite-alice-model.html
"2BR Quadruplex Townhouse (TH-46) for Sale in Avila Heights, Santo Tomas, Batangas","San Antonio, Santo Tomas",2464168.0,2.0,,46.0,51.0,14.12405,121.17277,https://www.lamudi.com.ph/2br-quadruplex-townhouse-th-46-for-sale-in-avila-heights-santo-tomas-batangas.html
2 Bedroom Condo for Sale near SM Bacoor and Vista Mall NOMO,"Mambog I, Bacoor",6361200.0,2.0,1.0,40.0,,14.4251071,120.9486663,https://www.lamudi.com.ph/2-bedroom-condo-for-sale-near-sm-bacoor-and-vista-mall-nomo.html
"Cityland Pioneer Heights 1, 3-Bedroom Unit (54.11 sqm) for Sale in Mandaluyong","Highway Hills, Mandaluyong",5565680.0,3.0,2.0,54.0,,14.578255,121.052143,https://www.lamudi.com.ph/cityland-pioneer-heights-1-3-bedroom-unit-54-11-sqm-for-sale-in-mandaluyong.html
"4-Bedroom House and Lot for Sale at Lancaster New City in Imus, Cavite -ALEXANDRA Mod...","Alapan II-A, Imus",7410000.0,4.0,,100.0,120.0,14.4084872,120.9062254,https://www.lamudi.com.ph/4-bedroom-house-and-lot-for-sale-at-lancaster-new-city-in-imus-cavite-alexandra-model.html
"3BR House and Lot for Sale in Las Brisas at Tierra del Sol, Tanza, Cavite","Tanauan, Tanza",3587010.0,3.0,,112.0,72.0,14.292781,120.828878,https://www.lamudi.com.ph/3br-house-and-lot-for-sale-in-las-brisas-at-tierra-del-sol-tanza-cavite.html
"2-Bedroom Unit (90.15 sqm) for Sale in La Vida Tower A, Pasay City","F.B Harisson, Pasay",15355200.0,2.0,2.0,90.0,,14.55323,120.990226,https://www.lamudi.com.ph/2-bedroom-unit-90-15-sqm-for-sale-in-la-vida-tower-a-pasay-city.html
"2-Bedroom Unit (100 sqm) for Sale in The Signature, Balintawak Quezon City","Pag-Ibig Sa Nayon, Quezon City",11800000.0,2.0,2.0,100.0,,14.646511,120.996952,https://www.lamudi.com.ph/2-bedroom-unit-100-sqm-for-sale-in-the-signature-balintawak-quezon-city.html
"Niran Two Storey SD for Sale in Sentosa, Calamba Laguna","Punta, Calamba",6396780.0,4.0,,115.0,176.0,14.176345,121.122173,https://www.lamudi.com.ph/niran-two-storey-sd-for-sale-in-sentosa-calamba-laguna.html
Cityland Pines Peak Tower II - Studio Unit for Sale in Mandaluyong,"Barangka Ilaya, Mandaluyong",2378396.0,1.0,1.0,19.0,,14.571338,121.04641,https://www.lamudi.com.ph/cityland-pines-peak-tower-ii-studio-unit-for-sale-in-mandaluyong.html
"3-Bedroom Unit (120.15 sqm) for Sale in La Vida Tower B, Pasay City","F.B Harisson, Pasay",15657600.0,3.0,2.0,120.0,,14.55323,120.990226,https://www.lamudi.com.ph/3-bedroom-unit-120-15-sqm-for-sale-in-la-vida-tower-b-pasay-city.html
"1-Bedroom Unit (40B) - Residences at The Galleon (Pre-selling) in Ortigas CBD, Pasig","San Antonio, Pasig",28624000.0,1.0,1.0,69.0,,14.588377,121.059897,https://www.lamudi.com.ph/1-bedroom-unit-40b-residences-at-the-galleon-pre-selling-in-ortigas-cbd-pasig.html
"Pre-selling Studio Unit (22 sqm) in Aurora Escalades, Cubao Quezon City","Cubao, Quezon City",4100000.0,1.0,1.0,22.0,,14.61777,121.0572,https://www.lamudi.com.ph/pre-selling-studio-unit-22-sqm-in-aurora-escalades-cubao-quezon-city-1.html
"3-Bedroom Bi-Level (58A) for Sale in Empress at Capitol Commons, Pasig City","Oranbo, Pasig",89146000.0,3.0,3.0,241.0,,14.575822,121.064324,https://www.lamudi.com.ph/3-bedroom-bi-level-58a-for-sale-in-empress-at-capitol-commons-pasig-city.html
"2-Bedroom Unit (N65D) for Sale in Maven at Capitol Commons, Pasig City","Ortigas CBD, Pasig",22595200.0,2.0,2.0,87.0,,14.583771,121.059675,https://www.lamudi.com.ph/2-bedroom-unit-n65d-for-sale-in-maven-at-capitol-commons-pasig-city.html
"TALIA 2-Storey Single Attached (Regular) for Sale in Idesia Lipa, Batangas","Inosloban, Lipa",4600000.0,2.0,,52.0,80.0,13.9775271,121.1701226,https://www.lamudi.com.ph/talia-2-storey-single-attached-regular-for-sale-in-idesia-lipa-batangas.html
2BR with Balcony (72 sqm) in Moldex Residences Silang Cavite near Dasmarinas,"Biluso, Silang",8600000.0,2.0,1.0,72.0,,14.247941,120.952854,https://www.lamudi.com.ph/2br-with-balcony-72-sqm-in-moldex-residences-silang-cavite-near-dasmarinas.html
"4,967 sqm Industrial Lot for Sale in Pampanga Technopark - Mabalacat, Pampanga","Tabun, Mabalacat",44504320.0,,,,4967.0,15.25276,120.594401,https://www.lamudi.com.ph/4-967-sqm-industrial-lot-for-sale-in-pampanga-technopark-mabalacat-pampanga.html
"Duplex House and Lot Back to Back for Sale in Ajoya Capas, Tarlac - with Special Offe...","Talaga, Capas",3000000.0,,,75.0,90.0,15.38115,120.590541,https://www.lamudi.com.ph/duplex-house-and-lot-back-to-back-for-sale-in-ajoya-capas-tarlac-with-special-offer.html
"RFO 1-Bedroom Condo Unit for Sale in Asia Enclaves, Cupang, Muntinlupa City | 215-G","Cupang, Muntinlupa",3756900.0,1.0,1.0,40.0,,14.434669,121.040194,https://www.lamudi.com.ph/rfo-1-bedroom-condo-unit-for-sale-in-asia-enclaves-cupang-muntinlupa-city-215-g.html
"3-Bedroom House for Sale at Camella Provence in Malolos City, Bulacan | Cara, NRFO/RF...","Longos, Malolos",5607000.0,3.0,,66.0,88.0,14.8743986,120.7973062,https://www.lamudi.com.ph/3-bedroom-house-for-sale-at-camella-provence-in-malolos-city-bulacan-cara-nrfo-rfo.html
"1BR Condo Unit for Sale at Camella Manors Bacolod in Mandalagan, Bacolod City | Pre-s...","Mandalagan, Bacolod",4786000.0,1.0,1.0,30.0,,10.6877926,122.9747478,https://www.lamudi.com.ph/1br-condo-unit-for-sale-at-camella-manors-bacolod-in-mandalagan-bacolod-city-pre-selling.html
"3BR Single Attached House and Lot for Sale at PTC Suncrest in Imus, Cavite","Carsadang Bago I, Imus",5234791.0,3.0,,75.0,80.0,14.4234269,120.9289746,https://www.lamudi.com.ph/3br-single-attached-house-and-lot-for-sale-at-ptc-suncrest-in-imus-cavite.html
"Tagaytay Leisure Suites - 1 Bedroom Condo Unit for Sale in Tagaytay City, Cavite","Maitim 2nd West, Tagaytay",6900000.0,1.0,1.0,68.0,,14.119975,120.95476,https://www.lamudi.com.ph/tagaytay-leisure-suites-1-bedroom-condo-unit-for-sale-in-tagaytay-city-cavite-1.html
"2-Bedroom Unit for Sale in Suntrust Amadea - Tower 1, Quezon City","Paligsahan, Quezon City",4842720.0,2.0,1.0,36.0,,14.646511,120.996952,https://www.lamudi.com.ph/2-bedroom-unit-for-sale-in-suntrust-amadea-tower-1-quezon-city.html
"2BR Townhouse House and Lot (Stanza Model) for Sale in Gran Avila, Calamba, Laguna","Majada Labas, Calamba",1840805.0,2.0,,43.0,47.0,14.196755,121.104962,https://www.lamudi.com.ph/2br-townhouse-house-and-lot-stanza-model-for-sale-in-gran-avila-calamba-laguna.html
"Condominium with 3 bedroom for Sale in Suntrust Asmara, New Manila, Quezon City","New Manila, Quezon City",7700000.0,3.0,2.0,56.0,,14.621176,121.022808,https://www.lamudi.com.ph/condominium-with-3-bedroom-for-sale-in-suntrust-asmara-new-manila-quezon-city.html
"2BR 2-Storey Single-Attached House for Sale in Ara Vista Village, General Trias Cavit...","Biclatan, General Trias",4851616.0,2.0,,111.0,100.0,14.2814,120.918211,https://www.lamudi.com.ph/2br-2-storey-single-attached-house-for-sale-in-ara-vista-village-general-trias-cavite-angela-ph-2.html
"5BR Single Attached House and Lot for Sale in The Villages at Lipa, Sierra Village, B...","Bugtong Na Pulo, Lipa",7900000.0,5.0,,150.0,150.0,14.0042716,121.1705877,https://www.lamudi.com.ph/5br-single-attached-house-and-lot-for-sale-in-the-villages-at-lipa-sierra-village-batangas-with-special-offer.html
"For Sale: Studio (27 sqm) Condo near Mall of Asia - Grand View Tower, Pasay","Libertad, Pasay",4900000.0,1.0,1.0,27.0,,14.547436,120.998485,https://www.lamudi.com.ph/for-sale-studio-27-sqm-condo-near-mall-of-asia-grand-view-tower-pasay.html
Brentville International Community - The Arborage (Pre-selling Lots) in Laguna (for a...,"Mampalasan, Binan",7380000.0,,,,246.0,14.2923053,121.0810444,https://www.lamudi.com.ph/brentville-international-community-the-arborage-pre-selling-lots-in-laguna-for-as-low-as-php-50-000-monthly-until-oct-31.html
"Pre-Selling 2-Bedroom  (75 sqm) in Galleria Residences 3, Cebu City","North Reclamation Area, Cebu",13366838.0,2.0,,75.0,,10.3084189,123.9157609,https://www.lamudi.com.ph/pre-selling-2-bedroom-75-sqm-in-galleria-residences-3-cebu-city-2.html
"3-Bedroom House and Lot for Sale in The Arcadia | Boundary of Angeles and Porac, Pamp...","Manibaug Paralaya, Porac",2624075.0,3.0,,62.0,50.0,15.119767,120.560714,https://www.lamudi.com.ph/3-bedroom-house-and-lot-for-sale-in-the-arcadia-boundary-of-angeles-and-porac-pampanga-andorra-bare-inner-unit.html
"FUJI 3BR 2-Storey Single Detached for Sale in Idesia Heights, Dasmarinas Cavite","San Agustin I, Dasmarinas",5870000.0,3.0,,82.0,120.0,14.304975,120.944111,https://www.lamudi.com.ph/fuji-3br-2-storey-single-detached-for-sale-in-idesia-heights-dasmarinas-cavite.html
"2-Storey 4BR House and Lot (Amanda Model) for Sale in Governor's Hills, General Trias...","Biclatan, General Trias",7841100.0,4.0,,167.0,154.0,14.2814,120.918211,https://www.lamudi.com.ph/2-storey-4br-house-and-lot-amanda-model-for-sale-in-governors-hills-general-trias-cavite.html
"3BR Quadruplex Townhouse (TH-64) for Sale in Avila Heights, Santo Tomas, Batangas","San Antonio, Santo Tomas",2984737.0,3.0,,64.0,51.0,14.12405,121.17277,https://www.lamudi.com.ph/3br-quadruplex-townhouse-th-64-for-sale-in-avila-heights-santo-tomas-batangas.html
"Condo Dormitory (Unit 106-05) for Sale in UniPlace @ SWU Village, Cebu City","Sambag II, Cebu",2810000.0,1.0,1.0,24.0,,10.3058395,123.8908567,https://www.lamudi.com.ph/condo-dormitory-unit-106-05-for-sale-in-uniplace-swu-village-cebu-city.html
"2-Bedroom Condo Unit (24C) for Sale in One Sierra, EDSA, Mandaluyong City, Metro Mani...","Highway Hills, Mandaluyong",16688358.0,2.0,2.0,84.0,,14.578255,121.052143,https://www.lamudi.com.ph/2-bedroom-condo-unit-24c-for-sale-in-one-sierra-edsa-mandaluyong-city-metro-manila.html
"3-Bedroom Townhouse for Sale at Lancaster New City in General Trias, Cavite -THEA Mod...","Pasong Camachile I, General Trias",2395000.0,3.0,,60.0,50.0,14.37318,120.896613,https://www.lamudi.com.ph/3-bedroom-townhouse-for-sale-at-lancaster-new-city-in-general-trias-cavite-thea-model.html
"2-Storey 3BR House and Lot (Ysabella Premium) for Sale in Governor's Hills, General T...","Biclatan, General Trias",5039190.0,3.0,,109.0,120.0,14.2814,120.918211,https://www.lamudi.com.ph/2-storey-3br-house-and-lot-ysabella-premium-for-sale-in-governors-hills-general-trias-cavite.html
"House and Lot with 4 bedroom for Sale in Verona, Lumil, Silang- Orabella","Lumil, Silang",8913000.0,4.0,,147.0,176.0,14.183344,121.012375,https://www.lamudi.com.ph/house-and-lot-with-4-bedroom-for-sale-in-verona-lumil-silang-orabella.html
"Studio Condo Unit (7I) for Sale in One Sierra, EDSA, Mandaluyong City, Metro Manila","Highway Hills, Mandaluyong",6966526.0,1.0,1.0,32.0,,14.578255,121.052143,https://www.lamudi.com.ph/studio-condo-unit-7i-for-sale-in-one-sierra-edsa-mandaluyong-city-metro-manila.html
"2-Bedroom Unit (54G) for Sale in Empress at Capitol Commons, Pasig City","Oranbo, Pasig",39304000.0,2.0,2.0,110.0,,14.575822,121.064324,https://www.lamudi.com.ph/2-bedroom-unit-54g-for-sale-in-empress-at-capitol-commons-pasig-city.html
"Studio Unit (34.65 sqm) for Sale in La Vida Tower B, Pasay City","F.B Harisson, Pasay",4468800.0,1.0,1.0,34.0,,14.55323,120.990226,https://www.lamudi.com.ph/studio-unit-34-65-sqm-for-sale-in-la-vida-tower-b-pasay-city.html
Cityland Pioneer Heights 1 - Studio Deluxe (25.73 sqm) for Sale in Mandaluyong,"Highway Hills, Mandaluyong",2392852.0,1.0,1.0,25.0,,14.578255,121.052143,https://www.lamudi.com.ph/cityland-pioneer-heights-1-studio-deluxe-25-73-sqm-for-sale-in-mandaluyong.html
"Cityland Pioneer Heights 1, 3-Bedroom Unit for Sale in Mandaluyong City","Highway Hills, Mandaluyong",5565680.0,3.0,2.0,54.0,,14.578255,121.052143,https://www.lamudi.com.ph/cityland-pioneer-heights-1-3-bedroom-unit-for-sale-in-mandaluyong-city.html
1BR Condo for Sale in Valenzuela - Moldex Residences Valenzuela Caramoan Bldg,"Paso de Blas, Valenzuela",2440000.0,1.0,1.0,25.0,,14.7049986,120.98518,https://www.lamudi.com.ph/1br-condo-for-sale-in-valenzuela-moldex-residences-valenzuela-caramoan-bldg.html
"GAIA 2-Storey Single Detached (Regular) for Sale in Idesia Lipa, Batangas","Inosloban, Lipa",5600000.0,3.0,,63.0,100.0,13.9775271,121.1701226,https://www.lamudi.com.ph/gaia-2-storey-single-detached-regular-for-sale-in-idesia-lipa-batangas.html
For Sale: 1-Bedroom Condo in Valenzuela - Moldex Residences Valenzuela Bali Bldg,"Paso de Blas, Valenzuela",2180000.0,1.0,1.0,22.0,,14.7049986,120.98518,https://www.lamudi.com.ph/for-sale-1-bedroom-condo-in-valenzuela-moldex-residences-valenzuela-bali-bldg.html
"RFO 2-Bedroom Unit 1925 for Sale in Grand Riviera Suites, Roxas Boulevard Manila","Roxas Boulevard, Manila",18180400.0,2.0,2.0,64.0,,14.551476,120.9895887,https://www.lamudi.com.ph/rfo-2-bedroom-unit-1925-for-sale-in-grand-riviera-suites-roxas-boulevard-manila.html
"Cityland One Premier, 1-Bedroom Unit for Sale in Las Pinas City","Almanza Uno, Las Pinas",2881668.0,1.0,1.0,28.0,,14.4324914,121.0140532,https://www.lamudi.com.ph/cityland-one-premier-1-bedroom-unit-for-sale-in-las-pinas-city.html
"Pre-Selling 1-Bedroom Unit (32 sqm) in Sierra Valley Gardens 2, Cainta, Rizal","San Juan, Cainta",5400000.0,1.0,1.0,32.0,,14.583362,121.130727,https://www.lamudi.com.ph/pre-selling-1-bedroom-unit-32-sqm-in-sierra-valley-gardens-2-cainta-rizal-1.html
"1-Bedroom Unit (S14D1) for Sale in Maven at Capitol Commons, Pasig City","Ortigas CBD, Pasig",10752000.0,1.0,1.0,46.0,,14.583771,121.059675,https://www.lamudi.com.ph/1-bedroom-unit-s14d1-for-sale-in-maven-at-capitol-commons-pasig-city.html
"3-Bedroom Unit for Sale in 88 Gibraltar Tower 2, Gibraltar, Baguio","Gibraltar, Baguio",11312000.0,3.0,2.0,59.0,,16.419598,120.626852,https://www.lamudi.com.ph/3-bedroom-unit-for-sale-in-88-gibraltar-tower-2-gibraltar-baguio.html
"2-Bedroom Unit (42O) for Sale in Empress at Capitol Commons, Pasig City","Oranbo, Pasig",35077000.0,2.0,2.0,106.0,,14.575822,121.064324,https://www.lamudi.com.ph/2-bedroom-unit-42o-for-sale-in-empress-at-capitol-commons-pasig-city.html
"1BR Unit for Sale at Woodsville Crest, Merville Paranaque | 5% Launch Promo","Merville, Paranaque",7000000.0,1.0,1.0,35.0,,14.499387,121.025633,https://www.lamudi.com.ph/1br-unit-for-sale-at-woodsville-crest-merville-paranaque-5-launch-promo.html
"Pre-Selling 1-Bedroom  Executive (44.00 sqm) in Galleria Residences 3, Cebu","North Reclamation Area, Cebu",7170250.0,1.0,,44.0,,10.3084189,123.9157609,https://www.lamudi.com.ph/pre-selling-1-bedroom-executive-44-00-sqm-in-galleria-residences-3-cebu-1.html
"2-Bedroom Unit (S61G) for Sale in Maven at Capitol Commons, Pasig City","Ortigas CBD, Pasig",17799600.0,2.0,2.0,74.0,,14.583771,121.059675,https://www.lamudi.com.ph/2-bedroom-unit-s61g-for-sale-in-maven-at-capitol-commons-pasig-city.html
"3-Bedroom Unit (S07D) for Sale in Maven at Capitol Commons, Pasig City","Ortigas CBD, Pasig",22111600.0,3.0,2.0,98.0,,14.583771,121.059675,https://www.lamudi.com.ph/3-bedroom-unit-s07d-for-sale-in-maven-at-capitol-commons-pasig-city.html
"Lot For Sale, Asenso Village, Laguna","Palingon, Calamba",4050700.0,,,,298.0,14.214945,121.186024,https://www.lamudi.com.ph/lot-for-sale-asenso-village-laguna.html
For Sale 3-Storey 4BR House and Lot in The Villas at Dasmarinas Highlands,"San Agustin I, Dasmarinas",8473000.0,4.0,,155.0,66.0,14.304975,120.944111,https://www.lamudi.com.ph/for-sale-3-storey-4br-house-and-lot-in-the-villas-at-dasmarinas-highlands.html
"3-Bedroom Unit (N03C) for Sale in Maven at Capitol Commons, Pasig City","Ortigas CBD, Pasig",23914800.0,3.0,2.0,108.0,,14.583771,121.059675,https://www.lamudi.com.ph/3-bedroom-unit-n03c-for-sale-in-maven-at-capitol-commons-pasig-city.html
Studio Unit for Sale in Davao - Arezzo Place Davao,"Sasa, Davao",3010000.0,1.0,1.0,32.0,,7.128006,125.648968,https://www.lamudi.com.ph/studio-unit-for-sale-in-davao-arezzo-place-davao.html
"Suntrust Shanata, 3-Bedroom (Unit M) for Sale in Novaliches, Quezon City","Novaliches, Quezon City",7802700.0,3.0,2.0,54.0,,14.68155,121.0198,https://www.lamudi.com.ph/suntrust-shanata-3-bedroom-unit-m-for-sale-in-novaliches-quezon-city.html
"Studio Condo Unit (18I) for Sale in One Sierra, EDSA, Mandaluyong City, Metro Manila","Highway Hills, Mandaluyong",7035469.0,1.0,1.0,32.0,,14.578255,121.052143,https://www.lamudi.com.ph/studio-condo-unit-18i-for-sale-in-one-sierra-edsa-mandaluyong-city-metro-manila.html
"3-Bedroom Unit (N46 E1-E2) for Sale in Maven at Capitol Commons, Pasig City","Ortigas CBD, Pasig",26202400.0,3.0,2.0,110.0,,14.583771,121.059675,https://www.lamudi.com.ph/3-bedroom-unit-n46-e1-e2-for-sale-in-maven-at-capitol-commons-pasig-city.html
"2-Bedroom Unit (N62B) for Sale in Maven at Capitol Commons, Pasig City","Ortigas CBD, Pasig",17912600.0,2.0,2.0,74.0,,14.583771,121.059675,https://www.lamudi.com.ph/2-bedroom-unit-n62b-for-sale-in-maven-at-capitol-commons-pasig-city.html
"Studio Condo Unit (28F) for Sale in One Sierra, EDSA, Mandaluyong City, Metro Manila","Highway Hills, Mandaluyong",8091264.0,1.0,1.0,33.0,,14.578255,121.052143,https://www.lamudi.com.ph/studio-condo-unit-28f-for-sale-in-one-sierra-edsa-mandaluyong-city-metro-manila.html
2-Bedroom Unit (62 sqm) for Sale in Grand View Tower Pasay,"Libertad, Pasay",14500000.0,2.0,2.0,62.0,,14.547436,120.998485,https://www.lamudi.com.ph/2-bedroom-unit-62-sqm-for-sale-in-grand-view-tower-pasay.html
"3-Bedroom Unit (S08D) for Sale in Maven at Capitol Commons, Pasig City","Ortigas CBD, Pasig",22720700.0,3.0,2.0,98.0,,14.583771,121.059675,https://www.lamudi.com.ph/3-bedroom-unit-s08d-for-sale-in-maven-at-capitol-commons-pasig-city.html
"Condominium with 2 bedroom for Sale in Suntrust Asmara, New Manila, Quezon City","New Manila, Quezon City",7136000.0,2.0,1.0,39.0,,14.621176,121.022808,https://www.lamudi.com.ph/condominium-with-2-bedroom-for-sale-in-suntrust-asmara-new-manila-quezon-city-2.html
"For Sale 2-Bedroom Unit at Woodsville Crest, Merville Paranaque | 5% Launch Promo!","Merville, Paranaque",11600000.0,2.0,1.0,58.0,,14.499387,121.025633,https://www.lamudi.com.ph/for-sale-2-bedroom-unit-at-woodsville-crest-merville-paranaque-5-launch-promo.html
"Pre-Selling 1-Bedroom Unit (68 sqm) in The Radiance Manila Bay South, Pasay City","Pasay Rotonda, Pasay",11500000.0,1.0,,68.0,,,120.989,https://www.lamudi.com.ph/pre-selling-1-bedroom-unit-68-sqm-in-the-radiance-manila-bay-south-pasay-city-1.html
"Lot for Sale in The Villages at Lipa, Batangas (Sierra Village) - with Special Offer","Bugtong Na Pulo, Lipa",5000000.0,,,,281.0,14.0042716,121.1705877,https://www.lamudi.com.ph/lot-for-sale-in-the-villages-at-lipa-batangas-sierra-village-with-special-offer.html
"Pre-Selling 1-Bedroom Unit in Acacia Escalades A, Pasig City","Manggahan, Pasig",3600000.0,1.0,1.0,,,14.601887,121.093698,https://www.lamudi.com.ph/pre-selling-1-bedroom-unit-in-acacia-escalades-a-pasig-city.html
"House and Lot with 3 bedroom for Sale in Verona, Lumil, Silang-Luciana","Lumil, Silang",9434000.0,3.0,,174.0,176.0,14.183344,121.012375,https://www.lamudi.com.ph/house-and-lot-with-3-bedroom-for-sale-in-verona-lumil-silang-luciana.html
Pre-Selling 1BR Executive (49.50 sqm) at The Sapphire Bloc East in Ortigas CBD,"Ortigas CBD, Pasig",10500000.0,1.0,1.0,49.0,,14.587518,121.062753,https://www.lamudi.com.ph/pre-selling-1br-executive-49-50-sqm-at-the-sapphire-bloc-east-in-ortigas-cbd-1.html
"2-Bedroom Unit (S60G) for Sale in Maven at Capitol Commons, Pasig City","Ortigas CBD, Pasig",17743600.0,2.0,2.0,74.0,,14.583771,121.059675,https://www.lamudi.com.ph/2-bedroom-unit-s60g-for-sale-in-maven-at-capitol-commons-pasig-city.html
GAIA 2-Storey Single Detached (Irregular) for Sale in Idesia Dasmarinas Phase 1,"San Agustin I, Dasmarinas",5600000.0,3.0,,63.0,103.0,14.304975,120.944111,https://www.lamudi.com.ph/gaia-2-storey-single-detached-irregular-for-sale-in-idesia-dasmarinas-phase-1.html
"3BR Unit for Sale in Suntrust Amadea Tower 1, Quezon City","Paligsahan, Quezon City",6709716.0,3.0,2.0,46.0,,14.631613,121.023475,https://www.lamudi.com.ph/3br-unit-for-sale-in-suntrust-amadea-tower-1-quezon-city.html
"2-Bedroom Unit (38L) - Residences at The Galleon (Pre-selling) in Ortigas CBD, Pasig","San Antonio, Pasig",47546000.0,2.0,2.0,109.0,,14.588377,121.059897,https://www.lamudi.com.ph/2-bedroom-unit-38l-residences-at-the-galleon-pre-selling-in-ortigas-cbd-pasig.html
"RFO 2-Bedroom Unit (80 sqm) in The Radiance Manila Bay North, Pasay City","Pasay Rotonda, Pasay",14900000.0,2.0,,80.0,,,120.989,https://www.lamudi.com.ph/rfo-2-bedroom-unit-80-sqm-in-the-radiance-manila-bay-north-pasay-city-1.html
"2 bedroom Condominium for Sale in Suntrust Capitol Plaza, Diliman, Quezon City","Diliman, Quezon City",12200000.0,2.0,2.0,68.0,,14.644874,121.050593,https://www.lamudi.com.ph/2-bedroom-condominium-for-sale-in-suntrust-capitol-plaza-diliman-quezon-city-2.html
"2-Bedroom Unit (S51G) for Sale in Maven at Capitol Commons, Pasig City","Ortigas CBD, Pasig",17641900.0,2.0,2.0,74.0,,14.583771,121.059675,https://www.lamudi.com.ph/2-bedroom-unit-s51g-for-sale-in-maven-at-capitol-commons-pasig-city.html
"Pre-selling 3BR 3-Storey Townhouse for Sale in Likha Residences, Cupang, Muntinlupa |...","Cupang, Muntinlupa",28844000.0,3.0,,250.0,92.0,14.434669,121.040194,https://www.lamudi.com.ph/pre-selling-3br-3-storey-townhouse-for-sale-in-likha-residences-cupang-muntinlupa-unit-facing-clubhouse-4.html
"Condominium with 3 bedroom for Sale in Suntrust Solana, Ermita, Manila","Ermita, Manila",7500000.0,3.0,2.0,52.0,,14.590526,120.985482,https://www.lamudi.com.ph/condominium-with-3-bedroom-for-sale-in-suntrust-solana-ermita-manila.html
"1-Bedroom Unit for Sale in One Lakeshore Drive, San Antonio, Davao - Tower 4","San Antonio, Davao",7320000.0,1.0,2.0,50.0,,7.095857,125.630475,https://www.lamudi.com.ph/1-bedroom-unit-for-sale-in-one-lakeshore-drive-san-antonio-davao-tower-4.html
"4-Bedroom House and Lot (Caterina Model) for Sale in Suntrust Verona, Silang, Cavite","Lumil, Silang",8466000.0,4.0,,136.0,176.0,14.183344,121.012375,https://www.lamudi.com.ph/4-bedroom-house-and-lot-caterina-model-for-sale-in-suntrust-verona-silang-cavite.html
"1-Bedroom Unit for Sale in Cerise Tower, Southwoods, Binan, Laguna | 41.9sqm","San Francisco, Binan",8500000.0,1.0,1.0,41.0,,14.3336384,121.0555577,https://www.lamudi.com.ph/1-bedroom-unit-for-sale-in-cerise-tower-southwoods-binan-laguna-41-9sqm.html
"Pre-selling 3BR 4-Storey Townhouse for Sale in Likha Residences, Cupang, Muntinlupa |...","Cupang, Muntinlupa",39675000.0,3.0,,323.0,90.0,14.434669,121.040194,https://www.lamudi.com.ph/pre-selling-3br-4-storey-townhouse-for-sale-in-likha-residences-cupang-muntinlupa-typical-elevated-garden-unit-2.html
"Studio Unit for Sale in Suntrust Amadea Tower 2, Quezon City","Paligsahan, Quezon City",3040080.0,1.0,1.0,24.0,,14.631613,121.023475,https://www.lamudi.com.ph/studio-unit-for-sale-in-suntrust-amadea-tower-2-quezon-city-1.html
"4-Bedroom House and Lot (Orabella Model) for Sale in Suntrust Verona, Silang, Cavite","Lumil, Silang",8913000.0,4.0,,147.0,176.0,14.183344,121.012375,https://www.lamudi.com.ph/4-bedroom-house-and-lot-orabella-model-for-sale-in-suntrust-verona-silang-cavite.html
"1-Bedroom Unit (37.9 sqm) for Sale in City Clou, Cebu City","Zapatera, Cebu",5029302.0,1.0,1.0,37.0,,10.305725,123.904993,https://www.lamudi.com.ph/1-bedroom-unit-37-9-sqm-for-sale-in-city-clou-cebu-city.html
"1-Bedroom Unit (S36D1) for Sale in Maven at Capitol Commons, Pasig City","Ortigas CBD, Pasig",11054400.0,1.0,1.0,47.0,,14.583771,121.059675,https://www.lamudi.com.ph/1-bedroom-unit-s36d1-for-sale-in-maven-at-capitol-commons-pasig-city.html
"Condominium with 2 bedroom for Sale in One Lakeshore Drive, San Antonio, Davao","San Antonio, Davao",10760000.0,2.0,2.0,76.0,,7.095857,125.630475,https://www.lamudi.com.ph/condominium-with-2-bedroom-for-sale-in-one-lakeshore-drive-san-antonio-davao-2.html
"Cityland One Premier, 2-Bedroom Unit (58.29 sqm) for Sale in Las Pinas City","Almanza Uno, Las Pinas",5526622.0,2.0,1.0,58.0,,14.4324914,121.0140532,https://www.lamudi.com.ph/cityland-one-premier-2-bedroom-unit-58-29-sqm-for-sale-in-las-pinas-city.html
"ARIA Townhouse (Inner) for Sale in Idesia Lipa, Batangas","Inosloban, Lipa",2800000.0,2.0,,42.0,60.0,13.9775271,121.1701226,https://www.lamudi.com.ph/aria-townhouse-inner-for-sale-in-idesia-lipa-batangas.html
"2-Bedroom Unit for Sale in Cerise Tower, Southwoods City, Binan, Laguna | 80sqm","San Francisco, Binan",20000000.0,2.0,1.0,80.0,,14.3336384,121.0555577,https://www.lamudi.com.ph/2-bedroom-unit-for-sale-in-cerise-tower-southwoods-city-binan-laguna-80sqm-1.html
"1-Bedroom Condo Unit (6J) for Sale in One Sierra, EDSA, Mandaluyong City, Metro Manil...","Highway Hills, Mandaluyong",12508872.0,1.0,1.0,57.0,,14.578255,121.052143,https://www.lamudi.com.ph/1-bedroom-condo-unit-6j-for-sale-in-one-sierra-edsa-mandaluyong-city-metro-manila.html
"Pre-Selling 1-Bedroom Unit in SYNC - S Tower, Pasig, Metro Manila, 6.6M","Bagong Ilog, Pasig",6600000.0,1.0,1.0,,,14.565391,121.06934,https://www.lamudi.com.ph/pre-selling-1-bedroom-unit-in-sync-s-tower-pasig-metro-manila-6-6m.html
TALIA 2-Storey Single Attached (Regular) for Sale in Idesia Dasmarinas Phase 2,"San Agustin I, Dasmarinas",4000000.0,2.0,,52.0,80.0,14.304975,120.944111,https://www.lamudi.com.ph/talia-2-storey-single-attached-regular-for-sale-in-idesia-dasmarinas-phase-2.html
"Studio Unit (41L) for Sale in Empress at Capitol Commons, Pasig City","Oranbo, Pasig",12262000.0,1.0,1.0,40.0,,14.575822,121.064324,https://www.lamudi.com.ph/studio-unit-41l-for-sale-in-empress-at-capitol-commons-pasig-city.html
North Orchard Residences - Single Attached-Complete House and Lot for Sale in Sta. Ma...,"Caysio, Santa Maria",4297800.0,3.0,,112.0,80.0,14.843912,120.968376,https://www.lamudi.com.ph/north-orchard-residences-single-attached-complete-house-and-lot-for-sale-in-sta-maria-bulacan.html
"3BR House and Lot (Fiorenza Standard) for Sale in Suntrust Verona, Silang, Cavite","Lumil, Silang",5941000.0,3.0,,112.0,120.0,14.183344,121.012375,https://www.lamudi.com.ph/3br-house-and-lot-fiorenza-standard-for-sale-in-suntrust-verona-silang-cavite.html
GAIA 2-Storey Single Detached (Irregular) for Sale in Idesia Dasmarinas Phase 2,"San Agustin I, Dasmarinas",5800000.0,3.0,,63.0,143.0,14.304975,120.944111,https://www.lamudi.com.ph/gaia-2-storey-single-detached-irregular-for-sale-in-idesia-dasmarinas-phase-2.html
4-Bedroom Single Attached House and Lot for Sale in Ajoya Pampanga (Mexico) - with Sp...,"Eden, Mexico",4400000.0,4.0,,91.0,110.0,15.125835,120.680386,https://www.lamudi.com.ph/4-bedroom-single-attached-house-and-lot-for-sale-in-ajoya-pampanga-mexico-with-special-offer.html
"2-Bedroom Condo Unit (12C) for Sale in One Sierra, EDSA, Mandaluyong City, Metro Mani...","Highway Hills, Mandaluyong",16545507.0,2.0,2.0,84.0,,14.578255,121.052143,https://www.lamudi.com.ph/2-bedroom-condo-unit-12c-for-sale-in-one-sierra-edsa-mandaluyong-city-metro-manila.html
"Studio Unit for Sale in Suntrust Amadea - Tower 1, Quezon City","Paligsahan, Quezon City",2963760.0,1.0,1.0,24.0,,14.646511,120.996952,https://www.lamudi.com.ph/studio-unit-for-sale-in-suntrust-amadea-tower-1-quezon-city.html
3-Bedroom Affordable House and Lot with Open Plan convertible to Dorm Type for Sale i...,"Bagakay, Ozamiz",2250000.0,3.0,,70.0,100.0,8.14369,123.813471,https://www.lamudi.com.ph/3-bedroom-affordable-house-and-lot-with-open-plan-convertible-to-dorm-type-for-sale-in-dona-rufina-bagakay-ozamiz-city-sulit-dorm.html
"Pre-selling 3BR 4-Storey Townhouse for Sale in Likha Residences, Cupang, Muntinlupa |...","Cupang, Muntinlupa",40322000.0,3.0,,323.0,90.0,14.434669,121.040194,https://www.lamudi.com.ph/pre-selling-3br-4-storey-townhouse-for-sale-in-likha-residences-cupang-muntinlupa-typical-elevated-garden-unit-1.html
"Suntrust Solana - 3-Bedroom Unit for Sale in Ermita, Manila","Ermita, Manila",7500000.0,3.0,2.0,52.0,,14.590526,120.985482,https://www.lamudi.com.ph/suntrust-solana-3-bedroom-unit-for-sale-in-ermita-manila.html
"Duplex House and Lot Side by Side Parkside for Sale in Ajoya Capas, Tarlac - with Spe...","Talaga, Capas",3600000.0,,,66.0,79.0,15.38115,120.590541,https://www.lamudi.com.ph/duplex-house-and-lot-side-by-side-parkside-for-sale-in-ajoya-capas-tarlac-with-special-offer.html
"Studio Unit for Sale at Woodsville Crest, Merville, Paranaque | 5% Launch Promo!","Merville, Paranaque",4740000.0,1.0,1.0,23.0,,14.499387,121.025633,https://www.lamudi.com.ph/studio-unit-for-sale-at-woodsville-crest-merville-paranaque-5-launch-promo-1.html
"Cityland Pioneer Heights 1, 1-Bedroom Deluxe (50.97 sqm) for Sale in Mandaluyong","Highway Hills, Mandaluyong",5254367.0,1.0,2.0,50.0,,14.578255,121.052143,https://www.lamudi.com.ph/cityland-pioneer-heights-1-1-bedroom-deluxe-50-97-sqm-for-sale-in-mandaluyong.html
"RFO 2-Bedroom Condo Unit for Sale in Asia Enclaves, Cupang, Muntinlupa City | 317-C","Cupang, Muntinlupa",5071500.0,2.0,1.0,54.0,,14.434669,121.040194,https://www.lamudi.com.ph/rfo-2-bedroom-condo-unit-for-sale-in-asia-enclaves-cupang-muntinlupa-city-317-c.html
"1-Bedroom Unit (824) for Sale in Maple at Verdant Towers, Ortigas, Pasig City","Ugong, Pasig",15737000.0,1.0,,58.0,,14.588882,121.079016,https://www.lamudi.com.ph/1-bedroom-unit-824-for-sale-in-maple-at-verdant-towers-ortigas-pasig-city.html
"2-Bedroom Unit (35O) for Sale in Empress at Capitol Commons, Pasig City","Oranbo, Pasig",34575000.0,2.0,2.0,106.0,,14.575822,121.064324,https://www.lamudi.com.ph/2-bedroom-unit-35o-for-sale-in-empress-at-capitol-commons-pasig-city.html
ARIA Townhouse (Inner) for Sale in Idesia Dasmarinas Phase 2,"San Agustin I, Dasmarinas",2800000.0,2.0,,42.0,60.0,14.304975,120.944111,https://www.lamudi.com.ph/aria-townhouse-inner-for-sale-in-idesia-dasmarinas-phase-2.html
"ARIA RFO Townhouse for Sale in Idesia Dasmarinas Ph1, Special Discount 269K -Blk10 Lo...","San Agustin I, Dasmarinas",2239999.0,2.0,,42.0,60.0,14.304975,120.944111,https://www.lamudi.com.ph/aria-rfo-townhouse-for-sale-in-idesia-dasmarinas-ph1-special-discount-269k-blk10-lot14.html
"Lot Only for Sale in Ajoya Capas, Tarlac near New Clark City","Talaga, Capas",1900000.0,,,,112.0,15.38115,120.590541,https://www.lamudi.com.ph/lot-only-for-sale-in-ajoya-capas-tarlac-near-new-clark-city.html
"Pre-Selling Studio Unit, The Sapphire Bloc South Tower, Ortigas CBD Pasig, 6.59M","Ortigas CBD, Pasig",6590000.0,1.0,1.0,,,14.587518,121.062753,https://www.lamudi.com.ph/pre-selling-studio-unit-the-sapphire-bloc-south-tower-ortigas-cbd-pasig-6-59m.html
"1-Bedroom Unit (1505) for Sale in Maple at Verdant Towers, Ortigas, Pasig City","Ugong, Pasig",15635000.0,1.0,1.0,56.0,,14.588882,121.079016,https://www.lamudi.com.ph/1-bedroom-unit-1505-for-sale-in-maple-at-verdant-towers-ortigas-pasig-city.html
"Condominium with 3 bedroom for Sale in Suntrust Shanata, Novaliches, Quezon City","Novaliches, Quezon City",7802700.0,3.0,2.0,54.0,,14.68155,121.0198,https://www.lamudi.com.ph/condominium-with-3-bedroom-for-sale-in-suntrust-shanata-novaliches-quezon-city-1.html
"For Sale: 2-Bedroom Unit in Suntrust Capitol Plaza, Diliman, Quezon City","Diliman, Quezon City",12200000.0,2.0,2.0,68.0,,14.644874,121.050593,https://www.lamudi.com.ph/for-sale-2-bedroom-unit-in-suntrust-capitol-plaza-diliman-quezon-city.html
"Condo Dormitory (Unit 102-20) for Sale in UniPlace @ SWU Village, Cebu City","Sambag II, Cebu",2810000.0,1.0,1.0,24.0,,10.3058395,123.8908567,https://www.lamudi.com.ph/condo-dormitory-unit-102-20-for-sale-in-uniplace-swu-village-cebu-city.html
"1-Bedroom Unit (51K) - Residences at The Galleon (Pre-selling) in Ortigas CBD, Pasig","San Antonio, Pasig",28593000.0,1.0,1.0,69.0,,14.588377,121.059897,https://www.lamudi.com.ph/1-bedroom-unit-51k-residences-at-the-galleon-pre-selling-in-ortigas-cbd-pasig.html
"Pre-selling 3BR 4-Storey Townhouse for Sale in Likha Residences, Cupang, Muntinlupa |...","Cupang, Muntinlupa",39027000.0,3.0,,323.0,105.0,14.434669,121.040194,https://www.lamudi.com.ph/pre-selling-3br-4-storey-townhouse-for-sale-in-likha-residences-cupang-muntinlupa-typical-unit.html
"2-Bedroom House for Sale at Camella Monticello in San Jose del Monte, Bulacan | Ezabe...","Sapang Palay, San Jose del Monte",3109000.0,2.0,,42.0,63.0,14.8450503,121.0612785,https://www.lamudi.com.ph/2-bedroom-house-for-sale-at-camella-monticello-in-san-jose-del-monte-bulacan-ezabelle-nrfo.html
"2-Bedroom House for Sale at Camella Monticello in San Jose del Monte, Bulacan | Crise...","Sapang Palay, San Jose del Monte",2973000.0,2.0,,40.0,63.0,14.8450503,121.0612785,https://www.lamudi.com.ph/2-bedroom-house-for-sale-at-camella-monticello-in-san-jose-del-monte-bulacan-criselle-nrfo.html
"Studio Unit for Sale in Suntrust Amadea Tower 1, Quezon City, 3.17M","Paligsahan, Quezon City",3167280.0,1.0,1.0,24.0,,14.631613,121.023475,https://www.lamudi.com.ph/studio-unit-for-sale-in-suntrust-amadea-tower-1-quezon-city-3-17m.html
"Pre-Selling 1-Bedroom Unit in Galleria Residences 2, Cebu City, 7.9M","North Reclamation Area, Cebu",7900000.0,1.0,1.0,,,10.3084189,123.9157609,https://www.lamudi.com.ph/pre-selling-1-bedroom-unit-in-galleria-residences-2-cebu-city-7-9m.html
"2-Storey 4BR House and Lot (Niran Model) for Sale in Suntrust Sentosa, Calamba, Lagun...","Punta, Calamba",6396780.0,4.0,,115.0,176.0,14.176345,121.122173,https://www.lamudi.com.ph/2-storey-4br-house-and-lot-niran-model-for-sale-in-suntrust-sentosa-calamba-laguna.html
"3 bedroom House and Lot for Sale in San Francisco Heights, Calamba-Sabrina","Palo-Alto, Calamba",4442000.0,3.0,,60.0,110.0,14.188482,121.109967,https://www.lamudi.com.ph/3-bedroom-house-and-lot-for-sale-in-san-francisco-heights-calamba-sabrina.html
"For Sale Studio Unit in Suntrust Ascentia at Santa Ana, Manila","Santa Ana, Manila",5028452.0,1.0,1.0,29.0,,14.5822048,121.0135541,https://www.lamudi.com.ph/for-sale-studio-unit-in-suntrust-ascentia-at-santa-ana-manila.html
4-Bedroom Single Detached House and Lot for Sale in The Arcadia | Boundary of Angeles...,"Manibaug Paralaya, Porac",6574890.0,4.0,,124.0,143.0,15.119767,120.560714,https://www.lamudi.com.ph/4-bedroom-single-detached-house-and-lot-for-sale-in-the-arcadia-boundary-of-angeles-and-porac-pampanga-aberdeen-model.html
"RFO 1-Bedroom Condo Unit for Sale in Asia Enclaves, Cupang, Muntinlupa City | 125-J","Cupang, Muntinlupa",3756900.0,1.0,1.0,40.0,,14.434669,121.040194,https://www.lamudi.com.ph/rfo-1-bedroom-condo-unit-for-sale-in-asia-enclaves-cupang-muntinlupa-city-125-j.html
4-Bedroom Single Detached House and Lot for for Sale in The Arcadia | Boundary of Ang...,"Manibaug Paralaya, Porac",5379890.0,4.0,,96.0,98.0,15.119767,120.560714,https://www.lamudi.com.ph/4-bedroom-single-detached-house-and-lot-for-for-sale-in-the-arcadia-boundary-of-angeles-and-porac-pampanga-arrah-model.html
"2-Storey 4BR House and Lot (Micaela Model) for Sale in Suntrust Verona, Silang, Cavit...","Lumil, Silang",10592480.0,4.0,,178.0,176.0,14.17569,121.6557,https://www.lamudi.com.ph/2-storey-4br-house-and-lot-micaela-model-for-sale-in-suntrust-verona-silang-cavite.html
"2-Storey 4BR House and Lot (Micaella Model) for Sale in Siena Hills, Lipa City, Batan...","Antipolo del Sur, Lipa",9540880.0,4.0,,178.0,176.0,,121.185,https://www.lamudi.com.ph/2-storey-4br-house-and-lot-micaella-model-for-sale-in-siena-hills-lipa-city-batangas.html
GAIA 2-Storey Single Detached (Corner) for Sale in Idesia Dasmarinas Phase 2,"San Agustin I, Dasmarinas",6900000.0,3.0,,63.0,187.0,14.304975,120.944111,https://www.lamudi.com.ph/gaia-2-storey-single-detached-corner-for-sale-in-idesia-dasmarinas-phase-2.html
"Pre-Selling 2-Bedroom Unit in Acacia Escalades B, Pasig City, 6.6M","Manggahan, Pasig",6600000.0,2.0,,,,14.601887,121.093698,https://www.lamudi.com.ph/pre-selling-2-bedroom-unit-in-acacia-escalades-b-pasig-city-6-6m.html
"Residential Unit (111-08) for Sale in UniPlace @ SWU Village, Cebu City","Sambag II, Cebu",2810000.0,1.0,1.0,24.0,,10.3058395,123.8908567,https://www.lamudi.com.ph/residential-unit-111-08-for-sale-in-uniplace-swu-village-cebu-city.html
"2-Bedroom Unit (S53G) for Sale in Maven at Capitol Commons, Pasig City","Ortigas CBD, Pasig",17641900.0,2.0,2.0,74.0,,14.583771,121.059675,https://www.lamudi.com.ph/2-bedroom-unit-s53g-for-sale-in-maven-at-capitol-commons-pasig-city.html
ARIA Townhouse (End) for Sale in Idesia Dasmarinas Phase 2,"San Agustin I, Dasmarinas",3050000.0,2.0,,42.0,90.0,14.304975,120.944111,https://www.lamudi.com.ph/aria-townhouse-end-for-sale-in-idesia-dasmarinas-phase-2.html
"1-Bedroom Unit (S09A) for Sale in Maven at Capitol Commons, Pasig City","Ortigas CBD, Pasig",9576000.0,1.0,1.0,42.0,,14.583771,121.059675,https://www.lamudi.com.ph/1-bedroom-unit-s09a-for-sale-in-maven-at-capitol-commons-pasig-city.html
"3-Bedroom House and Lot for Sale at Lancaster New City in Kawit, Cavite -MARGARET Mod...","San Sebastian, Kawit",5690000.0,3.0,,72.0,100.0,14.4185112,120.898962,https://www.lamudi.com.ph/3-bedroom-house-and-lot-for-sale-at-lancaster-new-city-in-kawit-cavite-margaret-model.html
"Pre-Selling Studio Unit (17 sqm) in Gateway Regency Studios, Mandaluyong","Barangka Ilaya, Mandaluyong",4100000.0,1.0,1.0,17.0,,14.572246,121.05402,https://www.lamudi.com.ph/pre-selling-studio-unit-17-sqm-in-gateway-regency-studios-mandaluyong-1.html
"Serviced Residence Studio Unit for Sale in Cerise Tower, Southwoods City, Binan","San Francisco, Binan",8100000.0,1.0,1.0,32.0,,14.3336384,121.0555577,https://www.lamudi.com.ph/serviced-residence-studio-unit-for-sale-in-cerise-tower-southwoods-city-binan.html
"RFO 1-Bedroom Condo Unit for Sale in Asia Enclaves, Cupang, Muntinlupa City | 227-P","Cupang, Muntinlupa",4644600.0,1.0,1.0,40.0,,14.434669,121.040194,https://www.lamudi.com.ph/rfo-1-bedroom-condo-unit-for-sale-in-asia-enclaves-cupang-muntinlupa-city-227-p.html
"Offices at The Galleon - Prime Suite (11H) for Sale in Ortigas, Pasig","San Antonio, Pasig",39999000.0,,,115.0,,14.588716,121.060009,https://www.lamudi.com.ph/offices-at-the-galleon-prime-suite-11h-for-sale-in-ortigas-pasig.html
"2-Bedroom Unit (2712) for Sale in Maple at Verdant Towers, Ortigas, Pasig City","Ugong, Pasig",25364000.0,2.0,1.0,89.0,,14.588882,121.079016,https://www.lamudi.com.ph/2-bedroom-unit-2712-for-sale-in-maple-at-verdant-towers-ortigas-pasig-city.html
"3-Bedroom Townhouse for Sale at Lancaster New City in Imus, Cavite -ALICE Model","Alapan II-A, Imus",1880600.0,3.0,,40.0,40.0,14.4084872,120.9062254,https://www.lamudi.com.ph/3-bedroom-townhouse-for-sale-at-lancaster-new-city-in-imus-cavite-alice-model.html
Cityland Pioneer Heights 1 - Studio Deluxe (34.2 sqm) for Sale in Mandaluyong,"Highway Hills, Mandaluyong",3816429.0,1.0,1.0,34.0,,14.578255,121.052143,https://www.lamudi.com.ph/cityland-pioneer-heights-1-studio-deluxe-34-2-sqm-for-sale-in-mandaluyong.html
4-Bedroom Single Detached House and Lot for Sale in The Arcadia | Boundary of Angeles...,"Manibaug Paralaya, Porac",6628665.0,4.0,,121.0,143.0,15.119767,120.560714,https://www.lamudi.com.ph/4-bedroom-single-detached-house-and-lot-for-sale-in-the-arcadia-boundary-of-angeles-and-porac-pampanga-alexandria-model.html
"Lot for Sale in The Villages at Lipa, Batangas (Brook Village) - with Special Offer","Bugtong Na Pulo, Lipa",2000000.0,,,,152.0,14.0042716,121.1705877,https://www.lamudi.com.ph/lot-for-sale-in-the-villages-at-lipa-batangas-brook-village-with-special-offer.html
"3-Bedroom House and Lot for Sale at Lancaster New City in Imus, Cavite -GABRIELLE Mod...","Alapan II-A, Imus",6650000.0,3.0,,84.0,120.0,14.4084872,120.9062254,https://www.lamudi.com.ph/3-bedroom-house-and-lot-for-sale-at-lancaster-new-city-in-imus-cavite-gabrielle-model.html
"Studio Condo Unit (10D) for Sale in One Sierra, EDSA, Mandaluyong City, Metro Manila","Highway Hills, Mandaluyong",7636063.0,1.0,1.0,31.0,,14.578255,121.052143,https://www.lamudi.com.ph/studio-condo-unit-10d-for-sale-in-one-sierra-edsa-mandaluyong-city-metro-manila.html
Pre-Selling 1-Bedroom Unit (36.5 sqm) in The Magnolia Residences D at New Manila,"New Manila, Quezon City",7200000.0,1.0,1.0,36.0,,,121.039,https://www.lamudi.com.ph/pre-selling-1-bedroom-unit-36-5-sqm-in-the-magnolia-residences-d-at-new-manila-1.html
"2BR Condo Unit for Sale in Ibiza Tower at Circulo Verde, Bagumbayan, Quezon City | Un...","Bagumbayan, Quezon City",14612268.0,2.0,2.0,67.0,,14.6018,121.0885977937,https://www.lamudi.com.ph/2br-condo-unit-for-sale-in-ibiza-tower-at-circulo-verde-bagumbayan-quezon-city-unit-16g.html
"Suntrust Amadea Tower 2, 3-Bedroom Unit for Sale in Quezon City","Paligsahan, Quezon City",7123896.0,3.0,2.0,46.0,,14.646511,120.996952,https://www.lamudi.com.ph/suntrust-amadea-tower-2-3-bedroom-unit-for-sale-in-quezon-city.html
"1-Bedroom Unit (S03A) for Sale in Maven at Capitol Commons, Pasig City","Ortigas CBD, Pasig",9576000.0,1.0,1.0,42.0,,14.583771,121.059675,https://www.lamudi.com.ph/1-bedroom-unit-s03a-for-sale-in-maven-at-capitol-commons-pasig-city.html
"Condo Unit with 2 Bedrooms for Sale in One Lakeshore Drive, San Antonio, Davao","San Antonio, Davao",10760000.0,2.0,2.0,76.0,,7.095857,125.630475,https://www.lamudi.com.ph/condo-unit-with-2-bedrooms-for-sale-in-one-lakeshore-drive-san-antonio-davao.html
"3-Bedroom House and Lot for Sale at Lancaster New City in General Trias, Cavite -AIRA...","Pasong Camachile I, General Trias",5282600.0,3.0,,80.0,92.0,14.37318,120.896613,https://www.lamudi.com.ph/3-bedroom-house-and-lot-for-sale-at-lancaster-new-city-in-general-trias-cavite-aira-model.html
"Pre-Selling Studio Unit (25.50 sqm) in Galleria Residences 3, Cebu City","North Reclamation Area, Cebu",4690752.0,1.0,,25.0,,10.3084189,123.9157609,https://www.lamudi.com.ph/pre-selling-studio-unit-25-50-sqm-in-galleria-residences-3-cebu-city-1.html
"2-Bedroom Townhouse for Sale in The Villages at Lipa, Brook Village, Batangas - with ...","Bugtong Na Pulo, Lipa",2900000.0,2.0,,53.0,52.0,14.0042716,121.1705877,https://www.lamudi.com.ph/2-bedroom-townhouse-for-sale-in-the-villages-at-lipa-brook-village-batangas-with-special-offer.html
"The Villas at Dasmarinas Highlands, 3-Storey 4BR House and Lot for Sale","San Agustin I, Dasmarinas",8473000.0,4.0,,155.0,66.0,14.304975,120.944111,https://www.lamudi.com.ph/the-villas-at-dasmarinas-highlands-3-storey-4br-house-and-lot-for-sale.html
"2BR Condo Unit for Sale in Ibiza Tower at Circulo Verde, Bagumbayan, Quezon City | Un...","Bagumbayan, Quezon City",14278110.0,2.0,2.0,67.0,,14.605396,121.081903,https://www.lamudi.com.ph/2br-condo-unit-for-sale-in-ibiza-tower-at-circulo-verde-bagumbayan-quezon-city-unit-8h.html
"Lot for Sale in Amoa, Compostela, Cebu - with Special Offer","Tamiao, Compostela",2400000.0,,,,120.0,10.44226,123.994411,https://www.lamudi.com.ph/lot-for-sale-in-amoa-compostela-cebu-with-special-offer.html
"Studio Condo Unit (10D) for Sale in One Sierra, EDSA, Mandaluyong City, Metro Manila","Highway Hills, Mandaluyong",7636063.0,1.0,1.0,31.0,,14.578255,121.052143,https://www.lamudi.com.ph/studio-condo-unit-10d-for-sale-in-one-sierra-edsa-mandaluyong-city-metro-manila.html
"3-Bedroom House and Lot for Sale at Lancaster New City in General Trias, Cavite -AIRA...","Pasong Camachile I, General Trias",5282600.0,3.0,,80.0,92.0,14.37318,120.896613,https://www.lamudi.com.ph/3-bedroom-house-and-lot-for-sale-at-lancaster-new-city-in-general-trias-cavite-aira-model.html
"Condo Unit with 2 Bedrooms for Sale in One Lakeshore Drive, San Antonio, Davao","San Antonio, Davao",10760000.0,2.0,2.0,76.0,,7.095857,125.630475,https://www.lamudi.com.ph/condo-unit-with-2-bedrooms-for-sale-in-one-lakeshore-drive-san-antonio-davao.html
"Studio Unit for Sale in Cerise Tower, Southwoods City, Binan, Laguna | 24.85sqm","San Francisco, Binan",5600000.0,1.0,1.0,24.0,,14.3336384,121.0555577,https://www.lamudi.com.ph/studio-unit-for-sale-in-cerise-tower-southwoods-city-binan-laguna-24-85sqm.html
"Pre-Selling Studio Unit (25.50 sqm) in Galleria Residences 3, Cebu City","North Reclamation Area, Cebu",4690752.0,1.0,,25.0,,10.3084189,123.9157609,https://www.lamudi.com.ph/pre-selling-studio-unit-25-50-sqm-in-galleria-residences-3-cebu-city-1.html
"5-Bedroom House for Sale at Camella Provence in Malolos City, Bulacan | Ella, NRFO","Longos, Malolos",7226000.0,5.0,,100.0,110.0,14.8743986,120.7973062,https://www.lamudi.com.ph/5-bedroom-house-for-sale-at-camella-provence-in-malolos-city-bulacan-ella-nrfo.html
"3-Bedroom House for Sale at Camella Monticello in San Jose del Monte, Bulacan | Cara,...","Sapang Palay, San Jose del Monte",5078000.0,3.0,,66.0,88.0,14.8450503,121.0612785,https://www.lamudi.com.ph/3-bedroom-house-for-sale-at-camella-monticello-in-san-jose-del-monte-bulacan-cara-nrfo.html
"2-Bedroom Unit for Sale in The Trion Towers - Tower 3, BGC Taguig, 23M","McKinley Hill, Taguig",23000000.0,2.0,,,,14.54595,121.0494,https://www.lamudi.com.ph/2-bedroom-unit-for-sale-in-the-trion-towers-tower-3-bgc-taguig-23m.html
"Offices at The Galleon - Glass Unit (34E) for Sale in Ortigas, Pasig","San Antonio, Pasig",32795000.0,,,93.0,,14.588716,121.060009,https://www.lamudi.com.ph/offices-at-the-galleon-glass-unit-34e-for-sale-in-ortigas-pasig.html
"Loft Unit for Sale in AMA Tower Residences, Wack-Wack Greenhills Mandaluyong|32R","Wack-Wack Greenhills, Mandaluyong",29623317.0,1.0,1.0,116.0,,14.592173,121.053333,https://www.lamudi.com.ph/loft-unit-for-sale-in-ama-tower-residences-wack-wack-greenhills-mandaluyong-32r.html
"Offices at The Galleon - Prime Unit (11I) for Sale in Ortigas, Pasig","San Antonio, Pasig",31409000.0,,,93.0,,14.588716,121.060009,https://www.lamudi.com.ph/offices-at-the-galleon-prime-unit-11i-for-sale-in-ortigas-pasig.html
"TALIA 2-Storey Single Attached (Irregular) for Sale in Idesia Lipa, Batangas","Inosloban, Lipa",5600000.0,2.0,,52.0,118.0,13.9775271,121.1701226,https://www.lamudi.com.ph/talia-2-storey-single-attached-irregular-for-sale-in-idesia-lipa-batangas.html
Suntrust Kirana - Studio Unit for Sale in Pasig City,"Pinagbuhatan, Pasig",3297501.0,1.0,1.0,27.0,,14.555535,121.090095,https://www.lamudi.com.ph/suntrust-kirana-studio-unit-for-sale-in-pasig-city.html
"ARIA Townhouse (Cor-End) for Sale in Idesia Lipa, Batangas","Inosloban, Lipa",4700000.0,2.0,,42.0,114.0,13.9775271,121.1701226,https://www.lamudi.com.ph/aria-townhouse-cor-end-for-sale-in-idesia-lipa-batangas.html
"2-Storey 4BR House and Lot (Sofia Model) for Sale in Governor's Hills, General Trias,...","Biclatan, General Trias",6344860.0,4.0,,115.0,132.0,14.2814,120.918211,https://www.lamudi.com.ph/2-storey-4br-house-and-lot-sofia-model-for-sale-in-governors-hills-general-trias-cavite.html
"3BR Condo Unit for Sale at The Sofia Terraces in Quezon Hills, Baguio City | 67.60sqm","Quezon Hill Proper, Baguio",9253088.0,3.0,2.0,67.0,,16.4145653,120.5814088,https://www.lamudi.com.ph/3br-condo-unit-for-sale-at-the-sofia-terraces-in-quezon-hills-baguio-city-67-60sqm.html
"Non-PEZA Industrial Lot (12,000 sqm) for Sale, Cavite Technopark, Naic, Cavite","Sabang, Naic",40000000.0,,,,12000.0,14.319351,120.799295,https://www.lamudi.com.ph/non-peza-industrial-lot-12-000-sqm-for-sale-cavite-technopark-naic-cavite.html
"Cityland Pioneer Heights 1, 1-Bedroom Deluxe  for Sale in Mandaluyong","Highway Hills, Mandaluyong",4400659.0,1.0,2.0,46.0,,14.578255,121.052143,https://www.lamudi.com.ph/cityland-pioneer-heights-1-1-bedroom-deluxe-for-sale-in-mandaluyong.html
"Studio Deluxe (34E) for Sale in Empress at Capitol Commons, Pasig City","Oranbo, Pasig",12882000.0,1.0,1.0,46.0,,14.575822,121.064324,https://www.lamudi.com.ph/studio-deluxe-34e-for-sale-in-empress-at-capitol-commons-pasig-city.html
"2-Bedroom Unit (2420) for Sale in Maple at Verdant Towers, Ortigas, Pasig City","Ugong, Pasig",26640000.0,2.0,,89.0,,14.588882,121.079016,https://www.lamudi.com.ph/2-bedroom-unit-2420-for-sale-in-maple-at-verdant-towers-ortigas-pasig-city.html
"Pre-Selling Studio Unit in Sierra Valley Gardens 1, Cainta, Rizal, 3.75M","San Juan, Cainta",3750000.0,1.0,1.0,,,14.583362,121.130727,https://www.lamudi.com.ph/pre-selling-studio-unit-in-sierra-valley-gardens-1-cainta-rizal-3-75m.html
"1-Bedroom Unit (1426) for Sale in Maple at Verdant Towers, Ortigas, Pasig City","Ugong, Pasig",16122000.0,1.0,,58.0,,14.588882,121.079016,https://www.lamudi.com.ph/1-bedroom-unit-1426-for-sale-in-maple-at-verdant-towers-ortigas-pasig-city.html
"Arezzo Place Davao - Studio for Sale in Sasa, Davao","Sasa, Davao",3010000.0,1.0,1.0,32.0,,7.128006,125.648968,https://www.lamudi.com.ph/arezzo-place-davao-studio-for-sale-in-sasa-davao-549764-84.html
"3BR Townhome End Unit for Sale - Penthouse at Jubilation Enclave North, New Binan, La...","Santo Nino, Binan",5300000.0,3.0,,90.0,80.0,14.3268282,121.0857856,https://www.lamudi.com.ph/3br-townhome-end-unit-for-sale-penthouse-at-jubilation-enclave-north-new-binan-laguna.html
"The Sofia Terraces, 3-Bedroom Condo Unit for Sale in Quezon Hills, Baguio City","Quezon Hill Proper, Baguio",11780000.0,3.0,2.0,81.0,,16.4145653,120.5814088,https://www.lamudi.com.ph/the-sofia-terraces-3-bedroom-condo-unit-for-sale-in-quezon-hills-baguio-city.html
"2-Storey 3BR House and Lot (Celestina Model) for Sale in Siena Hills, Lipa City, Bata...","Antipolo del Sur, Lipa",6303625.0,3.0,,123.0,150.0,,121.185,https://www.lamudi.com.ph/2-storey-3br-house-and-lot-celestina-model-for-sale-in-siena-hills-lipa-city-batangas.html
"4-Bedroom House and Lot for Sale at Lancaster New City in General Trias, Cavite -BRIA...","Pasong Camachile I, General Trias",6756360.0,4.0,,110.0,100.0,14.37318,120.896613,https://www.lamudi.com.ph/4-bedroom-house-and-lot-for-sale-at-lancaster-new-city-in-general-trias-cavite-briana-model.html
"3-Bedroom Unit (55A) for Sale in Empress at Capitol Commons, Pasig City","Oranbo, Pasig",51606000.0,3.0,3.0,147.0,,14.575822,121.064324,https://www.lamudi.com.ph/3-bedroom-unit-55a-for-sale-in-empress-at-capitol-commons-pasig-city.html
"2-Bedroom Unit (17E) - Residences at The Galleon (Pre-selling) in Ortigas CBD, Pasig","San Antonio, Pasig",42022000.0,2.0,2.0,114.0,,14.588377,121.059897,https://www.lamudi.com.ph/2-bedroom-unit-17e-residences-at-the-galleon-pre-selling-in-ortigas-cbd-pasig.html
"TALIA 2-Storey Single Attached (Irregular) for Sale in Idesia Lipa, Batangas","Inosloban, Lipa",5600000.0,2.0,,52.0,118.0,13.9775271,121.1701226,https://www.lamudi.com.ph/talia-2-storey-single-attached-irregular-for-sale-in-idesia-lipa-batangas.html
"1-Bedroom Unit (1426) for Sale in Maple at Verdant Towers, Ortigas, Pasig City","Ugong, Pasig",16122000.0,1.0,,58.0,,14.588882,121.079016,https://www.lamudi.com.ph/1-bedroom-unit-1426-for-sale-in-maple-at-verdant-towers-ortigas-pasig-city.html
"2-Bedroom Condo Unit for Sale in Suntrust Ascentia, Santa Ana, Manila, Metro Manila","Santa Ana, Manila",6522096.0,2.0,1.0,39.0,,14.5822048,121.0135541,https://www.lamudi.com.ph/2-bedroom-condo-unit-for-sale-in-suntrust-ascentia-santa-ana-manila-metro-manila.html
"3-Bedroom Unit (55A) for Sale in Empress at Capitol Commons, Pasig City","Oranbo, Pasig",51606000.0,3.0,3.0,147.0,,14.575822,121.064324,https://www.lamudi.com.ph/3-bedroom-unit-55a-for-sale-in-empress-at-capitol-commons-pasig-city.html
Shophouse for Sale in Ajoya Pampanga (Mexico) - with Special Offer,"Eden, Mexico",5200000.0,,,102.0,60.0,15.125835,120.680386,https://www.lamudi.com.ph/shophouse-for-sale-in-ajoya-pampanga-mexico-with-special-offer.html
"The Sofia Terraces, 3-Bedroom Condo Unit for Sale in Quezon Hills, Baguio City","Quezon Hill Proper, Baguio",11780000.0,3.0,2.0,81.0,,16.4145653,120.5814088,https://www.lamudi.com.ph/the-sofia-terraces-3-bedroom-condo-unit-for-sale-in-quezon-hills-baguio-city.html
"2-Storey 3BR House and Lot (Celestina Model) for Sale in Siena Hills, Lipa City, Bata...","Antipolo del Sur, Lipa",6303625.0,3.0,,123.0,150.0,,121.185,https://www.lamudi.com.ph/2-storey-3br-house-and-lot-celestina-model-for-sale-in-siena-hills-lipa-city-batangas.html
"Shophouse for Sale in Ajoya Capas, Tarlac - with Special Offer","Talaga, Capas",8300000.0,,,99.0,60.0,15.38115,120.590541,https://www.lamudi.com.ph/shophouse-for-sale-in-ajoya-capas-tarlac-with-special-offer.html
"Pre-Selling Studio Unit in Sierra Valley Gardens 1, Cainta, Rizal, 3.75M","San Juan, Cainta",3750000.0,1.0,1.0,,,14.583362,121.130727,https://www.lamudi.com.ph/pre-selling-studio-unit-in-sierra-valley-gardens-1-cainta-rizal-3-75m.html
"Arezzo Place Davao - Studio for Sale in Sasa, Davao","Sasa, Davao",3010000.0,1.0,1.0,32.0,,7.128006,125.648968,https://www.lamudi.com.ph/arezzo-place-davao-studio-for-sale-in-sasa-davao-549764-84.html
"2-Bedroom Unit (2420) for Sale in Maple at Verdant Towers, Ortigas, Pasig City","Ugong, Pasig",26640000.0,2.0,,89.0,,14.588882,121.079016,https://www.lamudi.com.ph/2-bedroom-unit-2420-for-sale-in-maple-at-verdant-towers-ortigas-pasig-city.html
"Studio Deluxe (34E) for Sale in Empress at Capitol Commons, Pasig City","Oranbo, Pasig",12882000.0,1.0,1.0,46.0,,14.575822,121.064324,https://www.lamudi.com.ph/studio-deluxe-34e-for-sale-in-empress-at-capitol-commons-pasig-city.html
"3BR Townhome End Unit for Sale - Penthouse at Jubilation Enclave North, New Binan, La...","Santo Nino, Binan",5300000.0,3.0,,90.0,80.0,14.3268282,121.0857856,https://www.lamudi.com.ph/3br-townhome-end-unit-for-sale-penthouse-at-jubilation-enclave-north-new-binan-laguna.html
"4-Bedroom House and Lot for Sale at Lancaster New City in General Trias, Cavite -BRIA...","Pasong Camachile I, General Trias",6756360.0,4.0,,110.0,100.0,14.37318,120.896613,https://www.lamudi.com.ph/4-bedroom-house-and-lot-for-sale-at-lancaster-new-city-in-general-trias-cavite-briana-model.html
"2-Bedroom Unit (17E) - Residences at The Galleon (Pre-selling) in Ortigas CBD, Pasig","San Antonio, Pasig",42022000.0,2.0,2.0,114.0,,14.588377,121.059897,https://www.lamudi.com.ph/2-bedroom-unit-17e-residences-at-the-galleon-pre-selling-in-ortigas-cbd-pasig.html
"RFO 1-Bedroom Condo Unit for Sale in Asia Enclaves, Cupang, Muntinlupa City | 216-G","Cupang, Muntinlupa",3756900.0,1.0,1.0,40.0,,14.434669,121.040194,https://www.lamudi.com.ph/rfo-1-bedroom-condo-unit-for-sale-in-asia-enclaves-cupang-muntinlupa-city-216-g.html
"1-Bedroom Unit (4114) for Sale in Maple at Verdant Towers, Ortigas, Pasig City","Ugong, Pasig",18160000.0,1.0,,57.0,,14.588882,121.079016,https://www.lamudi.com.ph/1-bedroom-unit-4114-for-sale-in-maple-at-verdant-towers-ortigas-pasig-city.html
"2-Bedroom Unit for Sale in One Lakeshore Drive, San Antonio, Davao - Tower 2","San Antonio, Davao",10760000.0,2.0,2.0,76.0,,7.095857,125.630475,https://www.lamudi.com.ph/2-bedroom-unit-for-sale-in-one-lakeshore-drive-san-antonio-davao-tower-2.html
2-Bedroom Sophisticated & Trendy House and Lot for Sale in The Emerald Residences Pha...,"Bagakay, Ozamiz",4600000.0,2.0,,39.0,100.0,8.14369,123.813471,https://www.lamudi.com.ph/2-bedroom-sophisticated-trendy-house-and-lot-for-sale-in-the-emerald-residences-phase-2-bagakay-ozamiz-city-taylor-smart-home.html
"1-Bedroom Unit (S32D1) for Sale in Maven at Capitol Commons, Pasig City","Ortigas CBD, Pasig",11054400.0,1.0,1.0,47.0,,14.583771,121.059675,https://www.lamudi.com.ph/1-bedroom-unit-s32d1-for-sale-in-maven-at-capitol-commons-pasig-city.html
"3BR House and Lot (Sabrina Model) for Sale in San Francisco Heights, Calamba, Laguna","Palo-Alto, Calamba",4442000.0,3.0,,60.0,110.0,14.188482,121.109967,https://www.lamudi.com.ph/3br-house-and-lot-sabrina-model-for-sale-in-san-francisco-heights-calamba-laguna.html
"For Sale 2 Bedroom Unit in Suntrust Ascentia at Santa Ana, Manila","Santa Ana, Manila",6522096.0,2.0,1.0,39.0,,14.5822048,121.0135541,https://www.lamudi.com.ph/for-sale-2-bedroom-unit-in-suntrust-ascentia-at-santa-ana-manila.html
"40 sqm, 1 Bedroom Unit For Sale in The Radiance Manila Bay Roxas Boulevard Pasay","Pasay Rotonda, Pasay",8625062.0,1.0,1.0,40.0,,14.53747,120.9997968,https://www.lamudi.com.ph/40-sqm-1-bedroom-unit-for-sale-in-the-radiance-manila-bay-roxas-boulevard-pasay.html
"2-Storey 4BR House and Lot (Sofia Model) for Sale in Governor's Hills, General Trias,...","Biclatan, General Trias",6344860.0,4.0,,115.0,132.0,14.2814,120.918211,https://www.lamudi.com.ph/2-storey-4br-house-and-lot-sofia-model-for-sale-in-governors-hills-general-trias-cavite.html
Pre-Selling 1-Bedroom Unit (48 sqm) in The Magnolia Residences D at New Manila,"New Manila, Quezon City",9400000.0,1.0,1.0,48.0,,,121.039,https://www.lamudi.com.ph/pre-selling-1-bedroom-unit-48-sqm-in-the-magnolia-residences-d-at-new-manila-1.html
"Non-PEZA Industrial Lot (12,000 sqm) for Sale, Cavite Technopark, Naic, Cavite","Sabang, Naic",40000000.0,,,,12000.0,14.319351,120.799295,https://www.lamudi.com.ph/non-peza-industrial-lot-12-000-sqm-for-sale-cavite-technopark-naic-cavite.html
"1-Bedroom Unit (N19G2) for Sale in Maven at Capitol Commons, Pasig City","Ortigas CBD, Pasig",10998400.0,1.0,1.0,44.0,,14.583771,121.059675,https://www.lamudi.com.ph/1-bedroom-unit-n19g2-for-sale-in-maven-at-capitol-commons-pasig-city.html
"2-Bedroom Garden Unit (143 sqm) for Sale in Maple at Verdant Towers, Ortigas, Pasig C...","Ugong, Pasig",48778000.0,2.0,1.0,143.0,,14.588882,121.079016,https://www.lamudi.com.ph/2-bedroom-garden-unit-143-sqm-for-sale-in-maple-at-verdant-towers-ortigas-pasig-city.html
"Viridian in Greenhills, 2-Bedroom Unit (50H) for Sale in San Juan City","Greenhills, San Juan",37610000.0,2.0,3.0,141.0,,14.600676,121.43876,https://www.lamudi.com.ph/viridian-in-greenhills-2-bedroom-unit-50h-for-sale-in-san-juan-city-1.html
"Pre-Selling 1-Bedroom Unit in The Radiance Manila Bay South, Pasay City, 7.9M","Pasay Rotonda, Pasay",7900000.0,1.0,1.0,,,14.53747,120.9997968,https://www.lamudi.com.ph/pre-selling-1-bedroom-unit-in-the-radiance-manila-bay-south-pasay-city-7-9m.html
"Pre-Selling 1-Bedroom Unit (40.50 sqm) in Galleria Residences 2, Cebu City","North Reclamation Area, Cebu",6400000.0,1.0,,40.0,,10.3084189,123.9157609,https://www.lamudi.com.ph/pre-selling-1-bedroom-unit-40-50-sqm-in-galleria-residences-2-cebu-city-3.html
"2-Bedroom Unit (40B) for Sale in Empress at Capitol Commons, Pasig City","Oranbo, Pasig",33827000.0,2.0,2.0,106.0,,14.575822,121.064324,https://www.lamudi.com.ph/2-bedroom-unit-40b-for-sale-in-empress-at-capitol-commons-pasig-city.html
Pre-Selling 1-Bedroom Executive Unit (49.5 sqm) at The Sapphire Bloc South,"Ortigas CBD, Pasig",11200000.0,1.0,1.0,49.0,,14.587518,121.062753,https://www.lamudi.com.ph/pre-selling-1-bedroom-executive-unit-49-5-sqm-at-the-sapphire-bloc-south.html
GAIA 2-Storey Single Detached (Regular) for Sale in Idesia Dasmarinas Phase 2,"San Agustin I, Dasmarinas",4800000.0,3.0,,63.0,100.0,14.304975,120.944111,https://www.lamudi.com.ph/gaia-2-storey-single-detached-regular-for-sale-in-idesia-dasmarinas-phase-2.html
"1-Bedroom Unit (N59E1) for Sale in Maven at Capitol Commons, Pasig City","Ortigas CBD, Pasig",17363800.0,1.0,1.0,64.0,,14.583771,121.059675,https://www.lamudi.com.ph/1-bedroom-unit-n59e1-for-sale-in-maven-at-capitol-commons-pasig-city.html
"4BR Single Attached House and Lot for Sale in The Villages at Lipa, Brook Village, Ba...","Bugtong Na Pulo, Lipa",4600000.0,4.0,,80.0,103.0,14.0042716,121.1705877,https://www.lamudi.com.ph/4br-single-attached-house-and-lot-for-sale-in-the-villages-at-lipa-brook-village-batangas-with-special-offer.html
"Pre-selling 3BR 3-Storey Townhouse for Sale in Likha Residences, Cupang, Muntinlupa |...","Cupang, Muntinlupa",25296000.0,3.0,,250.0,92.0,14.434669,121.040194,https://www.lamudi.com.ph/pre-selling-3br-3-storey-townhouse-for-sale-in-likha-residences-cupang-muntinlupa-typical-unit-2.html
"RFO 2BR Unit (51.82 sqm) for Sale in Axis Residences B, Mandaluyong City","Barangka Ilaya, Mandaluyong",12700000.0,2.0,2.0,51.0,,14.571338,121.04641,https://www.lamudi.com.ph/rfo-2br-unit-51-82-sqm-for-sale-in-axis-residences-b-mandaluyong-city-1.html
"2-Bedroom Unit (43L) - Residences at The Galleon (Pre-selling) in Ortigas CBD, Pasig","San Antonio, Pasig",48572000.0,2.0,2.0,109.0,,14.588377,121.059897,https://www.lamudi.com.ph/2-bedroom-unit-43l-residences-at-the-galleon-pre-selling-in-ortigas-cbd-pasig.html
"Studio Unit (46J) for Sale in Empress at Capitol Commons, Pasig City","Oranbo, Pasig",10730000.0,1.0,1.0,34.0,,14.575822,121.064324,https://www.lamudi.com.ph/studio-unit-46j-for-sale-in-empress-at-capitol-commons-pasig-city.html
2BR Condo in Valenzuela for Sale - Moldex Residences Valenzuela Caramoan Bldg,"Paso de Blas, Valenzuela",4050000.0,2.0,2.0,36.0,,14.7049986,120.98518,https://www.lamudi.com.ph/2br-condo-in-valenzuela-for-sale-moldex-residences-valenzuela-caramoan-bldg.html
"Condo Dormitory (Unit 105-20) for Sale in UniPlace @ SWU Village, Cebu City","Sambag II, Cebu",2810000.0,1.0,1.0,24.0,,10.3058395,123.8908567,https://www.lamudi.com.ph/condo-dormitory-unit-105-20-for-sale-in-uniplace-swu-village-cebu-city.html
"For as low as 9,700/ month; Studio Unit for Sale at Woodsville Crest, Merville, Paran...","Merville, Paranaque",4740000.0,1.0,1.0,23.0,,14.499387,121.025633,https://www.lamudi.com.ph/for-as-low-as-9-700-month-studio-unit-for-sale-at-woodsville-crest-merville-paranaque.html
"Studio Unit (30 sqm) for Sale in City Clou, Cebu City","Zapatera, Cebu",3980978.0,1.0,1.0,30.0,,10.305725,123.904993,https://www.lamudi.com.ph/studio-unit-30-sqm-for-sale-in-city-clou-cebu-city.html
"Cityland Pioneer Heights 1, 1-Bedroom Deluxe  for Sale in Mandaluyong","Highway Hills, Mandaluyong",4400659.0,1.0,2.0,46.0,,14.578255,121.052143,https://www.lamudi.com.ph/cityland-pioneer-heights-1-1-bedroom-deluxe-for-sale-in-mandaluyong.html
"2-Bedroom Unit (37H) - Residences at The Galleon (Pre-selling) in Ortigas CBD, Pasig","San Antonio, Pasig",42229000.0,2.0,2.0,114.0,,14.588377,121.059897,https://www.lamudi.com.ph/2-bedroom-unit-37h-residences-at-the-galleon-pre-selling-in-ortigas-cbd-pasig.html
"5-Bedroom House for Sale at Camella Provence in Malolos City, Bulacan | Freya, NRFO/R...","Longos, Malolos",8654000.0,5.0,,140.0,121.0,14.8743986,120.7973062,https://www.lamudi.com.ph/5-bedroom-house-for-sale-at-camella-provence-in-malolos-city-bulacan-freya-nrfo-rfo.html
"3-Bedroom Unit (N05E) for Sale in Maven at Capitol Commons, Pasig City","Ortigas CBD, Pasig",24586800.0,3.0,2.0,102.0,,14.583771,121.059675,https://www.lamudi.com.ph/3-bedroom-unit-n05e-for-sale-in-maven-at-capitol-commons-pasig-city.html
"3-Bedroom Unit (N53 E1-E2) for Sale in Maven at Capitol Commons, Pasig City","Ortigas CBD, Pasig",27414000.0,3.0,2.0,113.0,,14.583771,121.059675,https://www.lamudi.com.ph/3-bedroom-unit-n53-e1-e2-for-sale-in-maven-at-capitol-commons-pasig-city.html
"2BR Condo Unit for Sale in Ibiza Tower at Circulo Verde, Bagumbayan, Quezon City | Un...","Bagumbayan, Quezon City",14278110.0,2.0,2.0,67.0,,14.605396,121.081903,https://www.lamudi.com.ph/2br-condo-unit-for-sale-in-ibiza-tower-at-circulo-verde-bagumbayan-quezon-city-unit-11h.html
"Lot for Sale in Foressa Mountain Town (Phase 1A), Balamban, Cebu - with Special Offer","Cansomoroy, Balamban",6000000.0,,,,540.0,10.47535,123.755596,https://www.lamudi.com.ph/lot-for-sale-in-foressa-mountain-town-phase-1a-balamban-cebu-with-special-offer.html
"2BR Condo Unit w/ Balcony for Sale in AMA Tower Residences, Mandaluyong City |5R","Wack-Wack Greenhills, Mandaluyong",15024692.0,2.0,1.0,63.0,,14.592173,121.053333,https://www.lamudi.com.ph/2br-condo-unit-w-balcony-for-sale-in-ama-tower-residences-mandaluyong-city-5r.html
"2-Bedroom Unit (18L) - Residences at The Galleon (Pre-selling) in Ortigas CBD, Pasig","San Antonio, Pasig",44056000.0,2.0,2.0,109.0,,14.588377,121.059897,https://www.lamudi.com.ph/2-bedroom-unit-18l-residences-at-the-galleon-pre-selling-in-ortigas-cbd-pasig.html
"3 bedroom House and Lot for Sale in San Francisco Heights, Calamba- Scarlett","Palo-Alto, Calamba",4767000.0,3.0,,72.0,110.0,14.188482,121.109967,https://www.lamudi.com.ph/3-bedroom-house-and-lot-for-sale-in-san-francisco-heights-calamba-scarlett.html
"4-Bedroom Single Detached House and Lot for Sale in Ajoya Cabanatuan, Nueva Ecija - w...","Valle Cruz, Cabanatuan",5700000.0,4.0,,96.0,153.0,15.47877,120.995348,https://www.lamudi.com.ph/4-bedroom-single-detached-house-and-lot-for-sale-in-ajoya-cabanatuan-nueva-ecija-with-special-offer.html
"3-Bedroom Unit (S05D) for Sale in Maven at Capitol Commons, Pasig City","Ortigas CBD, Pasig",22111600.0,3.0,2.0,98.0,,14.583771,121.059675,https://www.lamudi.com.ph/3-bedroom-unit-s05d-for-sale-in-maven-at-capitol-commons-pasig-city.html
RFO 4-Bedroom Single Detached House and Lot for Sale in The Arcadia | Boundary of Ang...,"Manibaug Paralaya, Porac",8300000.0,4.0,,171.0,213.0,15.119767,120.560714,https://www.lamudi.com.ph/rfo-4-bedroom-single-detached-house-and-lot-for-sale-in-the-arcadia-boundary-of-angeles-and-porac-pampanga-athens-model.html
2-Storey 3BR Single Detached House and Lot (Wellington Model) for Sale in Washington ...,"Sampaloc II, Dasmarinas",6265385.0,3.0,,78.0,160.0,14.287385,120.964753,https://www.lamudi.com.ph/2-storey-3br-single-detached-house-and-lot-wellington-model-for-sale-in-washington-place-dasmarinas-cavite.html
"1-Bedroom Unit (N14G2) for Sale in Maven at Capitol Commons, Pasig City","Ortigas CBD, Pasig",10998400.0,1.0,1.0,44.0,,14.583771,121.059675,https://www.lamudi.com.ph/1-bedroom-unit-n14g2-for-sale-in-maven-at-capitol-commons-pasig-city.html
"3-Bedroom Unit for Sale in Suntrust Solana, Ermita Manila","Ermita, Manila",7500000.0,3.0,2.0,52.0,,14.590526,120.985482,https://www.lamudi.com.ph/3-bedroom-unit-for-sale-in-suntrust-solana-ermita-manila.html
"2-Bedroom Condo Unit (16C) for Sale in One Sierra, EDSA, Mandaluyong City, Metro Mani...","Highway Hills, Mandaluyong",16612731.0,2.0,2.0,84.0,,14.578255,121.052143,https://www.lamudi.com.ph/2-bedroom-condo-unit-16c-for-sale-in-one-sierra-edsa-mandaluyong-city-metro-manila.html
"2-Bedroom Unit (10A) - Residences at The Galleon (Pre-selling) in Ortigas CBD, Pasig","San Antonio, Pasig",45015000.0,2.0,2.0,112.0,,14.588377,121.059897,https://www.lamudi.com.ph/2-bedroom-unit-10a-residences-at-the-galleon-pre-selling-in-ortigas-cbd-pasig.html
"2-Bedroom Unit (2209) for Sale in Maple at Verdant Towers, Ortigas, Pasig City","Ugong, Pasig",24349000.0,2.0,,89.0,,14.588882,121.079016,https://www.lamudi.com.ph/2-bedroom-unit-2209-for-sale-in-maple-at-verdant-towers-ortigas-pasig-city.html
"RFO 2-Bedroom Condo Unit for Sale in Asia Enclaves, Cupang, Muntinlupa City | 322-G","Cupang, Muntinlupa",5446700.0,2.0,1.0,58.0,,14.434669,121.040194,https://www.lamudi.com.ph/rfo-2-bedroom-condo-unit-for-sale-in-asia-enclaves-cupang-muntinlupa-city-322-g.html
"3-Bedroom Unit for Sale in Suntrust Amadea - Tower 2, Quezon City","Paligsahan, Quezon City",6626880.0,3.0,2.0,46.0,,14.646511,120.996952,https://www.lamudi.com.ph/3-bedroom-unit-for-sale-in-suntrust-amadea-tower-2-quezon-city.html
"2BR Condo Unit for Sale in Ibiza Tower at Circulo Verde, Bagumbayan, Quezon City | Un...","Bagumbayan, Quezon City",14612268.0,2.0,2.0,67.0,,14.605396,121.081903,https://www.lamudi.com.ph/2br-condo-unit-for-sale-in-ibiza-tower-at-circulo-verde-bagumbayan-quezon-city-unit-15g.html
"2BR Condo Unit for Sale in Ibiza Tower at Circulo Verde, Bagumbayan, Quezon City | Un...","Bagumbayan, Quezon City",14612268.0,2.0,2.0,67.0,,14.605396,121.081903,https://www.lamudi.com.ph/2br-condo-unit-for-sale-in-ibiza-tower-at-circulo-verde-bagumbayan-quezon-city-unit-6g.html
"1-Bedroom Unit (46D) - Residences at The Galleon (Pre-selling) in Ortigas CBD, Pasig","San Antonio, Pasig",27329000.0,1.0,1.0,70.0,,14.588377,121.059897,https://www.lamudi.com.ph/1-bedroom-unit-46d-residences-at-the-galleon-pre-selling-in-ortigas-cbd-pasig.html
RFO 4-Bedroom Single Detached House and Lot for Sale in The Arcadia | Boundary of Ang...,"Manibaug Paralaya, Porac",8300000.0,4.0,,171.0,213.0,15.119767,120.560714,https://www.lamudi.com.ph/rfo-4-bedroom-single-detached-house-and-lot-for-sale-in-the-arcadia-boundary-of-angeles-and-porac-pampanga-athens-model.html
"3-Bedroom Unit (S05D) for Sale in Maven at Capitol Commons, Pasig City","Ortigas CBD, Pasig",22111600.0,3.0,2.0,98.0,,14.583771,121.059675,https://www.lamudi.com.ph/3-bedroom-unit-s05d-for-sale-in-maven-at-capitol-commons-pasig-city.html
"2-Bedroom Unit (18L) - Residences at The Galleon (Pre-selling) in Ortigas CBD, Pasig","San Antonio, Pasig",44056000.0,2.0,2.0,109.0,,14.588377,121.059897,https://www.lamudi.com.ph/2-bedroom-unit-18l-residences-at-the-galleon-pre-selling-in-ortigas-cbd-pasig.html
"4-Bedroom Single Detached House and Lot for Sale in Ajoya Cabanatuan, Nueva Ecija - w...","Valle Cruz, Cabanatuan",5700000.0,4.0,,96.0,153.0,15.47877,120.995348,https://www.lamudi.com.ph/4-bedroom-single-detached-house-and-lot-for-sale-in-ajoya-cabanatuan-nueva-ecija-with-special-offer.html
"3 bedroom House and Lot for Sale in San Francisco Heights, Calamba- Scarlett","Palo-Alto, Calamba",4767000.0,3.0,,72.0,110.0,14.188482,121.109967,https://www.lamudi.com.ph/3-bedroom-house-and-lot-for-sale-in-san-francisco-heights-calamba-scarlett.html
"2-Bedroom House for Sale at Camella Quezon in Brgy. Isabang, Tayabas City, Quezon | A...","Isabang, Tayabas",2094000.0,2.0,,36.0,36.0,13.962775,121.564527,https://www.lamudi.com.ph/2-bedroom-house-for-sale-at-camella-quezon-in-brgy-isabang-tayabas-city-quezon-arielle-iu-nrfo.html
Pre-Selling 1-Bedroom Unit (32 sqm) at The Sapphire Bloc South in Ortigas CBD,"Ortigas CBD, Pasig",7400000.0,1.0,1.0,32.0,,14.587518,121.062753,https://www.lamudi.com.ph/pre-selling-1-bedroom-unit-32-sqm-at-the-sapphire-bloc-south-in-ortigas-cbd-1.html
"5-Bedroom House for Sale at Camella Provence in Malolos City, Bulacan | Ella wCB, NRF...","Longos, Malolos",7707000.0,5.0,,100.0,121.0,14.8743986,120.7973062,https://www.lamudi.com.ph/5-bedroom-house-for-sale-at-camella-provence-in-malolos-city-bulacan-ella-wcb-nrfo.html
"3-Bedroom House and Lot for Sale at Lancaster New City in Kawit, Cavite -AIRA Model","San Sebastian, Kawit",5282600.0,3.0,,80.0,92.0,14.4185112,120.898962,https://www.lamudi.com.ph/3-bedroom-house-and-lot-for-sale-at-lancaster-new-city-in-kawit-cavite-aira-model.html
"1-Bedroom Unit (N56E2) for Sale in Maven at Capitol Commons, Pasig City","Ortigas CBD, Pasig",12835200.0,1.0,1.0,49.0,,14.583771,121.059675,https://www.lamudi.com.ph/1-bedroom-unit-n56e2-for-sale-in-maven-at-capitol-commons-pasig-city.html
"3-Bedroom Condo (Unit A) for Sale in Suntrust Shanata, Novaliches Quezon City","Novaliches, Quezon City",7802700.0,3.0,2.0,54.0,,14.68155,121.0198,https://www.lamudi.com.ph/3-bedroom-condo-unit-a-for-sale-in-suntrust-shanata-novaliches-quezon-city-1.html
"1-Bedroom Unit (S34D1) for Sale in Maven at Capitol Commons, Pasig City","Ortigas CBD, Pasig",11054400.0,1.0,1.0,47.0,,14.583771,121.059675,https://www.lamudi.com.ph/1-bedroom-unit-s34d1-for-sale-in-maven-at-capitol-commons-pasig-city.html
"Offices at The Galleon - Prime Unit (12L) for Sale in Ortigas, Pasig","San Antonio, Pasig",25678000.0,,,75.0,,14.582707,121.061458,https://www.lamudi.com.ph/offices-at-the-galleon-prime-unit-12l-for-sale-in-ortigas-pasig.html
"1-Bedroom Unit (17D) - Residences at The Galleon (Pre-selling) in Ortigas CBD, Pasig","San Antonio, Pasig",26705000.0,1.0,1.0,70.0,,14.588377,121.059897,https://www.lamudi.com.ph/1-bedroom-unit-17d-residences-at-the-galleon-pre-selling-in-ortigas-cbd-pasig.html
"2-Bedroom Condo Unit (30C) for Sale in One Sierra,EDSA, Mandaluyong City, Metro Manil...","Highway Hills, Mandaluyong",16974060.0,2.0,2.0,84.0,,14.578255,121.052143,https://www.lamudi.com.ph/2-bedroom-condo-unit-30c-for-sale-in-one-sierra-edsa-mandaluyong-city-metro-manila.html
"2BR Condo Unit w/ Balcony for Sale in AMA Tower Residences, Mandaluyong City |5F","Wack-Wack Greenhills, Mandaluyong",13593769.0,2.0,1.0,57.0,,14.592173,121.053333,https://www.lamudi.com.ph/2br-condo-unit-w-balcony-for-sale-in-ama-tower-residences-mandaluyong-city-5f.html
"Penthouse Unit (54B) - Residences at The Galleon (Pre-selling) in Ortigas CBD, Pasig","San Antonio, Pasig",100000000.0,4.0,4.0,317.0,,14.588377,121.059897,https://www.lamudi.com.ph/penthouse-unit-54b-residences-at-the-galleon-pre-selling-in-ortigas-cbd-pasig.html
"La Vida Tower B, 1-Bedroom Unit (56.75 sqm) for Sale in Pasay City","F.B Harisson, Pasay",7392000.0,1.0,1.0,56.0,,14.55323,120.990226,https://www.lamudi.com.ph/la-vida-tower-b-1-bedroom-unit-56-75-sqm-for-sale-in-pasay-city.html
Pre-Selling 1-Bedroom Unit (67 sqm) at The Residences At The Westin Manila Sonata Pla...,"Ortigas CBD, Pasig",17003470.0,1.0,1.0,67.0,,14.5808822,121.05885,https://www.lamudi.com.ph/pre-selling-1-bedroom-unit-67-sqm-at-the-residences-at-the-westin-manila-sonata-place-in-ortigas-cbd-pasig-1.html
"2BR Condo Unit for Sale in Ibiza Tower at Circulo Verde, Bagumbayan, Quezon City | Un...","Bagumbayan, Quezon City",14612268.0,2.0,2.0,67.0,,14.605396,121.081903,https://www.lamudi.com.ph/2br-condo-unit-for-sale-in-ibiza-tower-at-circulo-verde-bagumbayan-quezon-city-unit-14g.html
Cityland Pioneer Heights 1 - Studio Unit (24.9 sqm) for Sale in Mandaluyong City,"Highway Hills, Mandaluyong",2683702.0,1.0,1.0,24.0,,14.578255,121.052143,https://www.lamudi.com.ph/cityland-pioneer-heights-1-studio-unit-24-9-sqm-for-sale-in-mandaluyong-city.html
"Bi-level Condo Unit for Sale in AMA Tower Residences, Wack-Wack Mandaluyong |33U","Wack-Wack Greenhills, Mandaluyong",30900184.0,1.0,1.0,121.0,,14.592173,121.053333,https://www.lamudi.com.ph/bi-level-condo-unit-for-sale-in-ama-tower-residences-wack-wack-mandaluyong-33u.html
"2-Bedroom Unit (2620) for Sale in Maple at Verdant Towers, Ortigas, Pasig City","Ugong, Pasig",26748000.0,2.0,,89.0,,14.588882,121.079016,https://www.lamudi.com.ph/2-bedroom-unit-2620-for-sale-in-maple-at-verdant-towers-ortigas-pasig-city.html
"Offices at The Galleon - Prime Unit (35M) for Sale in Ortigas, Pasig","San Antonio, Pasig",33345000.0,,,95.0,,14.588716,121.060009,https://www.lamudi.com.ph/offices-at-the-galleon-prime-unit-35m-for-sale-in-ortigas-pasig.html
"Studio (2719) for Sale in Maple at Verdant Towers, Ortigas, Pasig City","Ugong, Pasig",8455000.0,1.0,,34.0,,14.588882,121.079016,https://www.lamudi.com.ph/studio-2719-for-sale-in-maple-at-verdant-towers-ortigas-pasig-city.html
"4 bedroom House and Lot for Sale in San Francisco Heights, Calamba-Serena","Palo-Alto, Calamba",5400000.0,4.0,,83.0,110.0,14.188482,121.109967,https://www.lamudi.com.ph/4-bedroom-house-and-lot-for-sale-in-san-francisco-heights-calamba-serena.html
"2-Storey 4BR House and Lot (Orabella Model) for Sale in Siena Hills, Lipa City, Batan...","Antipolo del Sur, Lipa",7860710.0,4.0,,147.0,176.0,,121.185,https://www.lamudi.com.ph/2-storey-4br-house-and-lot-orabella-model-for-sale-in-siena-hills-lipa-city-batangas.html
"Studio Condo Unit (11I) for Sale in One Sierra, EDSA, Mandaluyong City, Metro Manila","Highway Hills, Mandaluyong",6996073.0,1.0,1.0,32.0,,14.578255,121.052143,https://www.lamudi.com.ph/studio-condo-unit-11i-for-sale-in-one-sierra-edsa-mandaluyong-city-metro-manila.html
"Pre-Selling 1BR Unit in The Sapphire Bloc South Tower, Ortigas CBD Pasig, 10.6M","Ortigas CBD, Pasig",10600000.0,1.0,1.0,,,14.587518,121.062753,https://www.lamudi.com.ph/pre-selling-1br-unit-in-the-sapphire-bloc-south-tower-ortigas-cbd-pasig-10-6m.html
"3-Bedroom Unit for Sale in Suntrust Asmara Tower 3, New Manila, Quezon City","New Manila, Quezon City",7700000.0,3.0,2.0,56.0,,14.621176,121.022808,https://www.lamudi.com.ph/3-bedroom-unit-for-sale-in-suntrust-asmara-tower-3-new-manila-quezon-city.html
"4-Bedroom House and Lot for Sale at Lancaster New City in Kawit, Cavite -ALEXANDRA Mo...","San Sebastian, Kawit",7410000.0,4.0,,100.0,120.0,14.4185112,120.898962,https://www.lamudi.com.ph/4-bedroom-house-and-lot-for-sale-at-lancaster-new-city-in-kawit-cavite-alexandra-model.html
"GAIA 2-Storey Single Detached (Irr-Corner) for Sale in Idesia Lipa, Batangas","Inosloban, Lipa",6600000.0,3.0,,63.0,137.0,13.9775271,121.1701226,https://www.lamudi.com.ph/gaia-2-storey-single-detached-irr-corner-for-sale-in-idesia-lipa-batangas.html
"Studio Condo Unit (6I) for Sale in One Sierra, EDSA, Mandaluyong City, Metro Manila","Highway Hills, Mandaluyong",7324373.0,1.0,1.0,32.0,,14.578255,121.052143,https://www.lamudi.com.ph/studio-condo-unit-6i-for-sale-in-one-sierra-edsa-mandaluyong-city-metro-manila.html
"2BR Condo Unit for Sale in Ibiza Tower at Circulo Verde, Bagumbayan, Quezon City | Un...","Bagumbayan, Quezon City",14278110.0,2.0,2.0,67.0,,14.605396,121.081903,https://www.lamudi.com.ph/2br-condo-unit-for-sale-in-ibiza-tower-at-circulo-verde-bagumbayan-quezon-city-unit-6h.html
Studio Unit (22 sqm) for Sale in Moldex Residences Silang Cavite near Dasmarinas,"Biluso, Silang",2100000.0,1.0,1.0,22.0,,14.247941,120.952854,https://www.lamudi.com.ph/studio-unit-22-sqm-for-sale-in-moldex-residences-silang-cavite-near-dasmarinas.html
"3-Bedroom Single Attached House and Lot for Sale in Ajoya Cabanatuan, Nueva Ecija - w...","Valle Cruz, Cabanatuan",4200000.0,3.0,,72.0,92.0,15.47877,120.995348,https://www.lamudi.com.ph/3-bedroom-single-attached-house-and-lot-for-sale-in-ajoya-cabanatuan-nueva-ecija-with-special-offer.html
"2-Bedroom Unit (2909) for Sale in Maple at Verdant Towers, Ortigas, Pasig City","Ugong, Pasig",25471000.0,2.0,,89.0,,14.588882,121.079016,https://www.lamudi.com.ph/2-bedroom-unit-2909-for-sale-in-maple-at-verdant-towers-ortigas-pasig-city.html
"Pre-selling 3BR 4-Storey Townhouse for Sale in Likha Residences, Cupang, Muntinlupa |...","Cupang, Muntinlupa",39675000.0,3.0,,323.0,90.0,14.434669,121.040194,https://www.lamudi.com.ph/pre-selling-3br-4-storey-townhouse-for-sale-in-likha-residences-cupang-muntinlupa-end-unit-elevated-garden.html
"10,668 sqm Industrial Lot for Sale in Pampanga Technopark - Mabalacat, Pampanga","Tabun, Mabalacat",95585280.0,,,,10668.0,15.25276,120.594401,https://www.lamudi.com.ph/10-668-sqm-industrial-lot-for-sale-in-pampanga-technopark-mabalacat-pampanga.html
"3-Bedroom Unit (N10C) for Sale in Maven at Capitol Commons, Pasig City","Ortigas CBD, Pasig",23982600.0,3.0,2.0,108.0,,14.583771,121.059675,https://www.lamudi.com.ph/3-bedroom-unit-n10c-for-sale-in-maven-at-capitol-commons-pasig-city.html
"Pre-Selling Studio Unit (22 sqm) in Sierra Valley Gardens 1, Cainta, Rizal","San Juan, Cainta",3740000.0,1.0,1.0,22.0,,14.583362,121.130727,https://www.lamudi.com.ph/pre-selling-studio-unit-22-sqm-in-sierra-valley-gardens-1-cainta-rizal.html
"Pre-Selling 1BR Unit (35.68 sqm) in Acacia Escalades B, Pasig City","Manggahan, Pasig",4800000.0,1.0,1.0,35.0,,14.601887,121.093698,https://www.lamudi.com.ph/pre-selling-1br-unit-35-68-sqm-in-acacia-escalades-b-pasig-city-1.html
The Gentri Heights: Kirana 2-Storey House for Sale in General Trias Cavite,"Manggahan, General Trias",4730620.0,3.0,,82.0,98.0,14.296605,120.904361,https://www.lamudi.com.ph/the-gentri-heights-kirana-2-storey-house-for-sale-in-general-trias-cavite.html
"3-Bedroom Townhouse for Sale in The Villages at Lipa, Sierra Village, Batangas - with...","Bugtong Na Pulo, Lipa",4700000.0,3.0,,93.0,108.0,14.0042716,121.1705877,https://www.lamudi.com.ph/3-bedroom-townhouse-for-sale-in-the-villages-at-lipa-sierra-village-batangas-with-special-offer.html
"3-Bedroom Single Attached House and Lot for Sale at PTC Suncrest in Imus, Cavite","Carsadang Bago I, Imus",5234791.0,3.0,,75.0,80.0,14.4234269,120.9289746,https://www.lamudi.com.ph/3-bedroom-single-attached-house-and-lot-for-sale-at-ptc-suncrest-in-imus-cavite.html
"Grand View Tower, 2-Bedroom (66 sqm) Condo for Sale near Mall of Asia, Pasay","Libertad, Pasay",15500000.0,2.0,2.0,66.0,,14.547436,120.998485,https://www.lamudi.com.ph/grand-view-tower-2-bedroom-66-sqm-condo-for-sale-near-mall-of-asia-pasay.html
"ARIA Townhouse (End) for Sale in Idesia Lipa, Batangas","Inosloban, Lipa",3600000.0,2.0,,42.0,90.0,13.9775271,121.1701226,https://www.lamudi.com.ph/aria-townhouse-end-for-sale-in-idesia-lipa-batangas.html
"3-Bedroom House and Lot for Sale at Lancaster New City in Kawit, Cavite -GABRIELLE Mo...","San Sebastian, Kawit",6650000.0,3.0,,84.0,120.0,14.4185112,120.898962,https://www.lamudi.com.ph/3-bedroom-house-and-lot-for-sale-at-lancaster-new-city-in-kawit-cavite-gabrielle-model.html
"3-Bedroom Townhouse for Sale at Lancaster New City in Kawit, Cavite -THEA Model","San Sebastian, Kawit",2395000.0,3.0,,60.0,50.0,14.4185112,120.898962,https://www.lamudi.com.ph/3-bedroom-townhouse-for-sale-at-lancaster-new-city-in-kawit-cavite-thea-model.html
"For Sale: 2BR Condo Unit with Balcony in Legacy Leisure Residences, Ma-a, Davao City ...","Ma-A, Davao",8645982.0,2.0,2.0,77.0,,7.0867489,125.5840299,https://www.lamudi.com.ph/for-sale-2br-condo-unit-with-balcony-in-legacy-leisure-residences-ma-a-davao-city-77-2-sqm.html
"1BR Condo Unit with Balcony for Sale in Legacy Leisure Residences, Ma-a, Davao City","Ma-A, Davao",4206258.0,1.0,1.0,36.0,,7.0867489,125.5840299,https://www.lamudi.com.ph/1br-condo-unit-with-balcony-for-sale-in-legacy-leisure-residences-ma-a-davao-city.html
"2BR Condo Unit with Balcony for Sale in Legacy Leisure Residences, Ma-a, Davao City |...","Ma-A, Davao",8645982.0,2.0,2.0,77.0,,7.0867489,125.5840299,https://www.lamudi.com.ph/2br-condo-unit-with-balcony-for-sale-in-legacy-leisure-residences-ma-a-davao-city-77-2-sqm.html
"2-Bedroom Unit (36H) - Residences at The Galleon (Pre-selling) in Ortigas CBD, Pasig","San Antonio, Pasig",42217000.0,2.0,2.0,114.0,,14.588377,121.059897,https://www.lamudi.com.ph/2-bedroom-unit-36h-residences-at-the-galleon-pre-selling-in-ortigas-cbd-pasig.html
"2-Bedroom Unit for Sale in Suntrust Capitol Plaza, Diliman, Quezon City","Diliman, Quezon City",10000000.0,2.0,2.0,68.0,,14.644874,121.050593,https://www.lamudi.com.ph/2-bedroom-unit-for-sale-in-suntrust-capitol-plaza-diliman-quezon-city.html
"Pre-Selling 2-Bedroom Unit in Acacia Escalades B, Pasig City","Manggahan, Pasig",5700000.0,2.0,,,,14.601887,121.093698,https://www.lamudi.com.ph/pre-selling-2-bedroom-unit-in-acacia-escalades-b-pasig-city.html
"For Sale The Magnolia Residences 1BR, 1 Toilet & Bath in New Manila Quezon City","New Manila, Quezon City",8125190.0,1.0,1.0,38.0,,14.61633,121.0306,https://www.lamudi.com.ph/for-sale-the-magnolia-residences-1br-1-toilet-bath-in-new-manila-quezon-city.html
"1-Bedroom Unit (S35D1) for Sale in Maven at Capitol Commons, Pasig City","Ortigas CBD, Pasig",11054400.0,1.0,1.0,47.0,,14.583771,121.059675,https://www.lamudi.com.ph/1-bedroom-unit-s35d1-for-sale-in-maven-at-capitol-commons-pasig-city.html
"Loft Unit for Sale in AMA Tower Residences, Wack-Wack Greenhills Mandaluyong|32J","Wack-Wack Greenhills, Mandaluyong",16088526.0,1.0,1.0,63.0,,14.592173,121.053333,https://www.lamudi.com.ph/loft-unit-for-sale-in-ama-tower-residences-wack-wack-greenhills-mandaluyong-32j.html
"3-Bedroom Unit (S03D) for Sale in Maven at Capitol Commons, Pasig City","Ortigas CBD, Pasig",22111600.0,3.0,2.0,98.0,,14.583771,121.059675,https://www.lamudi.com.ph/3-bedroom-unit-s03d-for-sale-in-maven-at-capitol-commons-pasig-city.html
"For Sale: Studio Unit in Suntrust Kirana, Pasig City","Pinagbuhatan, Pasig",3297501.0,1.0,1.0,27.0,,14.555535,121.090095,https://www.lamudi.com.ph/for-sale-studio-unit-in-suntrust-kirana-pasig-city.html
"2-Bedroom Townhouse for Sale at PHINMA Maayo San Jose in San Jose, Batangas | Rosario...","Banaybanay II, San Jose",2500000.0,2.0,,48.0,50.0,13.9179,121.102657,https://www.lamudi.com.ph/2-bedroom-townhouse-for-sale-at-phinma-maayo-san-jose-in-san-jose-batangas-rosario-model.html
"3BR Unit for Sale in Suntrust Amadea Tower 2, Quezon City, 7.1M","Paligsahan, Quezon City",7123896.0,3.0,2.0,46.0,,14.631613,121.023475,https://www.lamudi.com.ph/3br-unit-for-sale-in-suntrust-amadea-tower-2-quezon-city-7-1m.html
"2-Bedroom Condo Unit (29C) for Sale in One Sierra, EDSA, Mandaluyong City, Metro Mani...","Highway Hills, Mandaluyong",16806000.0,2.0,2.0,84.0,,14.578255,121.052143,https://www.lamudi.com.ph/2-bedroom-condo-unit-29c-for-sale-in-one-sierra-edsa-mandaluyong-city-metro-manila.html
"2BR Condo Unit with Balcony for Sale in Legacy Leisure Residences, Ma-a, Davao City |...","Ma-A, Davao",8535732.0,2.0,2.0,76.0,,7.0867489,125.5840299,https://www.lamudi.com.ph/2br-condo-unit-with-balcony-for-sale-in-legacy-leisure-residences-ma-a-davao-city-76-35-sqm.html
Moldex Residences Valenzuela Bali Bldg - 1BR Condo for Sale in Valenzuela City,"Paso de Blas, Valenzuela",2050000.0,1.0,1.0,21.0,,14.7049986,120.98518,https://www.lamudi.com.ph/moldex-residences-valenzuela-bali-bldg-1br-condo-for-sale-in-valenzuela-city.html
"Condominium with 2 bedroom for Sale in Suntrust Asmara, New Manila, Quezon City","New Manila, Quezon City",6785600.0,2.0,1.0,39.0,,14.621176,121.022808,https://www.lamudi.com.ph/condominium-with-2-bedroom-for-sale-in-suntrust-asmara-new-manila-quezon-city.html
"1BR Condo Unit for Sale in AMA Tower Residences, Wack-Wack Mandaluyong City | 5E","Wack-Wack Greenhills, Mandaluyong",6423156.0,1.0,1.0,27.0,,14.592173,121.053333,https://www.lamudi.com.ph/1br-condo-unit-for-sale-in-ama-tower-residences-wack-wack-mandaluyong-city-5e.html
"Studio Condo Unit (24I) for Sale in One Sierra, EDSA, Mandaluyong City, Metro Manila","Highway Hills, Mandaluyong",7055167.0,1.0,1.0,32.0,,14.578255,121.052143,https://www.lamudi.com.ph/studio-condo-unit-24i-for-sale-in-one-sierra-edsa-mandaluyong-city-metro-manila.html
"House and Lot with 3 bedroom for Sale in Verona, Lumil, Silang- Mariella Premium","Lumil, Silang",4956000.0,3.0,,93.0,88.0,14.183344,121.012375,https://www.lamudi.com.ph/house-and-lot-with-3-bedroom-for-sale-in-verona-lumil-silang-mariella-premium.html
"2BR Unit for Sale in Suntrust Amadea Tower 1, Quezon City, 4.8M","Paligsahan, Quezon City",4842720.0,2.0,1.0,36.0,,14.631613,121.023475,https://www.lamudi.com.ph/2br-unit-for-sale-in-suntrust-amadea-tower-1-quezon-city-4-8m.html
"Studio - Furnished Condo Unit for Sale in The Persimmon Studios, Cebu City - with Spe...","Mabolo, Cebu",3800000.0,1.0,1.0,24.0,,10.31581,123.918231,https://www.lamudi.com.ph/studio-furnished-condo-unit-for-sale-in-the-persimmon-studios-cebu-city-with-special-offer.html
"Studio Condo Unit for Sale in West Parc - Birch Building, Filinvest City, Alabang Mun...","Alabang, Muntinlupa",6000000.0,1.0,1.0,39.0,,14.4179774,121.037608,https://www.lamudi.com.ph/studio-condo-unit-for-sale-in-west-parc-birch-building-filinvest-city-alabang-muntinlupa-39sqm.html
"Lot for Sale in Priveya Hills, Mandaue, Cebu - with Special Offer","Tawason, Mandaue",13400000.0,,,,661.0,10.38246,123.925415,https://www.lamudi.com.ph/lot-for-sale-in-priveya-hills-mandaue-cebu-with-special-offer.html
"Arezzo Place Davao - Studio for Sale in Sasa, Davao","Sasa, Davao",2950000.0,1.0,1.0,30.0,,7.128006,125.648968,https://www.lamudi.com.ph/arezzo-place-davao-studio-for-sale-in-sasa-davao-549761-84.html
"Pre-Selling Studio Unit in The Sapphire Bloc South Tower, Ortigas CBD, Pasig","Ortigas CBD, Pasig",6570000.0,1.0,1.0,,,14.587518,121.062753,https://www.lamudi.com.ph/pre-selling-studio-unit-in-the-sapphire-bloc-south-tower-ortigas-cbd-pasig.html
"3-Bedroom Townhouse for Sale at Lancaster New City in Kawit, Cavite -THEA Model","San Sebastian, Kawit",2395000.0,3.0,,60.0,50.0,14.4185112,120.898962,https://www.lamudi.com.ph/3-bedroom-townhouse-for-sale-at-lancaster-new-city-in-kawit-cavite-thea-model.html
"3-Bedroom Single Attached House and Lot for Sale at PTC Suncrest in Imus, Cavite","Carsadang Bago I, Imus",5234791.0,3.0,,75.0,80.0,14.4234269,120.9289746,https://www.lamudi.com.ph/3-bedroom-single-attached-house-and-lot-for-sale-at-ptc-suncrest-in-imus-cavite.html
"Grand View Tower, 2-Bedroom (66 sqm) Condo for Sale near Mall of Asia, Pasay","Libertad, Pasay",15500000.0,2.0,2.0,66.0,,14.547436,120.998485,https://www.lamudi.com.ph/grand-view-tower-2-bedroom-66-sqm-condo-for-sale-near-mall-of-asia-pasay.html
"3-Bedroom Townhouse for Sale in The Villages at Lipa, Sierra Village, Batangas - with...","Bugtong Na Pulo, Lipa",4700000.0,3.0,,93.0,108.0,14.0042716,121.1705877,https://www.lamudi.com.ph/3-bedroom-townhouse-for-sale-in-the-villages-at-lipa-sierra-village-batangas-with-special-offer.html
"For Sale: 2BR Condo Unit with Balcony in Legacy Leisure Residences, Ma-a, Davao City ...","Ma-A, Davao",8645982.0,2.0,2.0,77.0,,7.0867489,125.5840299,https://www.lamudi.com.ph/for-sale-2br-condo-unit-with-balcony-in-legacy-leisure-residences-ma-a-davao-city-77-2-sqm.html
"2-Bedroom Unit for Sale in Suntrust Capitol Plaza, Diliman, Quezon City","Diliman, Quezon City",10000000.0,2.0,2.0,68.0,,14.644874,121.050593,https://www.lamudi.com.ph/2-bedroom-unit-for-sale-in-suntrust-capitol-plaza-diliman-quezon-city.html
"1BR Condo Unit with Balcony for Sale in Legacy Leisure Residences, Ma-a, Davao City","Ma-A, Davao",4206258.0,1.0,1.0,36.0,,7.0867489,125.5840299,https://www.lamudi.com.ph/1br-condo-unit-with-balcony-for-sale-in-legacy-leisure-residences-ma-a-davao-city.html
"2-Bedroom Unit (36H) - Residences at The Galleon (Pre-selling) in Ortigas CBD, Pasig","San Antonio, Pasig",42217000.0,2.0,2.0,114.0,,14.588377,121.059897,https://www.lamudi.com.ph/2-bedroom-unit-36h-residences-at-the-galleon-pre-selling-in-ortigas-cbd-pasig.html
"For Sale The Magnolia Residences 1BR, 1 Toilet & Bath in New Manila Quezon City","New Manila, Quezon City",8125190.0,1.0,1.0,38.0,,14.61633,121.0306,https://www.lamudi.com.ph/for-sale-the-magnolia-residences-1br-1-toilet-bath-in-new-manila-quezon-city.html
"2BR Condo Unit with Balcony for Sale in Legacy Leisure Residences, Ma-a, Davao City |...","Ma-A, Davao",8645982.0,2.0,2.0,77.0,,7.0867489,125.5840299,https://www.lamudi.com.ph/2br-condo-unit-with-balcony-for-sale-in-legacy-leisure-residences-ma-a-davao-city-77-2-sqm.html
"3-Bedroom Unit (S03D) for Sale in Maven at Capitol Commons, Pasig City","Ortigas CBD, Pasig",22111600.0,3.0,2.0,98.0,,14.583771,121.059675,https://www.lamudi.com.ph/3-bedroom-unit-s03d-for-sale-in-maven-at-capitol-commons-pasig-city.html
"1-Bedroom Unit (S35D1) for Sale in Maven at Capitol Commons, Pasig City","Ortigas CBD, Pasig",11054400.0,1.0,1.0,47.0,,14.583771,121.059675,https://www.lamudi.com.ph/1-bedroom-unit-s35d1-for-sale-in-maven-at-capitol-commons-pasig-city.html
"3BR Unit for Sale in Suntrust Amadea Tower 2, Quezon City, 7.1M","Paligsahan, Quezon City",7123896.0,3.0,2.0,46.0,,14.631613,121.023475,https://www.lamudi.com.ph/3br-unit-for-sale-in-suntrust-amadea-tower-2-quezon-city-7-1m.html
"For Sale: Studio Unit in Suntrust Kirana, Pasig City","Pinagbuhatan, Pasig",3297501.0,1.0,1.0,27.0,,14.555535,121.090095,https://www.lamudi.com.ph/for-sale-studio-unit-in-suntrust-kirana-pasig-city.html
"Pre-Selling 2-Bedroom Unit in Acacia Escalades B, Pasig City","Manggahan, Pasig",5700000.0,2.0,,,,14.601887,121.093698,https://www.lamudi.com.ph/pre-selling-2-bedroom-unit-in-acacia-escalades-b-pasig-city.html
"Loft Unit for Sale in AMA Tower Residences, Wack-Wack Greenhills Mandaluyong|32J","Wack-Wack Greenhills, Mandaluyong",16088526.0,1.0,1.0,63.0,,14.592173,121.053333,https://www.lamudi.com.ph/loft-unit-for-sale-in-ama-tower-residences-wack-wack-greenhills-mandaluyong-32j.html
"2-Bedroom Unit for Sale in One Lakeshore Drive, San Antonio, Davao - Tower 3","San Antonio, Davao",10760000.0,2.0,2.0,76.0,,7.095857,125.630475,https://www.lamudi.com.ph/2-bedroom-unit-for-sale-in-one-lakeshore-drive-san-antonio-davao-tower-3.html
"Duplex House and Lot Side by Side Roadside for Sale in Ajoya Capas, Tarlac - with Spe...","Talaga, Capas",2800000.0,,,66.0,79.0,15.38115,120.590541,https://www.lamudi.com.ph/duplex-house-and-lot-side-by-side-roadside-for-sale-in-ajoya-capas-tarlac-with-special-offer.html
"Single Detached Bungalow House (Aeon Combined) for Sale in Suntrust Sentosa, Calamba,...","Punta, Calamba",3124880.0,2.0,,71.0,120.0,14.176345,121.122173,https://www.lamudi.com.ph/single-detached-bungalow-house-aeon-combined-for-sale-in-suntrust-sentosa-calamba-laguna.html
"Lot for Sale in Priveya Hills, Mandaue, Cebu - with Special Offer","Tawason, Mandaue",13400000.0,,,,661.0,10.38246,123.925415,https://www.lamudi.com.ph/lot-for-sale-in-priveya-hills-mandaue-cebu-with-special-offer.html
"Condominium with 3 bedroom for Sale in Suntrust Shanata, Novaliches, Quezon City","Novaliches, Quezon City",7802700.0,3.0,2.0,54.0,,14.68155,121.0198,https://www.lamudi.com.ph/condominium-with-3-bedroom-for-sale-in-suntrust-shanata-novaliches-quezon-city.html
"2-Bedroom Single Attached House and Lot for Sale in Ajoya Cabanatuan, Nueva Ecija - w...","Valle Cruz, Cabanatuan",3800000.0,2.0,,74.0,88.0,15.47877,120.995348,https://www.lamudi.com.ph/2-bedroom-single-attached-house-and-lot-for-sale-in-ajoya-cabanatuan-nueva-ecija-with-special-offer.html
2-Storey 4BR Single Detached House and Lot (Washington Model) for Sale in Washington ...,"Sampaloc II, Dasmarinas",9614253.0,4.0,,103.0,168.0,14.287385,120.964753,https://www.lamudi.com.ph/2-storey-4br-single-detached-house-and-lot-washington-model-for-sale-in-washington-place-dasmarinas-cavite.html
"3-Bedroom Unit for Sale in Suntrust Asmara Tower 1, New Manila, Quezon City","New Manila, Quezon City",8229500.0,3.0,2.0,53.0,,14.621176,121.022808,https://www.lamudi.com.ph/3-bedroom-unit-for-sale-in-suntrust-asmara-tower-1-new-manila-quezon-city.html
Pre-Selling 2BR (126.1 sqm) at The Residences At The Westin Manila Sonata Place,"Ortigas CBD, Pasig",31083715.0,2.0,,126.0,,14.5808822,121.05885,https://www.lamudi.com.ph/pre-selling-2br-126-1-sqm-at-the-residences-at-the-westin-manila-sonata-place-1.html
"2-Bedroom Unit (55F) for Sale in Empress at Capitol Commons, Pasig City","Oranbo, Pasig",39655000.0,2.0,2.0,110.0,,14.575822,121.064324,https://www.lamudi.com.ph/2-bedroom-unit-55f-for-sale-in-empress-at-capitol-commons-pasig-city.html
"4-Bedroom Townhouse for Sale at Lancaster New City in Imus, Cavite -ADELLE Model","Alapan II-A, Imus",2671400.0,4.0,,70.0,60.0,14.4084872,120.9062254,https://www.lamudi.com.ph/4-bedroom-townhouse-for-sale-at-lancaster-new-city-in-imus-cavite-adelle-model.html
Pre-Selling 2BR (160.17 sqm) at The Residences At The Westin Manila Sonata Place,"Ortigas CBD, Pasig",41479493.0,2.0,,160.0,,14.5808822,121.05885,https://www.lamudi.com.ph/pre-selling-2br-160-17-sqm-at-the-residences-at-the-westin-manila-sonata-place-1.html
"RFO 1BR Unit (43.24 sqm) for Sale - The Trion Towers 3, BGC Taguig","McKinley Hill, Taguig",13900000.0,1.0,1.0,43.0,,14.54595,121.0494,https://www.lamudi.com.ph/rfo-1br-unit-43-24-sqm-for-sale-the-trion-towers-3-bgc-taguig-1.html
"1BR Condo Unit for Sale at Camella Manors Bacolod in Mandalagan, Bacolod City | RFO","Mandalagan, Bacolod",4926000.0,1.0,1.0,30.0,,10.6877926,122.9747478,https://www.lamudi.com.ph/1br-condo-unit-for-sale-at-camella-manors-bacolod-in-mandalagan-bacolod-city-rfo.html
"Studio Unit (51G) for Sale in Empress at Capitol Commons, Pasig City","Oranbo, Pasig",10800000.0,1.0,1.0,34.0,,14.575421,121.063867,https://www.lamudi.com.ph/studio-unit-51g-for-sale-in-empress-at-capitol-commons-pasig-city.html
"Offices at The Galleon - Prime Unit (10J) for Sale in Ortigas, Pasig","San Antonio, Pasig",31218000.0,,,93.0,,14.588716,121.060009,https://www.lamudi.com.ph/offices-at-the-galleon-prime-unit-10j-for-sale-in-ortigas-pasig.html
"1-Bedroom Unit for Sale in 88 Gibraltar Tower 1, Gibraltar, Baguio","Gibraltar, Baguio",6577000.0,1.0,1.0,34.0,,16.419598,120.626852,https://www.lamudi.com.ph/1-bedroom-unit-for-sale-in-88-gibraltar-tower-1-gibraltar-baguio.html
4-Bedroom Single Detached House and Lot for Sale in The Arcadia | Boundary of Angeles...,"Manibaug Paralaya, Porac",8215525.0,4.0,,144.0,154.0,15.119767,120.560714,https://www.lamudi.com.ph/4-bedroom-single-detached-house-and-lot-for-sale-in-the-arcadia-boundary-of-angeles-and-porac-pampanga-adelaide-model.html
"Studio (3917) for Sale in Maple at Verdant Towers, Ortigas, Pasig City","Ugong, Pasig",8872000.0,1.0,,35.0,,14.588882,121.079016,https://www.lamudi.com.ph/studio-3917-for-sale-in-maple-at-verdant-towers-ortigas-pasig-city.html
"1-Bedroom Unit (S47F) for Sale in Maven at Capitol Commons, Pasig City","Ortigas CBD, Pasig",12925800.0,1.0,1.0,50.0,,14.583771,121.059675,https://www.lamudi.com.ph/1-bedroom-unit-s47f-for-sale-in-maven-at-capitol-commons-pasig-city.html
"Condominium with 2 bedroom for Sale in Suntrust Shanata, Novaliches, Quezon City","Novaliches, Quezon City",6363100.0,2.0,1.0,35.0,,14.68155,121.0198,https://www.lamudi.com.ph/condominium-with-2-bedroom-for-sale-in-suntrust-shanata-novaliches-quezon-city-3.html
"1-Bedroom Unit (N16E2) for Sale in Maven at Capitol Commons, Pasig City","Ortigas CBD, Pasig",10908800.0,1.0,1.0,51.0,,14.583771,121.059675,https://www.lamudi.com.ph/1-bedroom-unit-n16e2-for-sale-in-maven-at-capitol-commons-pasig-city.html
"1-Bedroom Unit (45K) for Sale in Empress at Capitol Commons, Pasig City","Oranbo, Pasig",23119000.0,1.0,1.0,66.0,,14.575822,121.064324,https://www.lamudi.com.ph/1-bedroom-unit-45k-for-sale-in-empress-at-capitol-commons-pasig-city.html
"Offices at The Galleon - Prime Unit (10G) for Sale in Ortigas, Pasig","San Antonio, Pasig",27408000.0,,,82.0,,14.588716,121.060009,https://www.lamudi.com.ph/offices-at-the-galleon-prime-unit-10g-for-sale-in-ortigas-pasig.html
"Offices at The Galleon - Prime Unit (27F) for Sale in Ortigas, Pasig","San Antonio, Pasig",38824000.0,,,111.0,,14.588716,121.060009,https://www.lamudi.com.ph/offices-at-the-galleon-prime-unit-27f-for-sale-in-ortigas-pasig.html
"Offices at The Galleon - Prime Unit (12G) for Sale in Ortigas, Pasig","San Antonio, Pasig",25284000.0,,,82.0,,14.588716,121.060009,https://www.lamudi.com.ph/offices-at-the-galleon-prime-unit-12g-for-sale-in-ortigas-pasig.html
"Offices at The Galleon - Prime Unit (22I) for Sale in Ortigas, Pasig","San Antonio, Pasig",31991000.0,,,93.0,,14.588716,121.060009,https://www.lamudi.com.ph/offices-at-the-galleon-prime-unit-22i-for-sale-in-ortigas-pasig.html
"Offices at The Galleon - Prime Unit (16G) for Sale in Ortigas, Pasig","San Antonio, Pasig",27608000.0,,,82.0,,14.588716,121.060009,https://www.lamudi.com.ph/offices-at-the-galleon-prime-unit-16g-for-sale-in-ortigas-pasig.html
"Offices at The Galleon - Prime Unit (20J) for Sale in Ortigas, Pasig","San Antonio, Pasig",31632000.0,,,93.0,,14.588716,121.060009,https://www.lamudi.com.ph/offices-at-the-galleon-prime-unit-20j-for-sale-in-ortigas-pasig.html
"2-Bedroom Unit (3318) for Sale in Maple at Verdant Towers, Ortigas, Pasig City","Ugong, Pasig",27083000.0,2.0,,89.0,,14.588882,121.079016,https://www.lamudi.com.ph/2-bedroom-unit-3318-for-sale-in-maple-at-verdant-towers-ortigas-pasig-city.html
"The Glaston Tower - Office Unit, Prime Suite (14M) for Sale in Ortigas East, Pasig Ci...","Ugong, Pasig",33705000.0,,,132.0,,14.587964,121.079045,https://www.lamudi.com.ph/the-glaston-tower-office-unit-prime-suite-14m-for-sale-in-ortigas-east-pasig-city-1.html
"Offices at The Galleon - Prime Unit (34M) for Sale in Ortigas, Pasig","San Antonio, Pasig",33297000.0,,,95.0,,14.588716,121.060009,https://www.lamudi.com.ph/offices-at-the-galleon-prime-unit-34m-for-sale-in-ortigas-pasig.html
"2-Bedroom Unit (2512) for Sale in Maple at Verdant Towers, Ortigas, Pasig City","Ugong, Pasig",25136000.0,2.0,1.0,89.0,,14.588882,121.079016,https://www.lamudi.com.ph/2-bedroom-unit-2512-for-sale-in-maple-at-verdant-towers-ortigas-pasig-city.html
"2-Bedroom Unit (39O) for Sale in Empress at Capitol Commons, Pasig City","Oranbo, Pasig",34871000.0,2.0,2.0,106.0,,14.575822,121.064324,https://www.lamudi.com.ph/2-bedroom-unit-39o-for-sale-in-empress-at-capitol-commons-pasig-city.html
"1-Bedroom Unit (N57C2) for Sale in Maven at Capitol Commons, Pasig City","Ortigas CBD, Pasig",12962200.0,1.0,1.0,52.0,,14.583771,121.059675,https://www.lamudi.com.ph/1-bedroom-unit-n57c2-for-sale-in-maven-at-capitol-commons-pasig-city.html
"1-Bedroom Unit (2607) for Sale in Maple at Verdant Towers, Ortigas, Pasig City","Ugong, Pasig",15155000.0,1.0,1.0,53.0,,14.588882,121.079016,https://www.lamudi.com.ph/1-bedroom-unit-2607-for-sale-in-maple-at-verdant-towers-ortigas-pasig-city.html
"1-Bedroom Unit (1415) for Sale in Maple at Verdant Towers, Ortigas, Pasig City","Ugong, Pasig",15669000.0,1.0,,58.0,,14.588882,121.079016,https://www.lamudi.com.ph/1-bedroom-unit-1415-for-sale-in-maple-at-verdant-towers-ortigas-pasig-city.html
"Studio (3817) for Sale in Maple at Verdant Towers, Ortigas, Pasig City","Ugong, Pasig",8957000.0,1.0,,35.0,,14.588882,121.079016,https://www.lamudi.com.ph/studio-3817-for-sale-in-maple-at-verdant-towers-ortigas-pasig-city.html
"3-Bedroom House and Lot for Sale in The Arcadia | Boundary of Angeles and Porac, Pamp...","Manibaug Paralaya, Porac",3177163.0,3.0,,78.0,63.0,15.119767,120.560714,https://www.lamudi.com.ph/3-bedroom-house-and-lot-for-sale-in-the-arcadia-boundary-of-angeles-and-porac-pampanga-anais-inner-unit-complete.html
"2-Bedroom Unit (25H) - Residences at The Galleon (Pre-selling) in Ortigas CBD, Pasig","San Antonio, Pasig",42045000.0,2.0,2.0,114.0,,14.588377,121.059897,https://www.lamudi.com.ph/2-bedroom-unit-25h-residences-at-the-galleon-pre-selling-in-ortigas-cbd-pasig.html
"1-Bedroom Unit (S57C1) for Sale in Maven at Capitol Commons, Pasig City","Ortigas CBD, Pasig",11345600.0,1.0,1.0,48.0,,14.583771,121.059675,https://www.lamudi.com.ph/1-bedroom-unit-s57c1-for-sale-in-maven-at-capitol-commons-pasig-city.html
"1-Bedroom Unit (54C) for Sale in Empress at Capitol Commons, Pasig City","Oranbo, Pasig",21549000.0,1.0,1.0,65.0,,14.575822,121.064324,https://www.lamudi.com.ph/1-bedroom-unit-54c-for-sale-in-empress-at-capitol-commons-pasig-city.html
"2-Bedroom Unit (2901) for Sale in Maple at Verdant Towers, Ortigas, Pasig City","Ugong, Pasig",27405000.0,2.0,1.0,89.0,,14.588882,121.079016,https://www.lamudi.com.ph/2-bedroom-unit-2901-for-sale-in-maple-at-verdant-towers-ortigas-pasig-city.html
"1 bedroom Condominium for Sale in Suntrust Capitol Plaza, Diliman, Quezon City","Diliman, Quezon City",6500000.0,1.0,1.0,40.0,,14.644874,121.050593,https://www.lamudi.com.ph/1-bedroom-condominium-for-sale-in-suntrust-capitol-plaza-diliman-quezon-city-1.html
"1-Bedroom Unit (1026) for Sale in Maple at Verdant Towers, Ortigas, Pasig City","Ugong, Pasig",16052000.0,1.0,,58.0,,14.588882,121.079016,https://www.lamudi.com.ph/1-bedroom-unit-1026-for-sale-in-maple-at-verdant-towers-ortigas-pasig-city.html
"1-Bedroom Unit (1410) for Sale in Maple at Verdant Towers, Ortigas, Pasig City","Ugong, Pasig",15422000.0,1.0,1.0,58.0,,14.588882,121.079016,https://www.lamudi.com.ph/1-bedroom-unit-1410-for-sale-in-maple-at-verdant-towers-ortigas-pasig-city.html
"1-Bedroom Unit (20K) for Sale in Empress at Capitol Commons, Pasig City","Oranbo, Pasig",22403000.0,1.0,1.0,67.0,,14.575822,121.064324,https://www.lamudi.com.ph/1-bedroom-unit-20k-for-sale-in-empress-at-capitol-commons-pasig-city.html
"1-Bedroom Unit (10F) for Sale in Empress at Capitol Commons, Pasig City","Oranbo, Pasig",21663000.0,1.0,1.0,67.0,,14.575822,121.064324,https://www.lamudi.com.ph/1-bedroom-unit-10f-for-sale-in-empress-at-capitol-commons-pasig-city.html
"Studio Deluxe (47E) for Sale in Empress at Capitol Commons, Pasig City","Oranbo, Pasig",13323000.0,1.0,1.0,46.0,,14.575822,121.064324,https://www.lamudi.com.ph/studio-deluxe-47e-for-sale-in-empress-at-capitol-commons-pasig-city.html
"1-Bedroom Unit (3614) for Sale in Maple at Verdant Towers, Ortigas, Pasig City","Ugong, Pasig",16205000.0,1.0,,57.0,,14.588882,121.079016,https://www.lamudi.com.ph/1-bedroom-unit-3614-for-sale-in-maple-at-verdant-towers-ortigas-pasig-city.html
"1-Bedroom Unit for Sale in 88 Gibraltar Tower 1, Gibraltar, Baguio","Gibraltar, Baguio",6577000.0,1.0,1.0,34.0,,16.419598,120.626852,https://www.lamudi.com.ph/1-bedroom-unit-for-sale-in-88-gibraltar-tower-1-gibraltar-baguio.html
"2-Bedroom Unit (27B) for Sale in Empress at Capitol Commons, Pasig City","Oranbo, Pasig",32334000.0,2.0,2.0,104.0,,14.575822,121.064324,https://www.lamudi.com.ph/2-bedroom-unit-27b-for-sale-in-empress-at-capitol-commons-pasig-city.html
"1-Bedroom Unit (1114) for Sale in Maple at Verdant Towers, Ortigas, Pasig City","Ugong, Pasig",15422000.0,1.0,,58.0,,14.588882,121.079016,https://www.lamudi.com.ph/1-bedroom-unit-1114-for-sale-in-maple-at-verdant-towers-ortigas-pasig-city.html
"Studio (3212) for Sale in Maple at Verdant Towers, Ortigas, Pasig City","Ugong, Pasig",8323000.0,1.0,,35.0,,14.588882,121.079016,https://www.lamudi.com.ph/studio-3212-for-sale-in-maple-at-verdant-towers-ortigas-pasig-city.html
"1-Bedroom Unit (918) for Sale in Maple at Verdant Towers, Ortigas, Pasig City","Ugong, Pasig",15162000.0,1.0,,56.0,,14.588882,121.079016,https://www.lamudi.com.ph/1-bedroom-unit-918-for-sale-in-maple-at-verdant-towers-ortigas-pasig-city.html
"1-Bedroom Unit (921) for Sale in Maple at Verdant Towers, Ortigas, Pasig City","Ugong, Pasig",15162000.0,1.0,,56.0,,14.588882,121.079016,https://www.lamudi.com.ph/1-bedroom-unit-921-for-sale-in-maple-at-verdant-towers-ortigas-pasig-city.html
"1-Bedroom Unit (S58F) for Sale in Maven at Capitol Commons, Pasig City","Ortigas CBD, Pasig",11783400.0,1.0,1.0,47.0,,14.583771,121.059675,https://www.lamudi.com.ph/1-bedroom-unit-s58f-for-sale-in-maven-at-capitol-commons-pasig-city.html
"1-Bedroom Unit (3903) for Sale in Maple at Verdant Towers, Ortigas, Pasig City","Ugong, Pasig",16618000.0,1.0,,57.0,,14.588882,121.079016,https://www.lamudi.com.ph/1-bedroom-unit-3903-for-sale-in-maple-at-verdant-towers-ortigas-pasig-city.html
"1-Bedroom Unit (S48C1) for Sale in Maven at Capitol Commons, Pasig City","Ortigas CBD, Pasig",11379200.0,1.0,1.0,48.0,,14.583771,121.059675,https://www.lamudi.com.ph/1-bedroom-unit-s48c1-for-sale-in-maven-at-capitol-commons-pasig-city.html
"1-Bedroom Unit (3111) for Sale in Maple at Verdant Towers, Ortigas, Pasig City","Ugong, Pasig",15972000.0,1.0,,58.0,,14.588882,121.079016,https://www.lamudi.com.ph/1-bedroom-unit-3111-for-sale-in-maple-at-verdant-towers-ortigas-pasig-city.html
"1-Bedroom Unit (S52C2) for Sale in Maven at Capitol Commons, Pasig City","Ortigas CBD, Pasig",13096600.0,1.0,1.0,52.0,,14.583771,121.059675,https://www.lamudi.com.ph/1-bedroom-unit-s52c2-for-sale-in-maven-at-capitol-commons-pasig-city.html
"2-Bedroom Unit (29E) - Residences at The Galleon (Pre-selling) in Ortigas CBD, Pasig","San Antonio, Pasig",42559000.0,2.0,2.0,114.0,,14.588377,121.059897,https://www.lamudi.com.ph/2-bedroom-unit-29e-residences-at-the-galleon-pre-selling-in-ortigas-cbd-pasig.html
"2-Bedroom Unit (N59A) for Sale in Maven at Capitol Commons, Pasig City","Ortigas CBD, Pasig",17530800.0,2.0,2.0,73.0,,14.583771,121.059675,https://www.lamudi.com.ph/2-bedroom-unit-n59a-for-sale-in-maven-at-capitol-commons-pasig-city.html
"2-Bedroom Unit (21H) - Residences at The Galleon (Pre-selling) in Ortigas CBD, Pasig","San Antonio, Pasig",41821000.0,2.0,2.0,114.0,,14.588377,121.059897,https://www.lamudi.com.ph/2-bedroom-unit-21h-residences-at-the-galleon-pre-selling-in-ortigas-cbd-pasig.html
"Studio (4007) for Sale in Maple at Verdant Towers, Ortigas, Pasig City","Ugong, Pasig",8577000.0,1.0,,35.0,,14.588882,121.079016,https://www.lamudi.com.ph/studio-4007-for-sale-in-maple-at-verdant-towers-ortigas-pasig-city.html
"1-Bedroom Unit (1914) for Sale in Maple at Verdant Towers, Ortigas, Pasig City","Ugong, Pasig",15692000.0,1.0,1.0,58.0,,14.588882,121.079016,https://www.lamudi.com.ph/1-bedroom-unit-1914-for-sale-in-maple-at-verdant-towers-ortigas-pasig-city.html
"1-Bedroom Unit (2107) for Sale in Maple at Verdant Towers, Ortigas, Pasig City","Ugong, Pasig",15695000.0,1.0,1.0,56.0,,14.588882,121.079016,https://www.lamudi.com.ph/1-bedroom-unit-2107-for-sale-in-maple-at-verdant-towers-ortigas-pasig-city.html
"1-Bedroom Unit (3410) for Sale in Maple at Verdant Towers, Ortigas, Pasig City","Ugong, Pasig",16042000.0,1.0,,58.0,,14.588882,121.079016,https://www.lamudi.com.ph/1-bedroom-unit-3410-for-sale-in-maple-at-verdant-towers-ortigas-pasig-city.html
"1-Bedroom Unit (S46D1) for Sale in Maven at Capitol Commons, Pasig City","Ortigas CBD, Pasig",11088000.0,1.0,1.0,47.0,,14.583771,121.059675,https://www.lamudi.com.ph/1-bedroom-unit-s46d1-for-sale-in-maven-at-capitol-commons-pasig-city.html
"1-Bedroom Unit (N57C2) for Sale in Maven at Capitol Commons, Pasig City","Ortigas CBD, Pasig",12962200.0,1.0,1.0,52.0,,14.583771,121.059675,https://www.lamudi.com.ph/1-bedroom-unit-n57c2-for-sale-in-maven-at-capitol-commons-pasig-city.html
"Offices at The Galleon - Prime Unit (16G) for Sale in Ortigas, Pasig","San Antonio, Pasig",27608000.0,,,82.0,,14.588716,121.060009,https://www.lamudi.com.ph/offices-at-the-galleon-prime-unit-16g-for-sale-in-ortigas-pasig.html
"Offices at The Galleon - Prime Unit (12G) for Sale in Ortigas, Pasig","San Antonio, Pasig",25284000.0,,,82.0,,14.588716,121.060009,https://www.lamudi.com.ph/offices-at-the-galleon-prime-unit-12g-for-sale-in-ortigas-pasig.html
"Studio Deluxe (47E) for Sale in Empress at Capitol Commons, Pasig City","Oranbo, Pasig",13323000.0,1.0,1.0,46.0,,14.575822,121.064324,https://www.lamudi.com.ph/studio-deluxe-47e-for-sale-in-empress-at-capitol-commons-pasig-city.html
"1-Bedroom Unit (3614) for Sale in Maple at Verdant Towers, Ortigas, Pasig City","Ugong, Pasig",16205000.0,1.0,,57.0,,14.588882,121.079016,https://www.lamudi.com.ph/1-bedroom-unit-3614-for-sale-in-maple-at-verdant-towers-ortigas-pasig-city.html
"1-Bedroom Unit (1614) for Sale in Maple at Verdant Towers, Ortigas, Pasig City","Ugong, Pasig",15562000.0,1.0,,58.0,,14.588882,121.079016,https://www.lamudi.com.ph/1-bedroom-unit-1614-for-sale-in-maple-at-verdant-towers-ortigas-pasig-city.html
"1-Bedroom Unit (1514) for Sale in Maple at Verdant Towers, Ortigas, Pasig City","Ugong, Pasig",15492000.0,1.0,,58.0,,14.588882,121.079016,https://www.lamudi.com.ph/1-bedroom-unit-1514-for-sale-in-maple-at-verdant-towers-ortigas-pasig-city.html
"1-Bedroom Unit (1410) for Sale in Maple at Verdant Towers, Ortigas, Pasig City","Ugong, Pasig",15422000.0,1.0,1.0,58.0,,14.588882,121.079016,https://www.lamudi.com.ph/1-bedroom-unit-1410-for-sale-in-maple-at-verdant-towers-ortigas-pasig-city.html
"1-Bedroom Unit (1026) for Sale in Maple at Verdant Towers, Ortigas, Pasig City","Ugong, Pasig",16052000.0,1.0,,58.0,,14.588882,121.079016,https://www.lamudi.com.ph/1-bedroom-unit-1026-for-sale-in-maple-at-verdant-towers-ortigas-pasig-city.html
"2-Bedroom Condo Unit (29H) for Sale in One Sierra,EDSA, Mandaluyong City, Metro Manil...","Highway Hills, Mandaluyong",16461477.0,2.0,2.0,84.0,,14.578255,121.052143,https://www.lamudi.com.ph/2-bedroom-condo-unit-29h-for-sale-in-one-sierra-edsa-mandaluyong-city-metro-manila.html
"Offices at The Galleon - Prime Unit (21F) for Sale in Ortigas, Pasig","San Antonio, Pasig",37366000.0,,,108.0,,14.588716,121.060009,https://www.lamudi.com.ph/offices-at-the-galleon-prime-unit-21f-for-sale-in-ortigas-pasig.html
"The Glaston Tower - Office Unit, Prime Unit (34N) for Sale in Ortigas East, Pasig Cit...","Ugong, Pasig",28594000.0,,,101.0,,14.587964,121.079045,https://www.lamudi.com.ph/the-glaston-tower-office-unit-prime-unit-34n-for-sale-in-ortigas-east-pasig-city.html
"2-Bedroom Unit (53O) for Sale in Empress at Capitol Commons, Pasig City","Oranbo, Pasig",37172000.0,2.0,2.0,106.0,,14.575822,121.064324,https://www.lamudi.com.ph/2-bedroom-unit-53o-for-sale-in-empress-at-capitol-commons-pasig-city.html
"2-Bedroom Unit (3708) for Sale in Maple at Verdant Towers, Ortigas, Pasig City","Ugong, Pasig",26008000.0,2.0,1.0,89.0,,14.588882,121.079016,https://www.lamudi.com.ph/2-bedroom-unit-3708-for-sale-in-maple-at-verdant-towers-ortigas-pasig-city.html
"1-Bedroom Unit (3903) for Sale in Maple at Verdant Towers, Ortigas, Pasig City","Ugong, Pasig",16618000.0,1.0,,57.0,,14.588882,121.079016,https://www.lamudi.com.ph/1-bedroom-unit-3903-for-sale-in-maple-at-verdant-towers-ortigas-pasig-city.html
"1-Bedroom Unit (S48C1) for Sale in Maven at Capitol Commons, Pasig City","Ortigas CBD, Pasig",11379200.0,1.0,1.0,48.0,,14.583771,121.059675,https://www.lamudi.com.ph/1-bedroom-unit-s48c1-for-sale-in-maven-at-capitol-commons-pasig-city.html
"2-Bedroom Unit (N59A) for Sale in Maven at Capitol Commons, Pasig City","Ortigas CBD, Pasig",17530800.0,2.0,2.0,73.0,,14.583771,121.059675,https://www.lamudi.com.ph/2-bedroom-unit-n59a-for-sale-in-maven-at-capitol-commons-pasig-city.html
"2-Bedroom Unit (21H) - Residences at The Galleon (Pre-selling) in Ortigas CBD, Pasig","San Antonio, Pasig",41821000.0,2.0,2.0,114.0,,14.588377,121.059897,https://www.lamudi.com.ph/2-bedroom-unit-21h-residences-at-the-galleon-pre-selling-in-ortigas-cbd-pasig.html
"2-Bedroom Unit (29E) - Residences at The Galleon (Pre-selling) in Ortigas CBD, Pasig","San Antonio, Pasig",42559000.0,2.0,2.0,114.0,,14.588377,121.059897,https://www.lamudi.com.ph/2-bedroom-unit-29e-residences-at-the-galleon-pre-selling-in-ortigas-cbd-pasig.html
"1-Bedroom Unit (1114) for Sale in Maple at Verdant Towers, Ortigas, Pasig City","Ugong, Pasig",15422000.0,1.0,,58.0,,14.588882,121.079016,https://www.lamudi.com.ph/1-bedroom-unit-1114-for-sale-in-maple-at-verdant-towers-ortigas-pasig-city.html
"Studio (3212) for Sale in Maple at Verdant Towers, Ortigas, Pasig City","Ugong, Pasig",8323000.0,1.0,,35.0,,14.588882,121.079016,https://www.lamudi.com.ph/studio-3212-for-sale-in-maple-at-verdant-towers-ortigas-pasig-city.html
"1-Bedroom Unit (18C) - Residences at The Galleon (Pre-selling) in Ortigas CBD, Pasig","San Antonio, Pasig",27110000.0,1.0,1.0,70.0,,14.588377,121.059897,https://www.lamudi.com.ph/1-bedroom-unit-18c-residences-at-the-galleon-pre-selling-in-ortigas-cbd-pasig.html
"Offices at The Galleon - Prime Suite (34K) for Sale in Ortigas, Pasig","San Antonio, Pasig",41710000.0,,,113.0,,14.588716,121.060009,https://www.lamudi.com.ph/offices-at-the-galleon-prime-suite-34k-for-sale-in-ortigas-pasig.html
"Offices at The Galleon - Glass Unit (23E) for Sale in Ortigas, Pasig","San Antonio, Pasig",31079000.0,,,90.0,,14.588716,121.060009,https://www.lamudi.com.ph/offices-at-the-galleon-glass-unit-23e-for-sale-in-ortigas-pasig.html
"2-Bedroom Unit (3418) for Sale in Maple at Verdant Towers, Ortigas, Pasig City","Ugong, Pasig",27083000.0,2.0,1.0,89.0,,14.588882,121.079016,https://www.lamudi.com.ph/2-bedroom-unit-3418-for-sale-in-maple-at-verdant-towers-ortigas-pasig-city.html
"Studio Deluxe (22E) for Sale in Empress at Capitol Commons, Pasig City","Oranbo, Pasig",12377000.0,1.0,1.0,45.0,,14.575822,121.064324,https://www.lamudi.com.ph/studio-deluxe-22e-for-sale-in-empress-at-capitol-commons-pasig-city.html
"1-Bedroom Unit (20K) - Residences at The Galleon (Pre-selling) in Ortigas CBD, Pasig","San Antonio, Pasig",27961000.0,1.0,1.0,69.0,,14.588377,121.059897,https://www.lamudi.com.ph/1-bedroom-unit-20k-residences-at-the-galleon-pre-selling-in-ortigas-cbd-pasig.html
"1-Bedroom Unit (S43D1) for Sale in Maven at Capitol Commons, Pasig City","Ortigas CBD, Pasig",11088000.0,1.0,1.0,47.0,,14.583771,121.059675,https://www.lamudi.com.ph/1-bedroom-unit-s43d1-for-sale-in-maven-at-capitol-commons-pasig-city.html
"1-Bedroom Unit (N24E1) for Sale in Maven at Capitol Commons, Pasig City","Ortigas CBD, Pasig",12230400.0,1.0,1.0,57.0,,14.583771,121.059675,https://www.lamudi.com.ph/1-bedroom-unit-n24e1-for-sale-in-maven-at-capitol-commons-pasig-city.html
"Studio Condo Unit (11E) for Sale in One Sierra, EDSA, Mandaluyong City, Metro Manila","Highway Hills, Mandaluyong",8300865.0,1.0,1.0,33.0,,14.578255,121.052143,https://www.lamudi.com.ph/studio-condo-unit-11e-for-sale-in-one-sierra-edsa-mandaluyong-city-metro-manila.html
"1 bedroom Condominium for Sale in Suntrust Capitol Plaza, Diliman, Quezon City","Diliman, Quezon City",6500000.0,1.0,1.0,40.0,,14.644874,121.050593,https://www.lamudi.com.ph/1-bedroom-condominium-for-sale-in-suntrust-capitol-plaza-diliman-quezon-city-1.html
"1-Bedroom Condo Unit (27A) for Sale in One Sierra, EDSA, Mandaluyong City, Metro Mani...","Highway Hills, Mandaluyong",12169372.0,1.0,1.0,55.0,,14.578255,121.052143,https://www.lamudi.com.ph/1-bedroom-condo-unit-27a-for-sale-in-one-sierra-edsa-mandaluyong-city-metro-manila.html
"Offices at The Galleon - Prime Suite (22K) for Sale in Ortigas, Pasig","San Antonio, Pasig",41161000.0,,,114.0,,14.588716,121.060009,https://www.lamudi.com.ph/offices-at-the-galleon-prime-suite-22k-for-sale-in-ortigas-pasig.html
"Studio (3119) for Sale in Maple at Verdant Towers, Ortigas, Pasig City","Ugong, Pasig",8746000.0,1.0,,35.0,,14.588882,121.079016,https://www.lamudi.com.ph/studio-3119-for-sale-in-maple-at-verdant-towers-ortigas-pasig-city.html
"5,000 sqm Industrial Lot for Sale in Laguindingan Technopark, Misamis Oriental","Moog, Laguindingan",27500000.0,,,,5000.0,8.609045,124.468733,https://www.lamudi.com.ph/5-000-sqm-industrial-lot-for-sale-in-laguindingan-technopark-misamis-oriental.html
"2-Bedroom Unit (26E) - Residences at The Galleon (Pre-selling) in Ortigas CBD, Pasig","San Antonio, Pasig",42305000.0,2.0,2.0,114.0,,14.588377,121.059897,https://www.lamudi.com.ph/2-bedroom-unit-26e-residences-at-the-galleon-pre-selling-in-ortigas-cbd-pasig.html
"Pre-Selling 1-Bedroom  Executive (51.00 sqm) in Galleria Residences 3, Cebu City","North Reclamation Area, Cebu",8671350.0,1.0,,51.0,,10.3084189,123.9157609,https://www.lamudi.com.ph/pre-selling-1-bedroom-executive-51-00-sqm-in-galleria-residences-3-cebu-city-1.html
"Studio Unit for Sale in Cerise Tower, Southwoods City, Binan, Laguna | 32sqm","San Francisco, Binan",7200000.0,1.0,1.0,32.0,,14.3336384,121.0555577,https://www.lamudi.com.ph/studio-unit-for-sale-in-cerise-tower-southwoods-city-binan-laguna-32sqm.html
"Pre-Selling Studio Unit (37.00 sqm) in Galleria Residences 3, Cebu City","North Reclamation Area, Cebu",6392734.0,1.0,,37.0,,10.3084189,123.9157609,https://www.lamudi.com.ph/pre-selling-studio-unit-37-00-sqm-in-galleria-residences-3-cebu-city-1.html
"3-Bedroom House and Lot for Sale at Lancaster New City in Imus, Cavite -AIRA Model","Alapan II-A, Imus",5282600.0,3.0,,80.0,92.0,14.4084872,120.9062254,https://www.lamudi.com.ph/3-bedroom-house-and-lot-for-sale-at-lancaster-new-city-in-imus-cavite-aira-model.html
"Condominium with 2 bedroom for Sale in Suntrust Shanata, Novaliches, Quezon City","Novaliches, Quezon City",6363100.0,2.0,1.0,35.0,,14.68155,121.0198,https://www.lamudi.com.ph/condominium-with-2-bedroom-for-sale-in-suntrust-shanata-novaliches-quezon-city-2.html
"Offices at The Galleon - Prime Unit (15M) for Sale in Ortigas, Pasig","San Antonio, Pasig",31403000.0,,,93.0,,14.588716,121.060009,https://www.lamudi.com.ph/offices-at-the-galleon-prime-unit-15m-for-sale-in-ortigas-pasig.html
"Studio (3512) for Sale in Maple at Verdant Towers, Ortigas, Pasig City","Ugong, Pasig",8365000.0,1.0,,35.0,,14.588882,121.079016,https://www.lamudi.com.ph/studio-3512-for-sale-in-maple-at-verdant-towers-ortigas-pasig-city.html
"2-Bedroom Unit (3708) for Sale in Maple at Verdant Towers, Ortigas, Pasig City","Ugong, Pasig",26008000.0,2.0,1.0,89.0,,14.588882,121.079016,https://www.lamudi.com.ph/2-bedroom-unit-3708-for-sale-in-maple-at-verdant-towers-ortigas-pasig-city.html
"1-Bedroom Unit (52A) for Sale in Empress at Capitol Commons, Pasig City","Oranbo, Pasig",23718000.0,1.0,1.0,67.0,,14.575822,121.064324,https://www.lamudi.com.ph/1-bedroom-unit-52a-for-sale-in-empress-at-capitol-commons-pasig-city.html
"Studio Deluxe (16E) for Sale in Empress at Capitol Commons, Pasig City","Oranbo, Pasig",12265000.0,1.0,1.0,45.0,,14.575822,121.064324,https://www.lamudi.com.ph/studio-deluxe-16e-for-sale-in-empress-at-capitol-commons-pasig-city.html
"1-Bedroom Unit (30D) for Sale in Empress at Capitol Commons, Pasig City","Oranbo, Pasig",20739000.0,1.0,1.0,65.0,,14.575822,121.064324,https://www.lamudi.com.ph/1-bedroom-unit-30d-for-sale-in-empress-at-capitol-commons-pasig-city.html
"2-Bedroom Unit for Sale in Suntrust Asmara Tower 1, New Manila, Quezon City","New Manila, Quezon City",6785600.0,2.0,1.0,39.0,,14.621176,121.022808,https://www.lamudi.com.ph/2-bedroom-unit-for-sale-in-suntrust-asmara-tower-1-new-manila-quezon-city.html
"1-Bedroom Unit (N47G1) for Sale in Maven at Capitol Commons, Pasig City","Ortigas CBD, Pasig",15672600.0,1.0,1.0,59.0,,14.583771,121.059675,https://www.lamudi.com.ph/1-bedroom-unit-n47g1-for-sale-in-maven-at-capitol-commons-pasig-city.html
"1-Bedroom Unit (N55E1) for Sale in Maven at Capitol Commons, Pasig City","Ortigas CBD, Pasig",17363800.0,1.0,1.0,64.0,,14.583771,121.059675,https://www.lamudi.com.ph/1-bedroom-unit-n55e1-for-sale-in-maven-at-capitol-commons-pasig-city.html
"2-Bedroom Unit (24O) for Sale in Empress at Capitol Commons, Pasig City","Oranbo, Pasig",33272000.0,2.0,2.0,104.0,,14.575822,121.064324,https://www.lamudi.com.ph/2-bedroom-unit-24o-for-sale-in-empress-at-capitol-commons-pasig-city.html
"1-Bedroom Unit (S49C1) for Sale in Maven at Capitol Commons, Pasig City","Ortigas CBD, Pasig",11323200.0,1.0,1.0,48.0,,14.583771,121.059675,https://www.lamudi.com.ph/1-bedroom-unit-s49c1-for-sale-in-maven-at-capitol-commons-pasig-city.html
"2-Bedroom Unit (3418) for Sale in Maple at Verdant Towers, Ortigas, Pasig City","Ugong, Pasig",27083000.0,2.0,1.0,89.0,,14.588882,121.079016,https://www.lamudi.com.ph/2-bedroom-unit-3418-for-sale-in-maple-at-verdant-towers-ortigas-pasig-city.html
"Studio Deluxe (22E) for Sale in Empress at Capitol Commons, Pasig City","Oranbo, Pasig",12377000.0,1.0,1.0,45.0,,14.575822,121.064324,https://www.lamudi.com.ph/studio-deluxe-22e-for-sale-in-empress-at-capitol-commons-pasig-city.html
"1-Bedroom Unit (21F) for Sale in Empress at Capitol Commons, Pasig City","Oranbo, Pasig",21856000.0,1.0,1.0,67.0,,14.575822,121.064324,https://www.lamudi.com.ph/1-bedroom-unit-21f-for-sale-in-empress-at-capitol-commons-pasig-city.html
"2-Bedroom Unit (34L) - Residences at The Galleon (Pre-selling) in Ortigas CBD, Pasig","San Antonio, Pasig",44555000.0,2.0,2.0,109.0,,14.588377,121.059897,https://www.lamudi.com.ph/2-bedroom-unit-34l-residences-at-the-galleon-pre-selling-in-ortigas-cbd-pasig.html
"2-Bedroom Unit (15O) for Sale in Empress at Capitol Commons, Pasig City","Oranbo, Pasig",32421000.0,2.0,2.0,104.0,,14.575822,121.064324,https://www.lamudi.com.ph/2-bedroom-unit-15o-for-sale-in-empress-at-capitol-commons-pasig-city.html
"1-Bedroom Unit (N43G2) for Sale in Maven at Capitol Commons, Pasig City","Ortigas CBD, Pasig",11177600.0,1.0,1.0,44.0,,14.583771,121.059675,https://www.lamudi.com.ph/1-bedroom-unit-n43g2-for-sale-in-maven-at-capitol-commons-pasig-city.html
"3-Bedroom Unit (59H) for Sale in Empress at Capitol Commons, Pasig City","Oranbo, Pasig",57210000.0,3.0,3.0,152.0,,14.575822,121.064324,https://www.lamudi.com.ph/3-bedroom-unit-59h-for-sale-in-empress-at-capitol-commons-pasig-city.html
"Pre-Selling 1BR Executive in The Magnolia Residences D at New Manila QC, 12.2M","New Manila, Quezon City",12200000.0,1.0,1.0,,,,121.039,https://www.lamudi.com.ph/pre-selling-1br-executive-in-the-magnolia-residences-d-at-new-manila-qc-12-2m.html
"2-Bedroom House for Sale at Camella Provence in Malolos City, Bulacan | Arielle, NRFO...","Longos, Malolos",2424000.0,2.0,,36.0,40.0,14.8743986,120.7973062,https://www.lamudi.com.ph/2-bedroom-house-for-sale-at-camella-provence-in-malolos-city-bulacan-arielle-nrfo-bts-rfo.html
"4-Bedroom House for Sale at Camella Provence in Malolos City, Bulacan | Dana, NRFO","Longos, Malolos",6489000.0,4.0,,85.0,99.0,14.8743986,120.7973062,https://www.lamudi.com.ph/4-bedroom-house-for-sale-at-camella-provence-in-malolos-city-bulacan-dana-nrfo.html
"2-Bedroom House for Sale at Camella Provence in Malolos City, Bulacan | Alli, NRFO","Longos, Malolos",4324000.0,2.0,,40.0,88.0,14.8743986,120.7973062,https://www.lamudi.com.ph/2-bedroom-house-for-sale-at-camella-provence-in-malolos-city-bulacan-alli-nrfo.html
"For Sale: 2BR Condo Unit in Valenzuela - Moldex Residences Valenzuela, Caramoan Bldg ...","Paso de Blas, Valenzuela",4050000.0,2.0,2.0,36.0,,14.7049986,120.98518,https://www.lamudi.com.ph/for-sale-2br-condo-unit-in-valenzuela-moldex-residences-valenzuela-caramoan-bldg-36-54sqm.html
"2-Bedroom House for Sale at Camella Provence in Malolos City, Bulacan | Brielle, BTS/...","Longos, Malolos",2338000.0,2.0,,40.0,40.0,14.8743986,120.7973062,https://www.lamudi.com.ph/2-bedroom-house-for-sale-at-camella-provence-in-malolos-city-bulacan-brielle-bts-rfo.html
"2-Bedroom House for Sale at Camella Monticello in San Jose del Monte, Bulacan | Friel...","Sapang Palay, San Jose del Monte",3966000.0,2.0,,50.0,79.0,14.8450503,121.0612785,https://www.lamudi.com.ph/2-bedroom-house-for-sale-at-camella-monticello-in-san-jose-del-monte-bulacan-frielle-nrfo.html
"1-Bedroom Unit (2907) for Sale in Maple at Verdant Towers, Ortigas, Pasig City","Ugong, Pasig",16214000.0,1.0,,57.0,,14.588882,121.079016,https://www.lamudi.com.ph/1-bedroom-unit-2907-for-sale-in-maple-at-verdant-towers-ortigas-pasig-city.html
"The Glaston Tower - Office Unit, Prime Unit (14K) for Sale in Ortigas East Pasig","Ugong, Pasig",26153000.0,,,100.0,,14.587964,121.079045,https://www.lamudi.com.ph/the-glaston-tower-office-unit-prime-unit-14k-for-sale-in-ortigas-east-pasig.html
"2-Bedroom Unit (S62G) for Sale in Maven at Capitol Commons, Pasig City","Ortigas CBD, Pasig",17912600.0,2.0,2.0,74.0,,14.583771,121.059675,https://www.lamudi.com.ph/2-bedroom-unit-s62g-for-sale-in-maven-at-capitol-commons-pasig-city.html
"Offices at The Galleon - Prime Unit (26F) for Sale in Ortigas, Pasig","San Antonio, Pasig",37825000.0,,,108.0,,14.588716,121.060009,https://www.lamudi.com.ph/offices-at-the-galleon-prime-unit-26f-for-sale-in-ortigas-pasig.html
"Suntrust Shanata, 2-Bedroom (Unit J) for Sale in Novaliches, Quezon City","Novaliches, Quezon City",6363100.0,2.0,1.0,35.0,,14.68155,121.0198,https://www.lamudi.com.ph/suntrust-shanata-2-bedroom-unit-j-for-sale-in-novaliches-quezon-city.html
"1-Bedroom Unit (1126) for Sale in Maple at Verdant Towers, Ortigas, Pasig City","Ugong, Pasig",16052000.0,1.0,,58.0,,14.588882,121.079016,https://www.lamudi.com.ph/1-bedroom-unit-1126-for-sale-in-maple-at-verdant-towers-ortigas-pasig-city.html
"2-Bedroom Unit (2601) for Sale in Maple at Verdant Towers, Ortigas, Pasig City","Ugong, Pasig",27178000.0,2.0,1.0,89.0,,14.588882,121.079016,https://www.lamudi.com.ph/2-bedroom-unit-2601-for-sale-in-maple-at-verdant-towers-ortigas-pasig-city.html
"1-Bedroom Unit (3503) for Sale in Maple at Verdant Towers, Ortigas, Pasig City","Ugong, Pasig",16489000.0,1.0,,57.0,,14.588882,121.079016,https://www.lamudi.com.ph/1-bedroom-unit-3503-for-sale-in-maple-at-verdant-towers-ortigas-pasig-city.html
"1-Bedroom Unit (3910) for Sale in Maple at Verdant Towers, Ortigas, Pasig City","Ugong, Pasig",16242000.0,1.0,,58.0,,14.588882,121.079016,https://www.lamudi.com.ph/1-bedroom-unit-3910-for-sale-in-maple-at-verdant-towers-ortigas-pasig-city.html
"1-Bedroom Unit (N49E2) for Sale in Maven at Capitol Commons, Pasig City","Ortigas CBD, Pasig",11267200.0,1.0,1.0,44.0,,14.583771,121.059675,https://www.lamudi.com.ph/1-bedroom-unit-n49e2-for-sale-in-maven-at-capitol-commons-pasig-city.html
"1-Bedroom Condo Unit (22J) for Sale in One Sierra, EDSA, Mandaluyong City, Metro Mani...","Highway Hills, Mandaluyong",12046848.0,1.0,1.0,57.0,,14.578255,121.052143,https://www.lamudi.com.ph/1-bedroom-condo-unit-22j-for-sale-in-one-sierra-edsa-mandaluyong-city-metro-manila.html
"1-Bedroom Unit (N32E2) for Sale in Maven at Capitol Commons, Pasig City","Ortigas CBD, Pasig",11188800.0,1.0,1.0,52.0,,14.583771,121.059675,https://www.lamudi.com.ph/1-bedroom-unit-n32e2-for-sale-in-maven-at-capitol-commons-pasig-city.html
"1-Bedroom Unit (1214) for Sale in Maple at Verdant Towers, Ortigas, Pasig City","Ugong, Pasig",15422000.0,1.0,,58.0,,14.588882,121.079016,https://www.lamudi.com.ph/1-bedroom-unit-1214-for-sale-in-maple-at-verdant-towers-ortigas-pasig-city.html
"1-Bedroom Unit (1523) for Sale in Maple at Verdant Towers, Ortigas, Pasig City","Ugong, Pasig",16402000.0,1.0,,58.0,,14.588882,121.079016,https://www.lamudi.com.ph/1-bedroom-unit-1523-for-sale-in-maple-at-verdant-towers-ortigas-pasig-city.html
"1-Bedroom Unit (4020) for Sale in Maple at Verdant Towers, Ortigas, Pasig City","Ugong, Pasig",16872000.0,1.0,,58.0,,14.588882,121.079016,https://www.lamudi.com.ph/1-bedroom-unit-4020-for-sale-in-maple-at-verdant-towers-ortigas-pasig-city.html
"1-Bedroom Unit (3914) for Sale in Maple at Verdant Towers, Ortigas, Pasig City","Ugong, Pasig",16274000.0,1.0,,57.0,,14.588882,121.079016,https://www.lamudi.com.ph/1-bedroom-unit-3914-for-sale-in-maple-at-verdant-towers-ortigas-pasig-city.html
"RFO 1-Bedroom Condo Unit for Sale in Asia Enclaves, Cupang, Muntinlupa City | 117-B","Cupang, Muntinlupa",4644600.0,1.0,1.0,40.0,,14.434669,121.040194,https://www.lamudi.com.ph/rfo-1-bedroom-condo-unit-for-sale-in-asia-enclaves-cupang-muntinlupa-city-117-b.html
"2-Bedroom Unit (16B) for Sale in Empress at Capitol Commons, Pasig City","Oranbo, Pasig",31226000.0,2.0,2.0,104.0,,14.575822,121.064324,https://www.lamudi.com.ph/2-bedroom-unit-16b-for-sale-in-empress-at-capitol-commons-pasig-city.html
"1-Bedroom Unit (15D) for Sale in Empress at Capitol Commons, Pasig City","Oranbo, Pasig",20313000.0,1.0,1.0,65.0,,14.575822,121.064324,https://www.lamudi.com.ph/1-bedroom-unit-15d-for-sale-in-empress-at-capitol-commons-pasig-city.html
"1-Bedroom Unit (908) for Sale in Maple at Verdant Towers, Ortigas, Pasig City","Ugong, Pasig",15567000.0,1.0,1.0,56.0,,14.588882,121.079016,https://www.lamudi.com.ph/1-bedroom-unit-908-for-sale-in-maple-at-verdant-towers-ortigas-pasig-city.html
"1-Bedroom Unit (3706) for Sale in Maple at Verdant Towers, Ortigas, Pasig City","Ugong, Pasig",16411000.0,1.0,,57.0,,14.588882,121.079016,https://www.lamudi.com.ph/1-bedroom-unit-3706-for-sale-in-maple-at-verdant-towers-ortigas-pasig-city.html
"1-Bedroom Unit (1605) for Sale in Maple at Verdant Towers, Ortigas, Pasig City","Ugong, Pasig",15702000.0,1.0,,56.0,,14.588882,121.079016,https://www.lamudi.com.ph/1-bedroom-unit-1605-for-sale-in-maple-at-verdant-towers-ortigas-pasig-city.html
"1-Bedroom Unit (2115) for Sale in Maple at Verdant Towers, Ortigas, Pasig City","Ugong, Pasig",15492000.0,1.0,,56.0,,14.588882,121.079016,https://www.lamudi.com.ph/1-bedroom-unit-2115-for-sale-in-maple-at-verdant-towers-ortigas-pasig-city.html
"1-Bedroom Unit (3506) for Sale in Maple at Verdant Towers, Ortigas, Pasig City","Ugong, Pasig",16351000.0,1.0,,57.0,,14.588882,121.079016,https://www.lamudi.com.ph/1-bedroom-unit-3506-for-sale-in-maple-at-verdant-towers-ortigas-pasig-city.html
"1-Bedroom Unit (1105) for Sale in Maple at Verdant Towers, Ortigas, Pasig City","Ugong, Pasig",15567000.0,1.0,,56.0,,14.588882,121.079016,https://www.lamudi.com.ph/1-bedroom-unit-1105-for-sale-in-maple-at-verdant-towers-ortigas-pasig-city.html
"1-Bedroom Unit (1708) for Sale in Maple at Verdant Towers, Ortigas, Pasig City","Ugong, Pasig",15770000.0,1.0,,56.0,,14.588882,121.079016,https://www.lamudi.com.ph/1-bedroom-unit-1708-for-sale-in-maple-at-verdant-towers-ortigas-pasig-city.html
"1-Bedroom Unit (910) for Sale in Maple at Verdant Towers, Ortigas, Pasig City","Ugong, Pasig",15282000.0,1.0,,58.0,,14.588882,121.079016,https://www.lamudi.com.ph/1-bedroom-unit-910-for-sale-in-maple-at-verdant-towers-ortigas-pasig-city.html
"1-Bedroom Unit (1008) for Sale in Maple at Verdant Towers, Ortigas, Pasig City","Ugong, Pasig",15635000.0,1.0,,56.0,,14.588882,121.079016,https://www.lamudi.com.ph/1-bedroom-unit-1008-for-sale-in-maple-at-verdant-towers-ortigas-pasig-city.html
"1-Bedroom Unit (3414) for Sale in Maple at Verdant Towers, Ortigas, Pasig City","Ugong, Pasig",16076000.0,1.0,,57.0,,14.588882,121.079016,https://www.lamudi.com.ph/1-bedroom-unit-3414-for-sale-in-maple-at-verdant-towers-ortigas-pasig-city.html
"1-Bedroom Unit (16F) - Residences at The Galleon (Pre-selling) in Ortigas CBD, Pasig","San Antonio, Pasig",26593000.0,1.0,1.0,74.0,,14.588377,121.059897,https://www.lamudi.com.ph/1-bedroom-unit-16f-residences-at-the-galleon-pre-selling-in-ortigas-cbd-pasig.html
"2-Bedroom Unit (7O) for Sale in Empress at Capitol Commons, Pasig City","Oranbo, Pasig",31734000.0,2.0,2.0,104.0,,14.575822,121.064324,https://www.lamudi.com.ph/2-bedroom-unit-7o-for-sale-in-empress-at-capitol-commons-pasig-city.html
"Studio Unit (36N) for Sale in Empress at Capitol Commons, Pasig City","Oranbo, Pasig",11971000.0,1.0,1.0,41.0,,14.575822,121.064324,https://www.lamudi.com.ph/studio-unit-36n-for-sale-in-empress-at-capitol-commons-pasig-city.html
"1-Bedroom Unit (2915) for Sale in Maple at Verdant Towers, Ortigas, Pasig City","Ugong, Pasig",16007000.0,1.0,,57.0,,14.588882,121.079016,https://www.lamudi.com.ph/1-bedroom-unit-2915-for-sale-in-maple-at-verdant-towers-ortigas-pasig-city.html
"1-Bedroom Unit (3714) for Sale in Maple at Verdant Towers, Ortigas, Pasig City","Ugong, Pasig",16205000.0,1.0,,57.0,,14.588882,121.079016,https://www.lamudi.com.ph/1-bedroom-unit-3714-for-sale-in-maple-at-verdant-towers-ortigas-pasig-city.html
"1-Bedroom Unit (3716) for Sale in Maple at Verdant Towers, Ortigas, Pasig City","Ugong, Pasig",16205000.0,1.0,,57.0,,14.588882,121.079016,https://www.lamudi.com.ph/1-bedroom-unit-3716-for-sale-in-maple-at-verdant-towers-ortigas-pasig-city.html
"1-Bedroom Unit (2315) for Sale in Maple at Verdant Towers, Ortigas, Pasig City","Ugong, Pasig",15627000.0,1.0,,56.0,,14.588882,121.079016,https://www.lamudi.com.ph/1-bedroom-unit-2315-for-sale-in-maple-at-verdant-towers-ortigas-pasig-city.html
"3-Bedroom Unit (N22 G1-G2) for Sale in Maven at Capitol Commons, Pasig City","Ortigas CBD, Pasig",24856700.0,3.0,2.0,102.0,,14.583771,121.059675,https://www.lamudi.com.ph/3-bedroom-unit-n22-g1-g2-for-sale-in-maven-at-capitol-commons-pasig-city.html
"Studio (3417) for Sale in Maple at Verdant Towers, Ortigas, Pasig City","Ugong, Pasig",8788000.0,1.0,,35.0,,14.588882,121.079016,https://www.lamudi.com.ph/studio-3417-for-sale-in-maple-at-verdant-towers-ortigas-pasig-city.html
"1-Bedroom Unit (N37E1) for Sale in Maven at Capitol Commons, Pasig City","Ortigas CBD, Pasig",12488000.0,1.0,1.0,58.0,,14.583771,121.059675,https://www.lamudi.com.ph/1-bedroom-unit-n37e1-for-sale-in-maven-at-capitol-commons-pasig-city.html
"1-Bedroom Unit (S55C1) for Sale in Maven at Capitol Commons, Pasig City","Ortigas CBD, Pasig",11345600.0,1.0,1.0,48.0,,14.583771,121.059675,https://www.lamudi.com.ph/1-bedroom-unit-s55c1-for-sale-in-maven-at-capitol-commons-pasig-city.html
"1-Bedroom Unit (N36G2) for Sale in Maven at Capitol Commons, Pasig City","Ortigas CBD, Pasig",11144000.0,1.0,1.0,44.0,,14.583771,121.059675,https://www.lamudi.com.ph/1-bedroom-unit-n36g2-for-sale-in-maven-at-capitol-commons-pasig-city.html
"1-Bedroom Unit (N16E1) for Sale in Maven at Capitol Commons, Pasig City","Ortigas CBD, Pasig",12196800.0,1.0,1.0,57.0,,14.583771,121.059675,https://www.lamudi.com.ph/1-bedroom-unit-n16e1-for-sale-in-maven-at-capitol-commons-pasig-city.html
"1-Bedroom Unit (S60C2) for Sale in Maven at Capitol Commons, Pasig City","Ortigas CBD, Pasig",13209600.0,1.0,1.0,52.0,,14.583771,121.059675,https://www.lamudi.com.ph/1-bedroom-unit-s60c2-for-sale-in-maven-at-capitol-commons-pasig-city.html
"1BR Condo Unit for Sale in Seville Residences at Circulo Verde, Bagumbayan, Quezon Ci...","Bagumbayan, Quezon City",10097000.0,1.0,1.0,51.0,,14.605396,121.081903,https://www.lamudi.com.ph/1br-condo-unit-for-sale-in-seville-residences-at-circulo-verde-bagumbayan-quezon-city-unit-1a.html
"2-Bedroom Unit (56G) for Sale in Empress at Capitol Commons, Pasig City","Oranbo, Pasig",40006000.0,2.0,2.0,110.0,,14.575822,121.064324,https://www.lamudi.com.ph/2-bedroom-unit-56g-for-sale-in-empress-at-capitol-commons-pasig-city.html
"1-Bedroom Unit (N31E2) for Sale in Maven at Capitol Commons, Pasig City","Ortigas CBD, Pasig",11188800.0,1.0,1.0,52.0,,14.583771,121.059675,https://www.lamudi.com.ph/1-bedroom-unit-n31e2-for-sale-in-maven-at-capitol-commons-pasig-city.html
"1-Bedroom Unit (N39G2) for Sale in Maven at Capitol Commons, Pasig City","Ortigas CBD, Pasig",11144000.0,1.0,1.0,44.0,,14.583771,121.059675,https://www.lamudi.com.ph/1-bedroom-unit-n39g2-for-sale-in-maven-at-capitol-commons-pasig-city.html
"1-Bedroom Unit (1421) for Sale in Maple at Verdant Towers, Ortigas, Pasig City","Ugong, Pasig",15297000.0,1.0,,56.0,,14.588882,121.079016,https://www.lamudi.com.ph/1-bedroom-unit-1421-for-sale-in-maple-at-verdant-towers-ortigas-pasig-city.html
"1-Bedroom Unit (N54E2) for Sale in Maven at Capitol Commons, Pasig City","Ortigas CBD, Pasig",12835200.0,1.0,1.0,49.0,,14.583771,121.059675,https://www.lamudi.com.ph/1-bedroom-unit-n54e2-for-sale-in-maven-at-capitol-commons-pasig-city.html
"1-Bedroom Unit (41K) - Residences at The Galleon (Pre-selling) in Ortigas CBD, Pasig","San Antonio, Pasig",28366000.0,1.0,1.0,69.0,,14.588377,121.059897,https://www.lamudi.com.ph/1-bedroom-unit-41k-residences-at-the-galleon-pre-selling-in-ortigas-cbd-pasig-1.html
"Serviced Residence Studio Unit for Sale in Cerise Tower, Southwoods City, Binan","San Francisco, Binan",6200000.0,1.0,1.0,24.0,,14.3336384,121.0555577,https://www.lamudi.com.ph/serviced-residence-studio-unit-for-sale-in-cerise-tower-southwoods-city-binan-1.html
"Serviced Residence 2-Bedroom Unit for Sale in Cerise Tower, Southwoods City","San Francisco, Binan",18500000.0,2.0,2.0,79.0,,14.3336384,121.0555577,https://www.lamudi.com.ph/serviced-residence-2-bedroom-unit-for-sale-in-cerise-tower-southwoods-city.html
"Studio Condo Unit (20D) for Sale in One Sierra, EDSA, Mandaluyong City, Metro Manila","Highway Hills, Mandaluyong",7699883.0,1.0,1.0,31.0,,14.578255,121.052143,https://www.lamudi.com.ph/studio-condo-unit-20d-for-sale-in-one-sierra-edsa-mandaluyong-city-metro-manila.html
"Condominium with 1 bedroom for Sale in One Lakeshore Drive, San Antonio, Davao","San Antonio, Davao",7320000.0,1.0,2.0,50.0,,7.095857,125.630475,https://www.lamudi.com.ph/condominium-with-1-bedroom-for-sale-in-one-lakeshore-drive-san-antonio-davao-3.html
"1BR Condo Unit for Sale in Seville Residences at Circulo Verde, Bagumbayan, Quezon Ci...","Bagumbayan, Quezon City",8990000.0,1.0,1.0,51.0,,14.605396,121.081903,https://www.lamudi.com.ph/1br-condo-unit-for-sale-in-seville-residences-at-circulo-verde-bagumbayan-quezon-city-unit-17a.html
"1-Bedroom Unit (43F) for Sale in Empress at Capitol Commons, Pasig City","Oranbo, Pasig",22557000.0,1.0,1.0,66.0,,14.575822,121.064324,https://www.lamudi.com.ph/1-bedroom-unit-43f-for-sale-in-empress-at-capitol-commons-pasig-city.html
"2-Bedroom Unit (41B) for Sale in Empress at Capitol Commons, Pasig City","Oranbo, Pasig",33871000.0,2.0,2.0,106.0,,14.575421,121.063867,https://www.lamudi.com.ph/2-bedroom-unit-41b-for-sale-in-empress-at-capitol-commons-pasig-city.html
"1-Bedroom Condo Unit (10J) for Sale in One Sierra, EDSA, Mandaluyong City, Metro Mani...","Highway Hills, Mandaluyong",11932768.0,1.0,1.0,57.0,,14.578255,121.052143,https://www.lamudi.com.ph/1-bedroom-condo-unit-10j-for-sale-in-one-sierra-edsa-mandaluyong-city-metro-manila.html
"7,000 sqm Industrial Lot for Sale in Laguindingan Technopark, Misamis Oriental","Moog, Laguindingan",38500000.0,,,,7000.0,8.609045,124.468733,https://www.lamudi.com.ph/7-000-sqm-industrial-lot-for-sale-in-laguindingan-technopark-misamis-oriental.html
"2-Bedroom Unit (3711) for Sale in Maple at Verdant Towers, Ortigas, Pasig City","Ugong, Pasig",25686000.0,2.0,,89.0,,14.588882,121.079016,https://www.lamudi.com.ph/2-bedroom-unit-3711-for-sale-in-maple-at-verdant-towers-ortigas-pasig-city.html
"1-Bedroom Unit (N34G2) for Sale in Maven at Capitol Commons, Pasig City","Ortigas CBD, Pasig",11144000.0,1.0,1.0,44.0,,14.583771,121.059675,https://www.lamudi.com.ph/1-bedroom-unit-n34g2-for-sale-in-maven-at-capitol-commons-pasig-city.html
"2-Bedroom Unit (S62G) for Sale in Maven at Capitol Commons, Pasig City","Ortigas CBD, Pasig",17912600.0,2.0,2.0,74.0,,14.583771,121.059675,https://www.lamudi.com.ph/2-bedroom-unit-s62g-for-sale-in-maven-at-capitol-commons-pasig-city.html
"Offices at The Galleon - Prime Unit (26F) for Sale in Ortigas, Pasig","San Antonio, Pasig",37825000.0,,,108.0,,14.588716,121.060009,https://www.lamudi.com.ph/offices-at-the-galleon-prime-unit-26f-for-sale-in-ortigas-pasig.html
"1-Bedroom Unit (1126) for Sale in Maple at Verdant Towers, Ortigas, Pasig City","Ugong, Pasig",16052000.0,1.0,,58.0,,14.588882,121.079016,https://www.lamudi.com.ph/1-bedroom-unit-1126-for-sale-in-maple-at-verdant-towers-ortigas-pasig-city.html
"Suntrust Shanata, 2-Bedroom (Unit J) for Sale in Novaliches, Quezon City","Novaliches, Quezon City",6363100.0,2.0,1.0,35.0,,14.68155,121.0198,https://www.lamudi.com.ph/suntrust-shanata-2-bedroom-unit-j-for-sale-in-novaliches-quezon-city.html
"1-Bedroom Unit (N52C1) for Sale in Maven at Capitol Commons, Pasig City","Ortigas CBD, Pasig",14474200.0,1.0,1.0,59.0,,14.583771,121.059675,https://www.lamudi.com.ph/1-bedroom-unit-n52c1-for-sale-in-maven-at-capitol-commons-pasig-city.html
"2-Bedroom Unit (3511) for Sale in Maple at Verdant Towers, Ortigas, Pasig City","Ugong, Pasig",25686000.0,2.0,1.0,89.0,,14.588882,121.079016,https://www.lamudi.com.ph/2-bedroom-unit-3511-for-sale-in-maple-at-verdant-towers-ortigas-pasig-city.html
"2-Bedroom Unit (37B) for Sale in Empress at Capitol Commons, Pasig City","Oranbo, Pasig",33574000.0,2.0,2.0,106.0,,14.575822,121.064324,https://www.lamudi.com.ph/2-bedroom-unit-37b-for-sale-in-empress-at-capitol-commons-pasig-city.html
"Studio Condo Unit (27B) for Sale in One Sierra, EDSA, Mandaluyong City, Metro Manila","Highway Hills, Mandaluyong",7419580.0,1.0,1.0,32.0,,14.578255,121.052143,https://www.lamudi.com.ph/studio-condo-unit-27b-for-sale-in-one-sierra-edsa-mandaluyong-city-metro-manila.html
"1-Bedroom Unit (N37E1) for Sale in Maven at Capitol Commons, Pasig City","Ortigas CBD, Pasig",12488000.0,1.0,1.0,58.0,,14.583771,121.059675,https://www.lamudi.com.ph/1-bedroom-unit-n37e1-for-sale-in-maven-at-capitol-commons-pasig-city.html
"1-Bedroom Unit (N16E1) for Sale in Maven at Capitol Commons, Pasig City","Ortigas CBD, Pasig",12196800.0,1.0,1.0,57.0,,14.583771,121.059675,https://www.lamudi.com.ph/1-bedroom-unit-n16e1-for-sale-in-maven-at-capitol-commons-pasig-city.html
"1-Bedroom Unit (S55C1) for Sale in Maven at Capitol Commons, Pasig City","Ortigas CBD, Pasig",11345600.0,1.0,1.0,48.0,,14.583771,121.059675,https://www.lamudi.com.ph/1-bedroom-unit-s55c1-for-sale-in-maven-at-capitol-commons-pasig-city.html
"1-Bedroom Unit (N36G2) for Sale in Maven at Capitol Commons, Pasig City","Ortigas CBD, Pasig",11144000.0,1.0,1.0,44.0,,14.583771,121.059675,https://www.lamudi.com.ph/1-bedroom-unit-n36g2-for-sale-in-maven-at-capitol-commons-pasig-city.html
"1-Bedroom Unit (S60C2) for Sale in Maven at Capitol Commons, Pasig City","Ortigas CBD, Pasig",13209600.0,1.0,1.0,52.0,,14.583771,121.059675,https://www.lamudi.com.ph/1-bedroom-unit-s60c2-for-sale-in-maven-at-capitol-commons-pasig-city.html
"Condo Dormitory (Unit 101-12) for Sale in UniPlace @ SWU Village, Cebu City","Sambag II, Cebu",2810000.0,1.0,1.0,24.0,,10.3058395,123.8908567,https://www.lamudi.com.ph/condo-dormitory-unit-101-12-for-sale-in-uniplace-swu-village-cebu-city.html
"1-Bedroom Unit (S19D1) for Sale in Maven at Capitol Commons, Pasig City","Ortigas CBD, Pasig",10752000.0,1.0,1.0,46.0,,14.583771,121.059675,https://www.lamudi.com.ph/1-bedroom-unit-s19d1-for-sale-in-maven-at-capitol-commons-pasig-city.html
"Offices at The Galleon - Prime Suite (22H) for Sale in Ortigas, Pasig","San Antonio, Pasig",40953000.0,,,115.0,,14.588716,121.060009,https://www.lamudi.com.ph/offices-at-the-galleon-prime-suite-22h-for-sale-in-ortigas-pasig.html
"2-Bedroom Unit (9O) for Sale in Empress at Capitol Commons, Pasig City","Oranbo, Pasig",31821000.0,2.0,2.0,104.0,,14.575822,121.064324,https://www.lamudi.com.ph/2-bedroom-unit-9o-for-sale-in-empress-at-capitol-commons-pasig-city.html
3-Storey 4BR House and Lot for Sale in The Villas at Dasmarinas Highlands,"San Agustin I, Dasmarinas",8473000.0,4.0,,155.0,66.0,14.304975,120.944111,https://www.lamudi.com.ph/3-storey-4br-house-and-lot-for-sale-in-the-villas-at-dasmarinas-highlands.html
"1BR Condo Unit for Sale in Seville Residences at Circulo Verde, Bagumbayan, Quezon Ci...","Bagumbayan, Quezon City",8990000.0,1.0,1.0,51.0,,14.605396,121.081903,https://www.lamudi.com.ph/1br-condo-unit-for-sale-in-seville-residences-at-circulo-verde-bagumbayan-quezon-city-unit-17a.html
"1-Bedroom Unit (S30D1) for Sale in Maven at Capitol Commons, Pasig City","Ortigas CBD, Pasig",11020800.0,1.0,1.0,47.0,,14.583771,121.059675,https://www.lamudi.com.ph/1-bedroom-unit-s30d1-for-sale-in-maven-at-capitol-commons-pasig-city.html
"2-Bedroom Unit (41B) for Sale in Empress at Capitol Commons, Pasig City","Oranbo, Pasig",33871000.0,2.0,2.0,106.0,,14.575421,121.063867,https://www.lamudi.com.ph/2-bedroom-unit-41b-for-sale-in-empress-at-capitol-commons-pasig-city.html
"Condominium with 1 bedroom for Sale in One Lakeshore Drive, San Antonio, Davao","San Antonio, Davao",7320000.0,1.0,2.0,50.0,,7.095857,125.630475,https://www.lamudi.com.ph/condominium-with-1-bedroom-for-sale-in-one-lakeshore-drive-san-antonio-davao-3.html
"1-Bedroom Unit (43F) for Sale in Empress at Capitol Commons, Pasig City","Oranbo, Pasig",22557000.0,1.0,1.0,66.0,,14.575822,121.064324,https://www.lamudi.com.ph/1-bedroom-unit-43f-for-sale-in-empress-at-capitol-commons-pasig-city.html
"Serviced Residence 2-Bedroom Unit for Sale in Cerise Tower, Southwoods City","San Francisco, Binan",18500000.0,2.0,2.0,79.0,,14.3336384,121.0555577,https://www.lamudi.com.ph/serviced-residence-2-bedroom-unit-for-sale-in-cerise-tower-southwoods-city.html
"Serviced Residence Studio Unit for Sale in Cerise Tower, Southwoods City, Binan","San Francisco, Binan",6200000.0,1.0,1.0,24.0,,14.3336384,121.0555577,https://www.lamudi.com.ph/serviced-residence-studio-unit-for-sale-in-cerise-tower-southwoods-city-binan-1.html
"2-Bedroom Unit (19E) - Residences at The Galleon (Pre-selling) in Ortigas CBD, Pasig","San Antonio, Pasig",42048000.0,2.0,2.0,114.0,,14.588377,121.059897,https://www.lamudi.com.ph/2-bedroom-unit-19e-residences-at-the-galleon-pre-selling-in-ortigas-cbd-pasig.html
"2-Bedroom Unit (20B) for Sale in Empress at Capitol Commons, Pasig City","Oranbo, Pasig",31569000.0,2.0,2.0,104.0,,14.575822,121.064324,https://www.lamudi.com.ph/2-bedroom-unit-20b-for-sale-in-empress-at-capitol-commons-pasig-city.html
"2-Bedroom Unit (3411) for Sale in Maple at Verdant Towers, Ortigas, Pasig City","Ugong, Pasig",25579000.0,2.0,,89.0,,14.588882,121.079016,https://www.lamudi.com.ph/2-bedroom-unit-3411-for-sale-in-maple-at-verdant-towers-ortigas-pasig-city.html
"Studio Condo Unit (5E) for Sale in One Sierra, EDSA, Mandaluyong City, Metro Manila","Highway Hills, Mandaluyong",8569389.0,1.0,1.0,37.0,,14.578255,121.052143,https://www.lamudi.com.ph/studio-condo-unit-5e-for-sale-in-one-sierra-edsa-mandaluyong-city-metro-manila.html
"2-Bedroom Unit (2701) for Sale in Maple at Verdant Towers, Ortigas, Pasig City","Ugong, Pasig",27298000.0,2.0,,89.0,,14.588882,121.079016,https://www.lamudi.com.ph/2-bedroom-unit-2701-for-sale-in-maple-at-verdant-towers-ortigas-pasig-city.html
"1-Bedroom Unit (41K) - Residences at The Galleon (Pre-selling) in Ortigas CBD, Pasig","San Antonio, Pasig",28366000.0,1.0,1.0,69.0,,14.588377,121.059897,https://www.lamudi.com.ph/1-bedroom-unit-41k-residences-at-the-galleon-pre-selling-in-ortigas-cbd-pasig-1.html
"1BR Condo Unit for Sale in Seville Residences at Circulo Verde, Bagumbayan, Quezon Ci...","Bagumbayan, Quezon City",10097000.0,1.0,1.0,51.0,,14.605396,121.081903,https://www.lamudi.com.ph/1br-condo-unit-for-sale-in-seville-residences-at-circulo-verde-bagumbayan-quezon-city-unit-1a.html
"1-Bedroom Unit (N54E2) for Sale in Maven at Capitol Commons, Pasig City","Ortigas CBD, Pasig",12835200.0,1.0,1.0,49.0,,14.583771,121.059675,https://www.lamudi.com.ph/1-bedroom-unit-n54e2-for-sale-in-maven-at-capitol-commons-pasig-city.html
"2-Bedroom Unit (56G) for Sale in Empress at Capitol Commons, Pasig City","Oranbo, Pasig",40006000.0,2.0,2.0,110.0,,14.575822,121.064324,https://www.lamudi.com.ph/2-bedroom-unit-56g-for-sale-in-empress-at-capitol-commons-pasig-city.html
"1-Bedroom Unit (N31E2) for Sale in Maven at Capitol Commons, Pasig City","Ortigas CBD, Pasig",11188800.0,1.0,1.0,52.0,,14.583771,121.059675,https://www.lamudi.com.ph/1-bedroom-unit-n31e2-for-sale-in-maven-at-capitol-commons-pasig-city.html
"1-Bedroom Unit (N39G2) for Sale in Maven at Capitol Commons, Pasig City","Ortigas CBD, Pasig",11144000.0,1.0,1.0,44.0,,14.583771,121.059675,https://www.lamudi.com.ph/1-bedroom-unit-n39g2-for-sale-in-maven-at-capitol-commons-pasig-city.html
"1-Bedroom Unit (32D) - Residences at The Galleon (Pre-selling) in Ortigas CBD, Pasig","San Antonio, Pasig",26951000.0,1.0,1.0,70.0,,14.588377,121.059897,https://www.lamudi.com.ph/1-bedroom-unit-32d-residences-at-the-galleon-pre-selling-in-ortigas-cbd-pasig.html
"2-Bedroom Unit (58D) for Sale in Empress at Capitol Commons, Pasig City","Oranbo, Pasig",42394000.0,2.0,2.0,116.0,,14.575822,121.064324,https://www.lamudi.com.ph/2-bedroom-unit-58d-for-sale-in-empress-at-capitol-commons-pasig-city.html
"1-Bedroom Unit (1421) for Sale in Maple at Verdant Towers, Ortigas, Pasig City","Ugong, Pasig",15297000.0,1.0,,56.0,,14.588882,121.079016,https://www.lamudi.com.ph/1-bedroom-unit-1421-for-sale-in-maple-at-verdant-towers-ortigas-pasig-city.html
"1-Bedroom Unit (N27E2) for Sale in Maven at Capitol Commons, Pasig City","Ortigas CBD, Pasig",11166400.0,1.0,1.0,52.0,,14.583771,121.059675,https://www.lamudi.com.ph/1-bedroom-unit-n27e2-for-sale-in-maven-at-capitol-commons-pasig-city.html
"1-Bedroom Unit (S21D2) for Sale in Maven at Capitol Commons, Pasig City","Ortigas CBD, Pasig",11300800.0,1.0,1.0,52.0,,14.583771,121.059675,https://www.lamudi.com.ph/1-bedroom-unit-s21d2-for-sale-in-maven-at-capitol-commons-pasig-city.html
"Studio Condo Unit (20D) for Sale in One Sierra, EDSA, Mandaluyong City, Metro Manila","Highway Hills, Mandaluyong",7699883.0,1.0,1.0,31.0,,14.578255,121.052143,https://www.lamudi.com.ph/studio-condo-unit-20d-for-sale-in-one-sierra-edsa-mandaluyong-city-metro-manila.html
"Pre-selling 3BR 3-Storey Townhouse for Sale in Likha Residences, Cupang, Muntinlupa |...","Cupang, Muntinlupa",28903000.0,3.0,,250.0,93.0,14.434669,121.040194,https://www.lamudi.com.ph/pre-selling-3br-3-storey-townhouse-for-sale-in-likha-residences-cupang-muntinlupa-unit-facing-clubhouse-2.html
"Studio (3019) for Sale in Maple at Verdant Towers, Ortigas, Pasig City","Ugong, Pasig",8746000.0,1.0,,35.0,,14.588882,121.079016,https://www.lamudi.com.ph/studio-3019-for-sale-in-maple-at-verdant-towers-ortigas-pasig-city.html
"Suntrust Capitol Plaza - 2-Bedroom Unit for Sale in Diliman, Quezon City","Diliman, Quezon City",10100000.0,2.0,2.0,68.0,,14.644874,121.050593,https://www.lamudi.com.ph/suntrust-capitol-plaza-2-bedroom-unit-for-sale-in-diliman-quezon-city.html
"Offices at The Galleon - Prime Unit (23I) for Sale in Ortigas, Pasig","San Antonio, Pasig",32037000.0,,,93.0,,14.588716,121.060009,https://www.lamudi.com.ph/offices-at-the-galleon-prime-unit-23i-for-sale-in-ortigas-pasig.html
"2-Bedroom Garden Unit (137 sqm) for Sale in Maple at Verdant Towers, Ortigas, Pasig C...","Ugong, Pasig",46903000.0,2.0,1.0,137.0,,14.588882,121.079016,https://www.lamudi.com.ph/2-bedroom-garden-unit-137-sqm-for-sale-in-maple-at-verdant-towers-ortigas-pasig-city.html
"8,000 sqm Industrial Lot for Sale in Pampanga Technopark - Mabalacat, Pampanga","Tabun, Mabalacat",92000000.0,,,,8000.0,15.25276,120.594401,https://www.lamudi.com.ph/8-000-sqm-industrial-lot-for-sale-in-pampanga-technopark-mabalacat-pampanga.html
"1-Bedroom Unit (4010) for Sale in Maple at Verdant Towers, Ortigas, Pasig City","Ugong, Pasig",16242000.0,1.0,,58.0,,14.588882,121.079016,https://www.lamudi.com.ph/1-bedroom-unit-4010-for-sale-in-maple-at-verdant-towers-ortigas-pasig-city.html
"1-Bedroom Unit (29I) - Residences at The Galleon (Pre-selling) in Ortigas CBD, Pasig","San Antonio, Pasig",26777000.0,1.0,1.0,70.0,,14.588377,121.059897,https://www.lamudi.com.ph/1-bedroom-unit-29i-residences-at-the-galleon-pre-selling-in-ortigas-cbd-pasig.html
"Pre-selling 3BR 3-Storey Townhouse for Sale in Likha Residences, Cupang, Muntinlupa |...","Cupang, Muntinlupa",25296000.0,3.0,,250.0,92.0,14.434669,121.040194,https://www.lamudi.com.ph/pre-selling-3br-3-storey-townhouse-for-sale-in-likha-residences-cupang-muntinlupa-typical-end-unit.html
"Pre-selling 3BR 3-Storey Townhouse for Sale in Likha Residences, Cupang, Muntinlupa |...","Cupang, Muntinlupa",25496000.0,3.0,,250.0,92.0,14.434669,121.040194,https://www.lamudi.com.ph/pre-selling-3br-3-storey-townhouse-for-sale-in-likha-residences-cupang-muntinlupa-typical-end-unit-2.html
"2-Bedroom Unit (3012) for Sale in Maple at Verdant Towers, Ortigas, Pasig City","Ugong, Pasig",25471000.0,2.0,1.0,89.0,,14.588882,121.079016,https://www.lamudi.com.ph/2-bedroom-unit-3012-for-sale-in-maple-at-verdant-towers-ortigas-pasig-city.html
"Studio Condo Unit (6E) for Sale in One Sierra, EDSA, Mandaluyong City, Metro Manila","Highway Hills, Mandaluyong",8360751.0,1.0,1.0,33.0,,14.578255,121.052143,https://www.lamudi.com.ph/studio-condo-unit-6e-for-sale-in-one-sierra-edsa-mandaluyong-city-metro-manila.html
"Studio Condo Unit (5G) for Sale in One Sierra, EDSA, Mandaluyong City, Metro Manila","Highway Hills, Mandaluyong",8237774.0,1.0,1.0,36.0,,14.578255,121.052143,https://www.lamudi.com.ph/studio-condo-unit-5g-for-sale-in-one-sierra-edsa-mandaluyong-city-metro-manila.html
"1-Bedroom Condo Unit (10J) for Sale in One Sierra, EDSA, Mandaluyong City, Metro Mani...","Highway Hills, Mandaluyong",11932768.0,1.0,1.0,57.0,,14.578255,121.052143,https://www.lamudi.com.ph/1-bedroom-condo-unit-10j-for-sale-in-one-sierra-edsa-mandaluyong-city-metro-manila.html
"Offices at The Galleon - Prime Suite (20H) for Sale in Ortigas, Pasig","San Antonio, Pasig",40650000.0,,,115.0,,14.588716,121.060009,https://www.lamudi.com.ph/offices-at-the-galleon-prime-suite-20h-for-sale-in-ortigas-pasig.html
"Offices at The Galleon - Prime Unit (34J) for Sale in Ortigas, Pasig","San Antonio, Pasig",32795000.0,,,93.0,,14.582707,121.061458,https://www.lamudi.com.ph/offices-at-the-galleon-prime-unit-34j-for-sale-in-ortigas-pasig.html
Suntrust Kirana - 2-Bedroom Unit for Sale in Pasig City,"Pinagbuhatan, Pasig",5008864.0,2.0,1.0,37.0,,14.555535,121.090095,https://www.lamudi.com.ph/suntrust-kirana-2-bedroom-unit-for-sale-in-pasig-city.html
"1-Bedroom Unit (N17G2) for Sale in Maven at Capitol Commons, Pasig City","Ortigas CBD, Pasig",10998400.0,1.0,1.0,44.0,,14.583771,121.059675,https://www.lamudi.com.ph/1-bedroom-unit-n17g2-for-sale-in-maven-at-capitol-commons-pasig-city.html
"2-Bedroom Unit (3711) for Sale in Maple at Verdant Towers, Ortigas, Pasig City","Ugong, Pasig",25686000.0,2.0,,89.0,,14.588882,121.079016,https://www.lamudi.com.ph/2-bedroom-unit-3711-for-sale-in-maple-at-verdant-towers-ortigas-pasig-city.html
"1-Bedroom Unit (N15E1) for Sale in Maven at Capitol Commons, Pasig City","Ortigas CBD, Pasig",12196800.0,1.0,1.0,57.0,,14.583771,121.059675,https://www.lamudi.com.ph/1-bedroom-unit-n15e1-for-sale-in-maven-at-capitol-commons-pasig-city.html
"1-Bedroom Unit (N34G2) for Sale in Maven at Capitol Commons, Pasig City","Ortigas CBD, Pasig",11144000.0,1.0,1.0,44.0,,14.583771,121.059675,https://www.lamudi.com.ph/1-bedroom-unit-n34g2-for-sale-in-maven-at-capitol-commons-pasig-city.html
"Offices at The Galleon - Prime Unit (23I) for Sale in Ortigas, Pasig","San Antonio, Pasig",32037000.0,,,93.0,,14.588716,121.060009,https://www.lamudi.com.ph/offices-at-the-galleon-prime-unit-23i-for-sale-in-ortigas-pasig.html
"Studio Condo Unit (28I) for Sale in One Sierra, EDSA, Mandaluyong City, Metro Manila","Highway Hills, Mandaluyong",7091280.0,1.0,1.0,32.0,,14.578255,121.052143,https://www.lamudi.com.ph/studio-condo-unit-28i-for-sale-in-one-sierra-edsa-mandaluyong-city-metro-manila.html
"Offices at The Galleon - Prime Unit (14M) for Sale in Ortigas, Pasig","San Antonio, Pasig",31357000.0,,,93.0,,14.588716,121.060009,https://www.lamudi.com.ph/offices-at-the-galleon-prime-unit-14m-for-sale-in-ortigas-pasig.html
"Offices at The Galleon - Prime Unit (16F) for Sale in Ortigas, Pasig","San Antonio, Pasig",36903000.0,,,108.0,,14.588716,121.060009,https://www.lamudi.com.ph/offices-at-the-galleon-prime-unit-16f-for-sale-in-ortigas-pasig.html
"2-Bedroom Unit (3611) for Sale in Maple at Verdant Towers, Ortigas, Pasig City","Ugong, Pasig",25686000.0,2.0,,89.0,,14.588882,121.079016,https://www.lamudi.com.ph/2-bedroom-unit-3611-for-sale-in-maple-at-verdant-towers-ortigas-pasig-city.html
"Suntrust Capitol Plaza - 2-Bedroom Unit for Sale in Diliman, Quezon City","Diliman, Quezon City",10100000.0,2.0,2.0,68.0,,14.644874,121.050593,https://www.lamudi.com.ph/suntrust-capitol-plaza-2-bedroom-unit-for-sale-in-diliman-quezon-city.html
"Studio (3019) for Sale in Maple at Verdant Towers, Ortigas, Pasig City","Ugong, Pasig",8746000.0,1.0,,35.0,,14.588882,121.079016,https://www.lamudi.com.ph/studio-3019-for-sale-in-maple-at-verdant-towers-ortigas-pasig-city.html
"2-Bedroom House for Sale at Camella Provence in Malolos City, Bulacan | Bella, NRFO/B...","Longos, Malolos",5013000.0,2.0,,53.0,88.0,14.8743986,120.7973062,https://www.lamudi.com.ph/2-bedroom-house-for-sale-at-camella-provence-in-malolos-city-bulacan-bella-nrfo-bts.html
"3-Bedroom House for Sale at Camella Provence in Malolos City, Bulacan | Cara wCB, NRF...","Longos, Malolos",6088000.0,3.0,,66.0,99.0,14.8743986,120.7973062,https://www.lamudi.com.ph/3-bedroom-house-for-sale-at-camella-provence-in-malolos-city-bulacan-cara-wcb-nrfo-rfo.html
"1-Bedroom Unit (S18D2) for Sale in Maven at Capitol Commons, Pasig City","Ortigas CBD, Pasig",11334400.0,1.0,1.0,52.0,,14.583771,121.059675,https://www.lamudi.com.ph/1-bedroom-unit-s18d2-for-sale-in-maven-at-capitol-commons-pasig-city.html
"2-Bedroom House for Sale at Camella Monticello in San Jose del Monte, Bulacan | Bella...","Sapang Palay, San Jose del Monte",4516000.0,2.0,,53.0,88.0,14.8450503,121.0612785,https://www.lamudi.com.ph/2-bedroom-house-for-sale-at-camella-monticello-in-san-jose-del-monte-bulacan-bella-nrfo.html
"2-Bedroom Garden Unit (164 sqm) for Sale in Maple at Verdant Towers, Ortigas, Pasig C...","Ugong, Pasig",56507000.0,2.0,1.0,164.0,,14.588882,121.079016,https://www.lamudi.com.ph/2-bedroom-garden-unit-164-sqm-for-sale-in-maple-at-verdant-towers-ortigas-pasig-city.html
"2-Bedroom Unit for Sale in 88 Gibraltar Tower 1, Gibraltar, Baguio","Gibraltar, Baguio",9046000.0,2.0,1.0,44.0,,16.419598,120.626852,https://www.lamudi.com.ph/2-bedroom-unit-for-sale-in-88-gibraltar-tower-1-gibraltar-baguio.html
"3-Bedroom Unit (N09E) for Sale in Maven at Capitol Commons, Pasig City","Ortigas CBD, Pasig",24586800.0,3.0,2.0,102.0,,14.583771,121.059675,https://www.lamudi.com.ph/3-bedroom-unit-n09e-for-sale-in-maven-at-capitol-commons-pasig-city.html
"2-Bedroom Unit (3918) for Sale in Maple at Verdant Towers, Ortigas, Pasig City","Ugong, Pasig",27298000.0,2.0,1.0,89.0,,14.588882,121.079016,https://www.lamudi.com.ph/2-bedroom-unit-3918-for-sale-in-maple-at-verdant-towers-ortigas-pasig-city.html
"Condominium with 1 bedroom for Sale in One Lakeshore Drive, San Antonio, Davao","San Antonio, Davao",7320000.0,1.0,2.0,50.0,,7.095857,125.630475,https://www.lamudi.com.ph/condominium-with-1-bedroom-for-sale-in-one-lakeshore-drive-san-antonio-davao-1.html
"Offices at The Galleon - Prime Unit (23J) for Sale in Ortigas, Pasig","San Antonio, Pasig",31892000.0,,,93.0,,14.588716,121.060009,https://www.lamudi.com.ph/offices-at-the-galleon-prime-unit-23j-for-sale-in-ortigas-pasig.html
"1-Bedroom Unit (2811) for Sale in Maple at Verdant Towers, Ortigas, Pasig City","Ugong, Pasig",16042000.0,1.0,,58.0,,14.588882,121.079016,https://www.lamudi.com.ph/1-bedroom-unit-2811-for-sale-in-maple-at-verdant-towers-ortigas-pasig-city.html
"1-Bedroom Unit (2918) for Sale in Maple at Verdant Towers, Ortigas, Pasig City","Ugong, Pasig",16007000.0,1.0,,57.0,,14.588882,121.079016,https://www.lamudi.com.ph/1-bedroom-unit-2918-for-sale-in-maple-at-verdant-towers-ortigas-pasig-city.html
"The Glaston Tower - Office Unit, Prime Unit (17L) for Sale in Ortigas East Pasig","Ugong, Pasig",26699000.0,,,100.0,,14.587964,121.079045,https://www.lamudi.com.ph/the-glaston-tower-office-unit-prime-unit-17l-for-sale-in-ortigas-east-pasig.html
"1-Bedroom Unit (27K) - Residences at The Galleon (Pre-selling) in Ortigas CBD, Pasig","San Antonio, Pasig",28012000.0,1.0,1.0,69.0,,14.588377,121.059897,https://www.lamudi.com.ph/1-bedroom-unit-27k-residences-at-the-galleon-pre-selling-in-ortigas-cbd-pasig.html
"1-Bedroom Unit (1218) for Sale in Maple at Verdant Towers, Ortigas, Pasig City","Ugong, Pasig",15229000.0,1.0,,56.0,,14.588882,121.079016,https://www.lamudi.com.ph/1-bedroom-unit-1218-for-sale-in-maple-at-verdant-towers-ortigas-pasig-city.html
"1-Bedroom Unit (9K) for Sale in Empress at Capitol Commons, Pasig City","Oranbo, Pasig",21987000.0,1.0,1.0,67.0,,14.575822,121.064324,https://www.lamudi.com.ph/1-bedroom-unit-9k-for-sale-in-empress-at-capitol-commons-pasig-city.html
"Condominium with 2 bedroom for Sale in Suntrust Shanata, Novaliches, Quezon City","Novaliches, Quezon City",6363100.0,2.0,1.0,35.0,,14.68155,121.0198,https://www.lamudi.com.ph/condominium-with-2-bedroom-for-sale-in-suntrust-shanata-novaliches-quezon-city.html
"Pre-Selling 1BR Executive at The Sapphire Bloc East in Ortigas CBD, Pasig, 11.4M","Ortigas CBD, Pasig",11400000.0,1.0,1.0,,,14.587518,121.062753,https://www.lamudi.com.ph/pre-selling-1br-executive-at-the-sapphire-bloc-east-in-ortigas-cbd-pasig-11-4m.html
305 Sqm Penthouse Office Space with Parking Slot for Sale in Makati City,"Salcedo Village, Makati",52000000.0,,,305.0,,14.5596699,121.0206028,https://www.lamudi.com.ph/305-sqm-penthouse-office-space-with-parking-slot-for-sale-in-makati-city-947.html
"2-Bedroom Unit (S63C) for Sale in Maven at Capitol Commons, Pasig City","Ortigas CBD, Pasig",18013400.0,2.0,2.0,74.0,,14.583771,121.059675,https://www.lamudi.com.ph/2-bedroom-unit-s63c-for-sale-in-maven-at-capitol-commons-pasig-city.html
"1BR Condo Unit for Sale in Seville Residences at Circulo Verde, Bagumbayan, Quezon Ci...","Bagumbayan, Quezon City",9397390.0,1.0,1.0,46.0,,14.605396,121.081903,https://www.lamudi.com.ph/1br-condo-unit-for-sale-in-seville-residences-at-circulo-verde-bagumbayan-quezon-city-unit-1b.html
"2-Bedroom Unit (3401) for Sale in Maple at Verdant Towers, Ortigas, Pasig City","Ugong, Pasig",27512000.0,2.0,,89.0,,14.588882,121.079016,https://www.lamudi.com.ph/2-bedroom-unit-3401-for-sale-in-maple-at-verdant-towers-ortigas-pasig-city.html
"1-Bedroom Unit (3103) for Sale in Maple at Verdant Towers, Ortigas, Pasig City","Ugong, Pasig",16351000.0,1.0,,57.0,,14.588882,121.079016,https://www.lamudi.com.ph/1-bedroom-unit-3103-for-sale-in-maple-at-verdant-towers-ortigas-pasig-city.html
Cityland One Premier - Studio Unit (23 sqm) for Sale in Las Pinas City,"Almanza Uno, Las Pinas",2687891.0,1.0,1.0,23.0,,14.4324914,121.0140532,https://www.lamudi.com.ph/cityland-one-premier-studio-unit-23-sqm-for-sale-in-las-pinas-city.html
"Studio Condo Unit (26D) for Sale in One Sierra, EDSA, Mandaluyong City, Metro Manila","Highway Hills, Mandaluyong",7744557.0,1.0,1.0,31.0,,14.578255,121.052143,https://www.lamudi.com.ph/studio-condo-unit-26d-for-sale-in-one-sierra-edsa-mandaluyong-city-metro-manila.html
"Studio Condo Unit (23G) for Sale in One Sierra, EDSA, Mandaluyong City, Metro Manila","Highway Hills, Mandaluyong",7722220.0,1.0,1.0,31.0,,14.578255,121.052143,https://www.lamudi.com.ph/studio-condo-unit-23g-for-sale-in-one-sierra-edsa-mandaluyong-city-metro-manila.html
"Studio Condo Unit (11G) for Sale in One Sierra, EDSA, Mandaluyong City, Metro Manila","Highway Hills, Mandaluyong",7961545.0,1.0,1.0,31.0,,14.578255,121.052143,https://www.lamudi.com.ph/studio-condo-unit-11g-for-sale-in-one-sierra-edsa-mandaluyong-city-metro-manila.html
"Studio Condo Unit (30B) for Sale in One Sierra, EDSA, Mandaluyong City, Metro Manila","Highway Hills, Mandaluyong",7432712.0,1.0,1.0,32.0,,14.578255,121.052143,https://www.lamudi.com.ph/studio-condo-unit-30b-for-sale-in-one-sierra-edsa-mandaluyong-city-metro-manila.html
"1-Bedroom Unit (37M) for Sale in Empress at Capitol Commons, Pasig City","Oranbo, Pasig",22863000.0,1.0,1.0,70.0,,14.575822,121.064324,https://www.lamudi.com.ph/1-bedroom-unit-37m-for-sale-in-empress-at-capitol-commons-pasig-city.html
"Studio (4109) for Sale in Maple at Verdant Towers, Ortigas, Pasig City","Ugong, Pasig",9206000.0,1.0,,32.0,,14.588882,121.079016,https://www.lamudi.com.ph/studio-4109-for-sale-in-maple-at-verdant-towers-ortigas-pasig-city.html
"2-Bedroom Unit for Sale in 88 Gibraltar Tower 1, Gibraltar, Baguio","Gibraltar, Baguio",9046000.0,2.0,1.0,44.0,,16.419598,120.626852,https://www.lamudi.com.ph/2-bedroom-unit-for-sale-in-88-gibraltar-tower-1-gibraltar-baguio.html
"1-Bedroom Unit (2611) for Sale in Maple at Verdant Towers, Ortigas, Pasig City","Ugong, Pasig",15902000.0,1.0,,58.0,,14.588882,121.079016,https://www.lamudi.com.ph/1-bedroom-unit-2611-for-sale-in-maple-at-verdant-towers-ortigas-pasig-city.html
"2-Bedroom Garden Unit (164 sqm) for Sale in Maple at Verdant Towers, Ortigas, Pasig C...","Ugong, Pasig",56507000.0,2.0,1.0,164.0,,14.588882,121.079016,https://www.lamudi.com.ph/2-bedroom-garden-unit-164-sqm-for-sale-in-maple-at-verdant-towers-ortigas-pasig-city.html
"2-Bedroom Unit (3918) for Sale in Maple at Verdant Towers, Ortigas, Pasig City","Ugong, Pasig",27298000.0,2.0,1.0,89.0,,14.588882,121.079016,https://www.lamudi.com.ph/2-bedroom-unit-3918-for-sale-in-maple-at-verdant-towers-ortigas-pasig-city.html
"3-Bedroom Unit (N09E) for Sale in Maven at Capitol Commons, Pasig City","Ortigas CBD, Pasig",24586800.0,3.0,2.0,102.0,,14.583771,121.059675,https://www.lamudi.com.ph/3-bedroom-unit-n09e-for-sale-in-maven-at-capitol-commons-pasig-city.html
"2-Bedroom Unit (20L) - Residences at The Galleon (Pre-selling) in Ortigas CBD, Pasig","San Antonio, Pasig",44002000.0,2.0,2.0,109.0,,14.588377,121.059897,https://www.lamudi.com.ph/2-bedroom-unit-20l-residences-at-the-galleon-pre-selling-in-ortigas-cbd-pasig.html
"Studio Condo Unit (10F) for Sale in One Sierra, EDSA, Mandaluyong City, Metro Manila","Highway Hills, Mandaluyong",7961511.0,1.0,1.0,33.0,,14.578255,121.052143,https://www.lamudi.com.ph/studio-condo-unit-10f-for-sale-in-one-sierra-edsa-mandaluyong-city-metro-manila.html
"The Glaston Tower - Office Unit, Prime Unit (34B) for Sale in Ortigas East, Pasig Cit...","Ugong, Pasig",24000000.0,,,88.0,,14.587964,121.079045,https://www.lamudi.com.ph/the-glaston-tower-office-unit-prime-unit-34b-for-sale-in-ortigas-east-pasig-city.html
"1-Bedroom Unit (3203) for Sale in Maple at Verdant Towers, Ortigas, Pasig City","Ugong, Pasig",16420000.0,1.0,,57.0,,14.588882,121.079016,https://www.lamudi.com.ph/1-bedroom-unit-3203-for-sale-in-maple-at-verdant-towers-ortigas-pasig-city.html
"1-Bedroom Unit (2218) for Sale in Maple at Verdant Towers, Ortigas, Pasig City","Ugong, Pasig",15560000.0,1.0,,53.0,,14.588882,121.079016,https://www.lamudi.com.ph/1-bedroom-unit-2218-for-sale-in-maple-at-verdant-towers-ortigas-pasig-city.html
"3-Bedroom Unit (58I) for Sale in Empress at Capitol Commons, Pasig City","Oranbo, Pasig",56826000.0,3.0,3.0,151.0,,14.575822,121.064324,https://www.lamudi.com.ph/3-bedroom-unit-58i-for-sale-in-empress-at-capitol-commons-pasig-city.html
"1-Bedroom Unit (923) for Sale in Maple at Verdant Towers, Ortigas, Pasig City","Ugong, Pasig",16262000.0,1.0,,58.0,,14.588882,121.079016,https://www.lamudi.com.ph/1-bedroom-unit-923-for-sale-in-maple-at-verdant-towers-ortigas-pasig-city.html
"1-Bedroom Unit (1021) for Sale in Maple at Verdant Towers, Ortigas, Pasig City","Ugong, Pasig",15229000.0,1.0,,56.0,,14.588882,121.079016,https://www.lamudi.com.ph/1-bedroom-unit-1021-for-sale-in-maple-at-verdant-towers-ortigas-pasig-city.html
"1-Bedroom Unit (S45D1) for Sale in Maven at Capitol Commons, Pasig City","Ortigas CBD, Pasig",11088000.0,1.0,1.0,47.0,,14.583771,121.059675,https://www.lamudi.com.ph/1-bedroom-unit-s45d1-for-sale-in-maven-at-capitol-commons-pasig-city.html
"1-Bedroom Unit (2211) for Sale in Maple at Verdant Towers, Ortigas, Pasig City","Ugong, Pasig",15762000.0,1.0,,58.0,,14.588882,121.079016,https://www.lamudi.com.ph/1-bedroom-unit-2211-for-sale-in-maple-at-verdant-towers-ortigas-pasig-city.html
"1-Bedroom Unit (1115) for Sale in Maple at Verdant Towers, Ortigas, Pasig City","Ugong, Pasig",15601000.0,1.0,,58.0,,14.588882,121.079016,https://www.lamudi.com.ph/1-bedroom-unit-1115-for-sale-in-maple-at-verdant-towers-ortigas-pasig-city.html
"1-Bedroom Unit (1615) for Sale in Maple at Verdant Towers, Ortigas, Pasig City","Ugong, Pasig",15737000.0,1.0,,58.0,,14.588882,121.079016,https://www.lamudi.com.ph/1-bedroom-unit-1615-for-sale-in-maple-at-verdant-towers-ortigas-pasig-city.html
"1-Bedroom Unit (2603) for Sale in Maple at Verdant Towers, Ortigas, Pasig City","Ugong, Pasig",15033000.0,1.0,,52.0,,14.588882,121.079016,https://www.lamudi.com.ph/1-bedroom-unit-2603-for-sale-in-maple-at-verdant-towers-ortigas-pasig-city.html
"1-Bedroom Unit (915) for Sale in Maple at Verdant Towers, Ortigas, Pasig City","Ugong, Pasig",15912000.0,1.0,,58.0,,14.588882,121.079016,https://www.lamudi.com.ph/1-bedroom-unit-915-for-sale-in-maple-at-verdant-towers-ortigas-pasig-city.html
"Studio Unit (3602) for Sale in Maple at Verdant Towers, Ortigas, Pasig City","Ugong, Pasig",8957000.0,1.0,1.0,35.0,,14.588882,121.079016,https://www.lamudi.com.ph/studio-unit-3602-for-sale-in-maple-at-verdant-towers-ortigas-pasig-city.html
"1-Bedroom Unit (3310) for Sale in Maple at Verdant Towers, Ortigas, Pasig City","Ugong, Pasig",16042000.0,1.0,,58.0,,14.588882,121.079016,https://www.lamudi.com.ph/1-bedroom-unit-3310-for-sale-in-maple-at-verdant-towers-ortigas-pasig-city.html
"1-Bedroom Unit (4110) for Sale in Maple at Verdant Towers, Ortigas, Pasig City","Ugong, Pasig",18126000.0,1.0,,58.0,,14.588882,121.079016,https://www.lamudi.com.ph/1-bedroom-unit-4110-for-sale-in-maple-at-verdant-towers-ortigas-pasig-city.html
"1-Bedroom Unit (3703) for Sale in Maple at Verdant Towers, Ortigas, Pasig City","Ugong, Pasig",16549000.0,1.0,,57.0,,14.588882,121.079016,https://www.lamudi.com.ph/1-bedroom-unit-3703-for-sale-in-maple-at-verdant-towers-ortigas-pasig-city.html
"Offices at The Galleon - Prime Unit (22G) for Sale in Ortigas, Pasig","San Antonio, Pasig",27975000.0,,,82.0,,14.588716,121.060009,https://www.lamudi.com.ph/offices-at-the-galleon-prime-unit-22g-for-sale-in-ortigas-pasig.html
"The Glaston Tower - Office Unit, Prime Unit (17L) for Sale in Ortigas East Pasig","Ugong, Pasig",26699000.0,,,100.0,,14.587964,121.079045,https://www.lamudi.com.ph/the-glaston-tower-office-unit-prime-unit-17l-for-sale-in-ortigas-east-pasig.html
"1-Bedroom Unit (3015) for Sale in Maple at Verdant Towers, Ortigas, Pasig City","Ugong, Pasig",16007000.0,1.0,,57.0,,14.588882,121.079016,https://www.lamudi.com.ph/1-bedroom-unit-3015-for-sale-in-maple-at-verdant-towers-ortigas-pasig-city.html
"1-Bedroom Unit (2207) for Sale in Maple at Verdant Towers, Ortigas, Pasig City","Ugong, Pasig",15762000.0,1.0,,56.0,,14.588882,121.079016,https://www.lamudi.com.ph/1-bedroom-unit-2207-for-sale-in-maple-at-verdant-towers-ortigas-pasig-city.html
"2-Bedroom Condo (Unit C) for Sale in Suntrust Shanata, Novaliches Quezon City","Novaliches, Quezon City",6363100.0,2.0,1.0,35.0,,14.68155,121.0198,https://www.lamudi.com.ph/2-bedroom-condo-unit-c-for-sale-in-suntrust-shanata-novaliches-quezon-city-1.html
"Studio (3909) for Sale in Maple at Verdant Towers, Ortigas, Pasig City","Ugong, Pasig",8151000.0,1.0,,32.0,,14.588882,121.079016,https://www.lamudi.com.ph/studio-3909-for-sale-in-maple-at-verdant-towers-ortigas-pasig-city.html
"1-Bedroom Unit (2911) for Sale in Maple at Verdant Towers, Ortigas, Pasig City","Ugong, Pasig",15972000.0,1.0,1.0,58.0,,14.588882,121.079016,https://www.lamudi.com.ph/1-bedroom-unit-2911-for-sale-in-maple-at-verdant-towers-ortigas-pasig-city.html
"1-Bedroom Unit (3206) for Sale in Maple at Verdant Towers, Ortigas, Pasig City","Ugong, Pasig",16283000.0,1.0,1.0,57.0,,14.588882,121.079016,https://www.lamudi.com.ph/1-bedroom-unit-3206-for-sale-in-maple-at-verdant-towers-ortigas-pasig-city.html
"Studio Unit (19L) for Sale in Empress at Capitol Commons, Pasig City","Oranbo, Pasig",11571000.0,1.0,1.0,39.0,,14.575822,121.064324,https://www.lamudi.com.ph/studio-unit-19l-for-sale-in-empress-at-capitol-commons-pasig-city.html
"The Glaston Tower - Office Unit, Prime Unit (31I) for Sale in Ortigas East, Pasig Cit...","Ugong, Pasig",28221000.0,,,100.0,,14.587964,121.079045,https://www.lamudi.com.ph/the-glaston-tower-office-unit-prime-unit-31i-for-sale-in-ortigas-east-pasig-city.html
"Offices at The Galleon - Prime Suite (20K) for Sale in Ortigas, Pasig","San Antonio, Pasig",40859000.0,,,114.0,,14.588716,121.060009,https://www.lamudi.com.ph/offices-at-the-galleon-prime-suite-20k-for-sale-in-ortigas-pasig.html
"1-Bedroom Unit (27K) - Residences at The Galleon (Pre-selling) in Ortigas CBD, Pasig","San Antonio, Pasig",28012000.0,1.0,1.0,69.0,,14.588377,121.059897,https://www.lamudi.com.ph/1-bedroom-unit-27k-residences-at-the-galleon-pre-selling-in-ortigas-cbd-pasig.html
"1-Bedroom Unit (33K) - Residences at The Galleon (Pre-selling) in Ortigas CBD, Pasig","San Antonio, Pasig",28080000.0,1.0,1.0,69.0,,14.588377,121.059897,https://www.lamudi.com.ph/1-bedroom-unit-33k-residences-at-the-galleon-pre-selling-in-ortigas-cbd-pasig.html
"1-Bedroom Unit (10C) - Residences at The Galleon (Pre-selling) in Ortigas CBD, Pasig","San Antonio, Pasig",27106000.0,1.0,1.0,70.0,,14.588377,121.059897,https://www.lamudi.com.ph/1-bedroom-unit-10c-residences-at-the-galleon-pre-selling-in-ortigas-cbd-pasig.html
"1-Bedroom Unit (24G) - Residences at The Galleon (Pre-selling) in Ortigas CBD, Pasig","San Antonio, Pasig",26767000.0,1.0,1.0,74.0,,14.588377,121.059897,https://www.lamudi.com.ph/1-bedroom-unit-24g-residences-at-the-galleon-pre-selling-in-ortigas-cbd-pasig.html
"1-Bedroom Unit (27A) for Sale in Empress at Capitol Commons, Pasig City","Oranbo, Pasig",22974000.0,1.0,1.0,67.0,,14.575822,121.064324,https://www.lamudi.com.ph/1-bedroom-unit-27a-for-sale-in-empress-at-capitol-commons-pasig-city.html
"1-Bedroom Unit (51D) for Sale in Empress at Capitol Commons, Pasig City","Oranbo, Pasig",21596000.0,1.0,1.0,66.0,,14.575822,121.064324,https://www.lamudi.com.ph/1-bedroom-unit-51d-for-sale-in-empress-at-capitol-commons-pasig-city.html
"Studio Unit (31L) for Sale in Empress at Capitol Commons, Pasig City","Oranbo, Pasig",11793000.0,1.0,1.0,39.0,,14.575822,121.064324,https://www.lamudi.com.ph/studio-unit-31l-for-sale-in-empress-at-capitol-commons-pasig-city.html
"2-Bedroom Unit (3101) for Sale in Maple at Verdant Towers, Ortigas, Pasig City","Ugong, Pasig",27405000.0,2.0,,89.0,,14.588882,121.079016,https://www.lamudi.com.ph/2-bedroom-unit-3101-for-sale-in-maple-at-verdant-towers-ortigas-pasig-city.html
"Offices at The Galleon - Prime Unit (35L) for Sale in Ortigas, Pasig","San Antonio, Pasig",27516000.0,,,77.0,,14.588716,121.060009,https://www.lamudi.com.ph/offices-at-the-galleon-prime-unit-35l-for-sale-in-ortigas-pasig.html
"1-Bedroom Unit (N35K) for Sale in Maven at Capitol Commons, Pasig City","Ortigas CBD, Pasig",12263600.0,1.0,1.0,48.0,,14.583771,121.059675,https://www.lamudi.com.ph/1-bedroom-unit-n35k-for-sale-in-maven-at-capitol-commons-pasig-city.html
"1-Bedroom Unit (N41E1) for Sale in Maven at Capitol Commons, Pasig City","Ortigas CBD, Pasig",14103600.0,1.0,1.0,58.0,,14.583771,121.059675,https://www.lamudi.com.ph/1-bedroom-unit-n41e1-for-sale-in-maven-at-capitol-commons-pasig-city.html
"3-Bedroom Townhouse for Sale at Lancaster New City in General Trias, Cavite -ANICA Mo...","Pasong Camachile I, General Trias",2389000.0,3.0,,50.0,50.0,14.37318,120.896613,https://www.lamudi.com.ph/3-bedroom-townhouse-for-sale-at-lancaster-new-city-in-general-trias-cavite-anica-model.html
"1-Bedroom Unit (50F) for Sale in Empress at Capitol Commons, Pasig City","Oranbo, Pasig",22749000.0,1.0,1.0,66.0,,14.575822,121.064324,https://www.lamudi.com.ph/1-bedroom-unit-50f-for-sale-in-empress-at-capitol-commons-pasig-city.html
"2-Bedroom Unit (S57G) for Sale in Maven at Capitol Commons, Pasig City","Ortigas CBD, Pasig",17743600.0,2.0,2.0,74.0,,14.583771,121.059675,https://www.lamudi.com.ph/2-bedroom-unit-s57g-for-sale-in-maven-at-capitol-commons-pasig-city.html
"Offices at The Galleon - Glass Unit (14N) for Sale in Ortigas, Pasig","San Antonio, Pasig",36089000.0,,,106.0,,14.588716,121.060009,https://www.lamudi.com.ph/offices-at-the-galleon-glass-unit-14n-for-sale-in-ortigas-pasig.html
"1-Bedroom Unit (9K) for Sale in Empress at Capitol Commons, Pasig City","Oranbo, Pasig",21987000.0,1.0,1.0,67.0,,14.575822,121.064324,https://www.lamudi.com.ph/1-bedroom-unit-9k-for-sale-in-empress-at-capitol-commons-pasig-city.html
"1-Bedroom Unit (819) for Sale in Maple at Verdant Towers, Ortigas, Pasig City","Ugong, Pasig",15297000.0,1.0,,56.0,,14.588882,121.079016,https://www.lamudi.com.ph/1-bedroom-unit-819-for-sale-in-maple-at-verdant-towers-ortigas-pasig-city.html
"2-Bedroom Unit (S58G) for Sale in Maven at Capitol Commons, Pasig City","Ortigas CBD, Pasig",17855600.0,2.0,2.0,74.0,,14.583771,121.059675,https://www.lamudi.com.ph/2-bedroom-unit-s58g-for-sale-in-maven-at-capitol-commons-pasig-city.html
"1-Bedroom Unit (N06I) for Sale in Maven at Capitol Commons, Pasig City","Ortigas CBD, Pasig",11619300.0,1.0,1.0,43.0,,14.583771,121.059675,https://www.lamudi.com.ph/1-bedroom-unit-n06i-for-sale-in-maven-at-capitol-commons-pasig-city.html
"1-Bedroom Unit (1218) for Sale in Maple at Verdant Towers, Ortigas, Pasig City","Ugong, Pasig",15229000.0,1.0,,56.0,,14.588882,121.079016,https://www.lamudi.com.ph/1-bedroom-unit-1218-for-sale-in-maple-at-verdant-towers-ortigas-pasig-city.html
"1-Bedroom Unit (N22E1) for Sale in Maven at Capitol Commons, Pasig City","Ortigas CBD, Pasig",12230400.0,1.0,1.0,57.0,,14.583771,121.059675,https://www.lamudi.com.ph/1-bedroom-unit-n22e1-for-sale-in-maven-at-capitol-commons-pasig-city.html
"Offices at The Galleon - Prime Unit (20M) for Sale in Ortigas, Pasig","San Antonio, Pasig",31632000.0,,,93.0,,14.582707,121.061458,https://www.lamudi.com.ph/offices-at-the-galleon-prime-unit-20m-for-sale-in-ortigas-pasig.html
"Offices at The Galleon - Prime Unit (24M) for Sale in Ortigas, Pasig","San Antonio, Pasig",31939000.0,,,93.0,,14.582707,121.061458,https://www.lamudi.com.ph/offices-at-the-galleon-prime-unit-24m-for-sale-in-ortigas-pasig.html
"1-Bedroom Unit (1226) for Sale in Maple at Verdant Towers, Ortigas, Pasig City","Ugong, Pasig",16052000.0,1.0,,58.0,,14.588882,121.079016,https://www.lamudi.com.ph/1-bedroom-unit-1226-for-sale-in-maple-at-verdant-towers-ortigas-pasig-city.html
"1-Bedroom Unit (1926) for Sale in Maple at Verdant Towers, Ortigas, Pasig City","Ugong, Pasig",16322000.0,1.0,,58.0,,14.588882,121.079016,https://www.lamudi.com.ph/1-bedroom-unit-1926-for-sale-in-maple-at-verdant-towers-ortigas-pasig-city.html
"Offices at The Galleon - Prime Unit (34I) for Sale in Ortigas, Pasig","San Antonio, Pasig",32651000.0,,,93.0,,14.588716,121.060009,https://www.lamudi.com.ph/offices-at-the-galleon-prime-unit-34i-for-sale-in-ortigas-pasig.html
"1-Bedroom Unit (2422) for Sale in Maple at Verdant Towers, Ortigas, Pasig City","Ugong, Pasig",16462000.0,1.0,,58.0,,14.588882,121.079016,https://www.lamudi.com.ph/1-bedroom-unit-2422-for-sale-in-maple-at-verdant-towers-ortigas-pasig-city.html
"Offices at The Galleon - Prime Suite (16H) for Sale in Ortigas, Pasig","San Antonio, Pasig",40422000.0,,,115.0,,14.588716,121.060009,https://www.lamudi.com.ph/offices-at-the-galleon-prime-suite-16h-for-sale-in-ortigas-pasig.html
"Offices at The Galleon - Prime Unit (16M) for Sale in Ortigas, Pasig","San Antonio, Pasig",31449000.0,,,93.0,,14.588716,121.060009,https://www.lamudi.com.ph/offices-at-the-galleon-prime-unit-16m-for-sale-in-ortigas-pasig.html
"1-Bedroom Unit (S16D1) for Sale in Maven at Capitol Commons, Pasig City","Ortigas CBD, Pasig",10752000.0,1.0,1.0,46.0,,14.583771,121.059675,https://www.lamudi.com.ph/1-bedroom-unit-s16d1-for-sale-in-maven-at-capitol-commons-pasig-city.html
"1-Bedroom Unit (N26G2) for Sale in Maven at Capitol Commons, Pasig City","Ortigas CBD, Pasig",11110400.0,1.0,1.0,44.0,,14.583771,121.059675,https://www.lamudi.com.ph/1-bedroom-unit-n26g2-for-sale-in-maven-at-capitol-commons-pasig-city.html
4-Bedroom Single Detached House and Lot for Sale in The Arcadia | Boundary of Angeles...,"Manibaug Paralaya, Porac",9440500.0,4.0,,173.0,168.0,15.119767,120.560714,https://www.lamudi.com.ph/4-bedroom-single-detached-house-and-lot-for-sale-in-the-arcadia-boundary-of-angeles-and-porac-pampanga-atlanta-model.html
"Studio (3802) for Sale in Maple at Verdant Towers, Ortigas, Pasig City","Ugong, Pasig",8862000.0,1.0,,35.0,,14.588882,121.079016,https://www.lamudi.com.ph/studio-3802-for-sale-in-maple-at-verdant-towers-ortigas-pasig-city.html
"1-Bedroom Unit (1123) for Sale in Maple at Verdant Towers, Ortigas, Pasig City","Ugong, Pasig",16332000.0,1.0,,58.0,,14.588882,121.079016,https://www.lamudi.com.ph/1-bedroom-unit-1123-for-sale-in-maple-at-verdant-towers-ortigas-pasig-city.html
"1-Bedroom Unit (53M) for Sale in Empress at Capitol Commons, Pasig City","Oranbo, Pasig",23671000.0,1.0,1.0,70.0,,14.575822,121.064324,https://www.lamudi.com.ph/1-bedroom-unit-53m-for-sale-in-empress-at-capitol-commons-pasig-city.html
"1-Bedroom Unit (37F) - Residences at The Galleon (Pre-selling) in Ortigas CBD, Pasig","San Antonio, Pasig",27006000.0,1.0,1.0,74.0,,14.588377,121.059897,https://www.lamudi.com.ph/1-bedroom-unit-37f-residences-at-the-galleon-pre-selling-in-ortigas-cbd-pasig.html
"2-Bedroom Unit (4008) for Sale in Maple at Verdant Towers, Ortigas, Pasig City","Ugong, Pasig",26116000.0,2.0,1.0,89.0,,14.588882,121.079016,https://www.lamudi.com.ph/2-bedroom-unit-4008-for-sale-in-maple-at-verdant-towers-ortigas-pasig-city.html
Suntrust Amadea Tower 1 - Studio Unit for Sale in Quezon City,"Paligsahan, Quezon City",3167280.0,1.0,1.0,24.0,,14.646511,120.996952,https://www.lamudi.com.ph/suntrust-amadea-tower-1-studio-unit-for-sale-in-quezon-city.html
"1-Bedroom Unit (2422) for Sale in Maple at Verdant Towers, Ortigas, Pasig City","Ugong, Pasig",16462000.0,1.0,,58.0,,14.588882,121.079016,https://www.lamudi.com.ph/1-bedroom-unit-2422-for-sale-in-maple-at-verdant-towers-ortigas-pasig-city.html
"Offices at The Galleon - Prime Unit (16M) for Sale in Ortigas, Pasig","San Antonio, Pasig",31449000.0,,,93.0,,14.588716,121.060009,https://www.lamudi.com.ph/offices-at-the-galleon-prime-unit-16m-for-sale-in-ortigas-pasig.html
"1-Bedroom Unit (1226) for Sale in Maple at Verdant Towers, Ortigas, Pasig City","Ugong, Pasig",16052000.0,1.0,,58.0,,14.588882,121.079016,https://www.lamudi.com.ph/1-bedroom-unit-1226-for-sale-in-maple-at-verdant-towers-ortigas-pasig-city.html
"1-Bedroom Unit (3603) for Sale in Maple at Verdant Towers, Ortigas, Pasig City","Ugong, Pasig",16549000.0,1.0,,57.0,,14.588882,121.079016,https://www.lamudi.com.ph/1-bedroom-unit-3603-for-sale-in-maple-at-verdant-towers-ortigas-pasig-city.html
"1-Bedroom Unit (3314) for Sale in Maple at Verdant Towers, Ortigas, Pasig City","Ugong, Pasig",16076000.0,1.0,,57.0,,14.588882,121.079016,https://www.lamudi.com.ph/1-bedroom-unit-3314-for-sale-in-maple-at-verdant-towers-ortigas-pasig-city.html
"1-Bedroom Unit (N26G2) for Sale in Maven at Capitol Commons, Pasig City","Ortigas CBD, Pasig",11110400.0,1.0,1.0,44.0,,14.583771,121.059675,https://www.lamudi.com.ph/1-bedroom-unit-n26g2-for-sale-in-maven-at-capitol-commons-pasig-city.html
"2-Bedroom Unit (49H) - Residences at The Galleon (Pre-selling) in Ortigas CBD, Pasig","San Antonio, Pasig",46469000.0,2.0,2.0,114.0,,14.588377,121.059897,https://www.lamudi.com.ph/2-bedroom-unit-49h-residences-at-the-galleon-pre-selling-in-ortigas-cbd-pasig.html
"2-Bedroom Unit (3301) for Sale in Maple at Verdant Towers, Ortigas, Pasig City","Ugong, Pasig",27512000.0,2.0,1.0,89.0,,14.588882,121.079016,https://www.lamudi.com.ph/2-bedroom-unit-3301-for-sale-in-maple-at-verdant-towers-ortigas-pasig-city.html
"Studio Unit (3312) for Sale in Maple at Verdant Towers, Ortigas, Pasig City","Ugong, Pasig",8323000.0,1.0,1.0,35.0,,14.588882,121.079016,https://www.lamudi.com.ph/studio-unit-3312-for-sale-in-maple-at-verdant-towers-ortigas-pasig-city.html
"1-Bedroom Unit (28A) for Sale in Empress at Capitol Commons, Pasig City","Oranbo, Pasig",23188000.0,1.0,1.0,67.0,,14.575822,121.064324,https://www.lamudi.com.ph/1-bedroom-unit-28a-for-sale-in-empress-at-capitol-commons-pasig-city.html
"1-Bedroom Unit (2503) for Sale in Maple at Verdant Towers, Ortigas, Pasig City","Ugong, Pasig",14971000.0,1.0,,52.0,,14.588882,121.079016,https://www.lamudi.com.ph/1-bedroom-unit-2503-for-sale-in-maple-at-verdant-towers-ortigas-pasig-city.html
"Condominium with 3 bedroom for Sale in Suntrust Shanata, Novaliches, Quezon City","Novaliches, Quezon City",7802700.0,3.0,2.0,54.0,,14.68155,121.0198,https://www.lamudi.com.ph/condominium-with-3-bedroom-for-sale-in-suntrust-shanata-novaliches-quezon-city-2.html
"Pre-selling 3BR 3-Storey Townhouse for Sale in Likha Residences, Cupang, Muntinlupa |...","Cupang, Muntinlupa",27705000.0,3.0,,250.0,125.0,14.434669,121.040194,https://www.lamudi.com.ph/pre-selling-3br-3-storey-townhouse-for-sale-in-likha-residences-cupang-muntinlupa-typical-end-unit-1.html
4-Bedroom Single Detached House and Lot for Sale in The Arcadia | Boundary of Angeles...,"Manibaug Paralaya, Porac",9440500.0,4.0,,173.0,168.0,15.119767,120.560714,https://www.lamudi.com.ph/4-bedroom-single-detached-house-and-lot-for-sale-in-the-arcadia-boundary-of-angeles-and-porac-pampanga-atlanta-model.html
"1-Bedroom Unit (53M) for Sale in Empress at Capitol Commons, Pasig City","Oranbo, Pasig",23671000.0,1.0,1.0,70.0,,14.575822,121.064324,https://www.lamudi.com.ph/1-bedroom-unit-53m-for-sale-in-empress-at-capitol-commons-pasig-city.html
"ARIA RFO Townhouse for Sale in Idesia Dasmarinas Ph1, Special Discount 269K -Blk10 Lo...","San Agustin I, Dasmarinas",2239999.0,2.0,,42.0,60.0,14.304975,120.944111,https://www.lamudi.com.ph/aria-rfo-townhouse-for-sale-in-idesia-dasmarinas-ph1-special-discount-269k-blk10-lot15.html
"1-Bedroom Unit (1123) for Sale in Maple at Verdant Towers, Ortigas, Pasig City","Ugong, Pasig",16332000.0,1.0,,58.0,,14.588882,121.079016,https://www.lamudi.com.ph/1-bedroom-unit-1123-for-sale-in-maple-at-verdant-towers-ortigas-pasig-city.html
Suntrust Amadea Tower 1 - Studio Unit for Sale in Quezon City,"Paligsahan, Quezon City",3167280.0,1.0,1.0,24.0,,14.646511,120.996952,https://www.lamudi.com.ph/suntrust-amadea-tower-1-studio-unit-for-sale-in-quezon-city.html
"Studio (3802) for Sale in Maple at Verdant Towers, Ortigas, Pasig City","Ugong, Pasig",8862000.0,1.0,,35.0,,14.588882,121.079016,https://www.lamudi.com.ph/studio-3802-for-sale-in-maple-at-verdant-towers-ortigas-pasig-city.html
"2-Bedroom Unit (3308) for Sale in Maple at Verdant Towers, Ortigas, Pasig City","Ugong, Pasig",25901000.0,2.0,,89.0,,14.588882,121.079016,https://www.lamudi.com.ph/2-bedroom-unit-3308-for-sale-in-maple-at-verdant-towers-ortigas-pasig-city.html
"3BR Unit for Sale in Suntrust Amadea Tower 2, Quezon City, 6.6M","Paligsahan, Quezon City",6626880.0,3.0,2.0,46.0,,14.631613,121.023475,https://www.lamudi.com.ph/3br-unit-for-sale-in-suntrust-amadea-tower-2-quezon-city-6-6m.html
"1-Bedroom Unit (37F) - Residences at The Galleon (Pre-selling) in Ortigas CBD, Pasig","San Antonio, Pasig",27006000.0,1.0,1.0,74.0,,14.588377,121.059897,https://www.lamudi.com.ph/1-bedroom-unit-37f-residences-at-the-galleon-pre-selling-in-ortigas-cbd-pasig.html
"2-Bedroom Unit (4008) for Sale in Maple at Verdant Towers, Ortigas, Pasig City","Ugong, Pasig",26116000.0,2.0,1.0,89.0,,14.588882,121.079016,https://www.lamudi.com.ph/2-bedroom-unit-4008-for-sale-in-maple-at-verdant-towers-ortigas-pasig-city.html
"Pre-selling 3BR 3-Storey Townhouse for Sale in Likha Residences, Cupang, Muntinlupa |...","Cupang, Muntinlupa",25296000.0,3.0,,250.0,92.0,14.434669,121.040194,https://www.lamudi.com.ph/pre-selling-3br-3-storey-townhouse-for-sale-in-likha-residences-cupang-muntinlupa-typical-unit-3.html
"Pre-selling 3BR 4-Storey Townhouse for Sale in Likha Residences, Cupang, Muntinlupa |...","Cupang, Muntinlupa",40322000.0,3.0,,323.0,90.0,14.434669,121.040194,https://www.lamudi.com.ph/pre-selling-3br-4-storey-townhouse-for-sale-in-likha-residences-cupang-muntinlupa-end-unit-elevated-garden-2.html
"Studio Deluxe (24E) for Sale in Empress at Capitol Commons, Pasig City","Oranbo, Pasig",12415000.0,1.0,1.0,45.0,,14.575822,121.064324,https://www.lamudi.com.ph/studio-deluxe-24e-for-sale-in-empress-at-capitol-commons-pasig-city.html
"1-Bedroom Condo Unit (30A) for Sale in One Sierra, EDSA, Mandaluyong City Metro Manil...","Highway Hills, Mandaluyong",12094554.0,1.0,1.0,54.0,,14.578255,121.052143,https://www.lamudi.com.ph/1-bedroom-condo-unit-30a-for-sale-in-one-sierra-edsa-mandaluyong-city-metro-manila.html
"2-Bedroom Unit (3208) for Sale in Maple at Verdant Towers, Ortigas, Pasig City","Ugong, Pasig",25901000.0,2.0,1.0,89.0,,14.588882,121.079016,https://www.lamudi.com.ph/2-bedroom-unit-3208-for-sale-in-maple-at-verdant-towers-ortigas-pasig-city.html
"1-Bedroom Unit (14G) - Residences at The Galleon (Pre-selling) in Ortigas CBD, Pasig","San Antonio, Pasig",26577000.0,1.0,1.0,74.0,,14.588377,121.059897,https://www.lamudi.com.ph/1-bedroom-unit-14g-residences-at-the-galleon-pre-selling-in-ortigas-cbd-pasig.html
"Studio Condo Unit (23G) for Sale in One Sierra, EDSA, Mandaluyong City, Metro Manila","Highway Hills, Mandaluyong",7722220.0,1.0,1.0,31.0,,14.578255,121.052143,https://www.lamudi.com.ph/studio-condo-unit-23g-for-sale-in-one-sierra-edsa-mandaluyong-city-metro-manila.html
"Studio Condo Unit (26D) for Sale in One Sierra, EDSA, Mandaluyong City, Metro Manila","Highway Hills, Mandaluyong",7744557.0,1.0,1.0,31.0,,14.578255,121.052143,https://www.lamudi.com.ph/studio-condo-unit-26d-for-sale-in-one-sierra-edsa-mandaluyong-city-metro-manila.html
"Studio Condo Unit (11G) for Sale in One Sierra, EDSA, Mandaluyong City, Metro Manila","Highway Hills, Mandaluyong",7961545.0,1.0,1.0,31.0,,14.578255,121.052143,https://www.lamudi.com.ph/studio-condo-unit-11g-for-sale-in-one-sierra-edsa-mandaluyong-city-metro-manila.html
"Studio Condo Unit (30B) for Sale in One Sierra, EDSA, Mandaluyong City, Metro Manila","Highway Hills, Mandaluyong",7432712.0,1.0,1.0,32.0,,14.578255,121.052143,https://www.lamudi.com.ph/studio-condo-unit-30b-for-sale-in-one-sierra-edsa-mandaluyong-city-metro-manila.html
"Studio (4109) for Sale in Maple at Verdant Towers, Ortigas, Pasig City","Ugong, Pasig",9206000.0,1.0,,32.0,,14.588882,121.079016,https://www.lamudi.com.ph/studio-4109-for-sale-in-maple-at-verdant-towers-ortigas-pasig-city.html
"1-Bedroom Unit (2611) for Sale in Maple at Verdant Towers, Ortigas, Pasig City","Ugong, Pasig",15902000.0,1.0,,58.0,,14.588882,121.079016,https://www.lamudi.com.ph/1-bedroom-unit-2611-for-sale-in-maple-at-verdant-towers-ortigas-pasig-city.html
Cityland One Premier - Studio Unit (23 sqm) for Sale in Las Pinas City,"Almanza Uno, Las Pinas",2687891.0,1.0,1.0,23.0,,14.4324914,121.0140532,https://www.lamudi.com.ph/cityland-one-premier-studio-unit-23-sqm-for-sale-in-las-pinas-city.html
"1-Bedroom Unit (37M) for Sale in Empress at Capitol Commons, Pasig City","Oranbo, Pasig",22863000.0,1.0,1.0,70.0,,14.575822,121.064324,https://www.lamudi.com.ph/1-bedroom-unit-37m-for-sale-in-empress-at-capitol-commons-pasig-city.html
"1-Bedroom Unit (N48E2) for Sale in Maven at Capitol Commons, Pasig City","Ortigas CBD, Pasig",11334400.0,1.0,1.0,44.0,,14.583771,121.059675,https://www.lamudi.com.ph/1-bedroom-unit-n48e2-for-sale-in-maven-at-capitol-commons-pasig-city.html
"1-Bedroom Unit (S41D1) for Sale in Maven at Capitol Commons, Pasig City","Ortigas CBD, Pasig",11088000.0,1.0,1.0,47.0,,14.583771,121.059675,https://www.lamudi.com.ph/1-bedroom-unit-s41d1-for-sale-in-maven-at-capitol-commons-pasig-city.html
"Residential Unit (108-02) for Sale in UniPlace @ SWU Village, Cebu City","Sambag II, Cebu",2810000.0,1.0,1.0,24.0,,10.3058395,123.8908567,https://www.lamudi.com.ph/residential-unit-108-02-for-sale-in-uniplace-swu-village-cebu-city.html
"2-Bedroom Condo (Unit I) for Sale in Suntrust Shanata, Novaliches Quezon City","Novaliches, Quezon City",6363100.0,2.0,1.0,35.0,,14.68155,121.0198,https://www.lamudi.com.ph/2-bedroom-condo-unit-i-for-sale-in-suntrust-shanata-novaliches-quezon-city-1.html
"Studio (4112) for Sale in Maple at Verdant Towers, Ortigas, Pasig City","Ugong, Pasig",9499000.0,1.0,,35.0,,14.588882,121.079016,https://www.lamudi.com.ph/studio-4112-for-sale-in-maple-at-verdant-towers-ortigas-pasig-city.html
"1-Bedroom Condo Unit (30J) for Sale in One Sierra, EDSA, Mandaluyong City, Metro Mani...","Highway Hills, Mandaluyong",11526579.0,1.0,1.0,54.0,,14.578255,121.052143,https://www.lamudi.com.ph/1-bedroom-condo-unit-30j-for-sale-in-one-sierra-edsa-mandaluyong-city-metro-manila.html
"2-Bedroom House for Sale at Camella Provence in Malolos City, Bulacan | Criselle, NRF...","Longos, Malolos",3243000.0,2.0,,40.0,63.0,14.8743986,120.7973062,https://www.lamudi.com.ph/2-bedroom-house-for-sale-at-camella-provence-in-malolos-city-bulacan-criselle-nrfo-bts-rfo.html
"5-Bedroom House for Sale at Camella Monticello in San Jose del Monte, Bulacan | Ella,...","Sapang Palay, San Jose del Monte",6975000.0,5.0,,100.0,121.0,14.8450503,121.0612785,https://www.lamudi.com.ph/5-bedroom-house-for-sale-at-camella-monticello-in-san-jose-del-monte-bulacan-ella-nrfo.html
"2-Bedroom House for Sale at Camella Monticello in San Jose del Monte, Bulacan | Ariel...","Sapang Palay, San Jose del Monte",2313000.0,2.0,,36.0,42.0,14.8450503,121.0612785,https://www.lamudi.com.ph/2-bedroom-house-for-sale-at-camella-monticello-in-san-jose-del-monte-bulacan-arielle-nrfo.html
"The Glaston Tower - Office Unit, Prime Unit (31D) for Sale in Ortigas East Pasig","Ugong, Pasig",23745000.0,,,88.0,,14.587964,121.079045,https://www.lamudi.com.ph/the-glaston-tower-office-unit-prime-unit-31d-for-sale-in-ortigas-east-pasig.html
"Offices at The Galleon - Prime Unit (23F) for Sale in Ortigas, Pasig","San Antonio, Pasig",37666000.0,,,108.0,,14.588716,121.060009,https://www.lamudi.com.ph/offices-at-the-galleon-prime-unit-23f-for-sale-in-ortigas-pasig.html
"Offices at The Galleon - Glass Unit (27E) for Sale in Ortigas, Pasig","San Antonio, Pasig",32342000.0,,,93.0,,14.588716,121.060009,https://www.lamudi.com.ph/offices-at-the-galleon-glass-unit-27e-for-sale-in-ortigas-pasig.html
"Suntrust Amadea Tower 1, 2-Bedroom Unit for Sale in Quezon City","Paligsahan, Quezon City",5310000.0,2.0,1.0,36.0,,14.646511,120.996952,https://www.lamudi.com.ph/suntrust-amadea-tower-1-2-bedroom-unit-for-sale-in-quezon-city.html
"1-Bedroom Unit for Sale in One Lakeshore Drive, San Antonio, Davao - Tower 1","San Antonio, Davao",7320000.0,1.0,2.0,50.0,,7.095857,125.630475,https://www.lamudi.com.ph/1-bedroom-unit-for-sale-in-one-lakeshore-drive-san-antonio-davao-tower-1.html
"1-Bedroom Unit for Sale in One Lakeshore Drive, San Antonio, Davao - Tower 3","San Antonio, Davao",7320000.0,1.0,2.0,50.0,,7.095857,125.630475,https://www.lamudi.com.ph/1-bedroom-unit-for-sale-in-one-lakeshore-drive-san-antonio-davao-tower-3.html
"Studio Condo Unit (30D) for Sale in One Sierra, EDSA, Mandaluyong City, Metro Manila","Highway Hills, Mandaluyong",7776467.0,1.0,1.0,31.0,,14.578255,121.052143,https://www.lamudi.com.ph/studio-condo-unit-30d-for-sale-in-one-sierra-edsa-mandaluyong-city-metro-manila.html
"1-Bedroom Unit (S17D1) for Sale in Maven at Capitol Commons, Pasig City","Ortigas CBD, Pasig",10752000.0,1.0,1.0,46.0,,14.583771,121.059675,https://www.lamudi.com.ph/1-bedroom-unit-s17d1-for-sale-in-maven-at-capitol-commons-pasig-city.html
"3-Bedroom Unit (N07E) for Sale in Maven at Capitol Commons, Pasig City","Ortigas CBD, Pasig",24586800.0,3.0,2.0,102.0,,14.583771,121.059675,https://www.lamudi.com.ph/3-bedroom-unit-n07e-for-sale-in-maven-at-capitol-commons-pasig-city.html
"2BR Condo Unit for Sale in Ibiza Tower at Circulo Verde, Bagumbayan, Quezon City | Un...","Bagumbayan, Quezon City",14278110.0,2.0,2.0,67.0,,14.605396,121.081903,https://www.lamudi.com.ph/2br-condo-unit-for-sale-in-ibiza-tower-at-circulo-verde-bagumbayan-quezon-city-unit-16h.html
"1-Bedroom Unit (N51C1) for Sale in Maven at Capitol Commons, Pasig City","Ortigas CBD, Pasig",14474200.0,1.0,1.0,59.0,,14.583771,121.059675,https://www.lamudi.com.ph/1-bedroom-unit-n51c1-for-sale-in-maven-at-capitol-commons-pasig-city.html
"Offices at The Galleon - Prime Unit (21G) for Sale in Ortigas, Pasig","San Antonio, Pasig",27934000.0,,,82.0,,14.588716,121.060009,https://www.lamudi.com.ph/offices-at-the-galleon-prime-unit-21g-for-sale-in-ortigas-pasig.html
"Studio Condo Unit (18B) for Sale in One Sierra, EDSA, Mandaluyong City, Metro Manila","Highway Hills, Mandaluyong",7288260.0,1.0,1.0,32.0,,14.578255,121.052143,https://www.lamudi.com.ph/studio-condo-unit-18b-for-sale-in-one-sierra-edsa-mandaluyong-city-metro-manila.html
"Offices at The Galleon - Prime Unit (12M) for Sale in Ortigas, Pasig","San Antonio, Pasig",31312000.0,,,93.0,,14.588716,121.060009,https://www.lamudi.com.ph/offices-at-the-galleon-prime-unit-12m-for-sale-in-ortigas-pasig.html
"Residential Unit (109-02) for Sale in UniPlace @ SWU Village, Cebu City","Sambag II, Cebu",2810000.0,1.0,1.0,24.0,,10.3058395,123.8908567,https://www.lamudi.com.ph/residential-unit-109-02-for-sale-in-uniplace-swu-village-cebu-city.html
"2-Bedroom Unit (49B) for Sale in Empress at Capitol Commons, Pasig City","Oranbo, Pasig",35907000.0,2.0,2.0,106.0,,14.575822,121.064324,https://www.lamudi.com.ph/2-bedroom-unit-49b-for-sale-in-empress-at-capitol-commons-pasig-city.html
"1-Bedroom Unit (N30E2) for Sale in Maven at Capitol Commons, Pasig City","Ortigas CBD, Pasig",11166400.0,1.0,1.0,52.0,,14.583771,121.059675,https://www.lamudi.com.ph/1-bedroom-unit-n30e2-for-sale-in-maven-at-capitol-commons-pasig-city.html
"1-Bedroom Unit (N20E1) for Sale in Maven at Capitol Commons, Pasig City","Ortigas CBD, Pasig",12196800.0,1.0,1.0,57.0,,14.583771,121.059675,https://www.lamudi.com.ph/1-bedroom-unit-n20e1-for-sale-in-maven-at-capitol-commons-pasig-city.html
"1-Bedroom Unit (N40E2) for Sale in Maven at Capitol Commons, Pasig City","Ortigas CBD, Pasig",12770800.0,1.0,1.0,52.0,,14.583771,121.059675,https://www.lamudi.com.ph/1-bedroom-unit-n40e2-for-sale-in-maven-at-capitol-commons-pasig-city.html
"1-Bedroom Unit (N60C1) for Sale in Maven at Capitol Commons, Pasig City","Ortigas CBD, Pasig",14587200.0,1.0,1.0,59.0,,14.583771,121.059675,https://www.lamudi.com.ph/1-bedroom-unit-n60c1-for-sale-in-maven-at-capitol-commons-pasig-city.html
"1-Bedroom Condo Unit (24A) for Sale in One Sierra, EDSA, Mandaluyong City, Metro Mani...","Highway Hills, Mandaluyong",12540432.0,1.0,1.0,57.0,,14.578255,121.052143,https://www.lamudi.com.ph/1-bedroom-condo-unit-24a-for-sale-in-one-sierra-edsa-mandaluyong-city-metro-manila.html
"1-Bedroom Unit (S33D2) for Sale in Maven at Capitol Commons, Pasig City","Ortigas CBD, Pasig",11334400.0,1.0,1.0,52.0,,14.583771,121.059675,https://www.lamudi.com.ph/1-bedroom-unit-s33d2-for-sale-in-maven-at-capitol-commons-pasig-city.html
"5,300 sqm Industrial Lot for Sale in Laguindingan Technopark, Misamis Oriental","Moog, Laguindingan",29150000.0,,,,5300.0,8.609045,124.468733,https://www.lamudi.com.ph/5-300-sqm-industrial-lot-for-sale-in-laguindingan-technopark-misamis-oriental.html
"1-Bedroom Unit (N64D2) for Sale in Maven at Capitol Commons, Pasig City","Ortigas CBD, Pasig",13108800.0,1.0,1.0,52.0,,14.583771,121.059675,https://www.lamudi.com.ph/1-bedroom-unit-n64d2-for-sale-in-maven-at-capitol-commons-pasig-city.html
"5% Launch Promo | 1BR Unit for Sale at Woodsville Crest, Merville Paranaque","Merville, Paranaque",7500000.0,1.0,1.0,37.0,,14.499387,121.025633,https://www.lamudi.com.ph/5-launch-promo-1br-unit-for-sale-at-woodsville-crest-merville-paranaque.html
"1-Bedroom Unit (N29E2) for Sale in Maven at Capitol Commons, Pasig City","Ortigas CBD, Pasig",11166400.0,1.0,1.0,52.0,,14.583771,121.059675,https://www.lamudi.com.ph/1-bedroom-unit-n29e2-for-sale-in-maven-at-capitol-commons-pasig-city.html
"1-Bedroom Unit (S59C2) for Sale in Maven at Capitol Commons, Pasig City","Ortigas CBD, Pasig",13096600.0,1.0,1.0,52.0,,14.583771,121.059675,https://www.lamudi.com.ph/1-bedroom-unit-s59c2-for-sale-in-maven-at-capitol-commons-pasig-city.html
"1-Bedroom Unit (N33E1) for Sale in Maven at Capitol Commons, Pasig City","Ortigas CBD, Pasig",12488000.0,1.0,1.0,58.0,,14.583771,121.059675,https://www.lamudi.com.ph/1-bedroom-unit-n33e1-for-sale-in-maven-at-capitol-commons-pasig-city.html
"1-Bedroom Unit (S40D1) for Sale in Maven at Capitol Commons, Pasig City","Ortigas CBD, Pasig",11054400.0,1.0,1.0,47.0,,14.583771,121.059675,https://www.lamudi.com.ph/1-bedroom-unit-s40d1-for-sale-in-maven-at-capitol-commons-pasig-city.html
"1-Bedroom Unit for Sale in One Lakeshore Drive, San Antonio, Davao - Tower 3","San Antonio, Davao",7320000.0,1.0,2.0,50.0,,7.095857,125.630475,https://www.lamudi.com.ph/1-bedroom-unit-for-sale-in-one-lakeshore-drive-san-antonio-davao-tower-3.html
"Studio Condo Unit (18F) for Sale in One Sierra, EDSA, Mandaluyong City, Metro Manila","Highway Hills, Mandaluyong",8028051.0,1.0,1.0,33.0,,14.578255,121.052143,https://www.lamudi.com.ph/studio-condo-unit-18f-for-sale-in-one-sierra-edsa-mandaluyong-city-metro-manila.html
"Studio Condo Unit (30D) for Sale in One Sierra, EDSA, Mandaluyong City, Metro Manila","Highway Hills, Mandaluyong",7776467.0,1.0,1.0,31.0,,14.578255,121.052143,https://www.lamudi.com.ph/studio-condo-unit-30d-for-sale-in-one-sierra-edsa-mandaluyong-city-metro-manila.html
"2BR Condo Unit for Sale in Ibiza Tower at Circulo Verde, Bagumbayan, Quezon City | Un...","Bagumbayan, Quezon City",14278110.0,2.0,2.0,67.0,,14.605396,121.081903,https://www.lamudi.com.ph/2br-condo-unit-for-sale-in-ibiza-tower-at-circulo-verde-bagumbayan-quezon-city-unit-16h.html
"1-Bedroom Unit (N51C1) for Sale in Maven at Capitol Commons, Pasig City","Ortigas CBD, Pasig",14474200.0,1.0,1.0,59.0,,14.583771,121.059675,https://www.lamudi.com.ph/1-bedroom-unit-n51c1-for-sale-in-maven-at-capitol-commons-pasig-city.html
"Offices at The Galleon - Prime Unit (21G) for Sale in Ortigas, Pasig","San Antonio, Pasig",27934000.0,,,82.0,,14.588716,121.060009,https://www.lamudi.com.ph/offices-at-the-galleon-prime-unit-21g-for-sale-in-ortigas-pasig.html
"3-Bedroom Unit (N07E) for Sale in Maven at Capitol Commons, Pasig City","Ortigas CBD, Pasig",24586800.0,3.0,2.0,102.0,,14.583771,121.059675,https://www.lamudi.com.ph/3-bedroom-unit-n07e-for-sale-in-maven-at-capitol-commons-pasig-city.html
"1-Bedroom Unit for Sale in One Lakeshore Drive, San Antonio, Davao - Tower 1","San Antonio, Davao",7320000.0,1.0,2.0,50.0,,7.095857,125.630475,https://www.lamudi.com.ph/1-bedroom-unit-for-sale-in-one-lakeshore-drive-san-antonio-davao-tower-1.html
"2-Bedroom Condo (Unit B) for Sale in Suntrust Shanata, Novaliches Quezon City","Novaliches, Quezon City",6363100.0,2.0,1.0,35.0,,14.68155,121.0198,https://www.lamudi.com.ph/2-bedroom-condo-unit-b-for-sale-in-suntrust-shanata-novaliches-quezon-city-1.html
"2-Bedroom Condo Unit (26H) for Sale in One Sierra, EDSA, Mandaluyong City, Metro Mani...","Highway Hills, Mandaluyong",16242999.0,2.0,2.0,84.0,,14.578255,121.052143,https://www.lamudi.com.ph/2-bedroom-condo-unit-26h-for-sale-in-one-sierra-edsa-mandaluyong-city-metro-manila.html
"Pre-selling 3BR 4-Storey Townhouse for Sale in Likha Residences, Cupang, Muntinlupa |...","Cupang, Muntinlupa",39675000.0,3.0,,323.0,90.0,14.434669,121.040194,https://www.lamudi.com.ph/pre-selling-3br-4-storey-townhouse-for-sale-in-likha-residences-cupang-muntinlupa-typical-elevated-garden-unit.html
"2-Bedroom Condo Unit (28C) for Sale in One Sierra,EDSA, Mandaluyong City, Metro Manil...","Highway Hills, Mandaluyong",16940448.0,2.0,2.0,84.0,,14.578255,121.052143,https://www.lamudi.com.ph/2-bedroom-condo-unit-28c-for-sale-in-one-sierra-edsa-mandaluyong-city-metro-manila.html
"Pre-selling 3BR 4-Storey Townhouse for Sale in Likha Residences, Cupang, Muntinlupa |...","Cupang, Muntinlupa",39027000.0,3.0,,323.0,106.0,14.434669,121.040194,https://www.lamudi.com.ph/pre-selling-3br-4-storey-townhouse-for-sale-in-likha-residences-cupang-muntinlupa-corner-unit-with-extra-lot.html
"Pre-selling 3BR 4-Storey Townhouse for Sale in Likha Residences, Cupang, Muntinlupa |...","Cupang, Muntinlupa",39027000.0,3.0,,323.0,105.0,14.434669,121.040194,https://www.lamudi.com.ph/pre-selling-3br-4-storey-townhouse-for-sale-in-likha-residences-cupang-muntinlupa-typical-end-unit.html
"Pre-selling 3BR 4-Storey Townhouse for Sale in Likha Residences, Cupang, Muntinlupa |...","Cupang, Muntinlupa",39675000.0,3.0,,323.0,90.0,14.434669,121.040194,https://www.lamudi.com.ph/pre-selling-3br-4-storey-townhouse-for-sale-in-likha-residences-cupang-muntinlupa-typical-elevated-garden-unit.html
"5,300 sqm Industrial Lot for Sale in Laguindingan Technopark, Misamis Oriental","Moog, Laguindingan",29150000.0,,,,5300.0,8.609045,124.468733,https://www.lamudi.com.ph/5-300-sqm-industrial-lot-for-sale-in-laguindingan-technopark-misamis-oriental.html
"1-Bedroom Unit (S33D2) for Sale in Maven at Capitol Commons, Pasig City","Ortigas CBD, Pasig",11334400.0,1.0,1.0,52.0,,14.583771,121.059675,https://www.lamudi.com.ph/1-bedroom-unit-s33d2-for-sale-in-maven-at-capitol-commons-pasig-city.html
"1-Bedroom Unit (N30E2) for Sale in Maven at Capitol Commons, Pasig City","Ortigas CBD, Pasig",11166400.0,1.0,1.0,52.0,,14.583771,121.059675,https://www.lamudi.com.ph/1-bedroom-unit-n30e2-for-sale-in-maven-at-capitol-commons-pasig-city.html
"1-Bedroom Unit (N20E1) for Sale in Maven at Capitol Commons, Pasig City","Ortigas CBD, Pasig",12196800.0,1.0,1.0,57.0,,14.583771,121.059675,https://www.lamudi.com.ph/1-bedroom-unit-n20e1-for-sale-in-maven-at-capitol-commons-pasig-city.html
"1-Bedroom Condo Unit (24A) for Sale in One Sierra, EDSA, Mandaluyong City, Metro Mani...","Highway Hills, Mandaluyong",12540432.0,1.0,1.0,57.0,,14.578255,121.052143,https://www.lamudi.com.ph/1-bedroom-condo-unit-24a-for-sale-in-one-sierra-edsa-mandaluyong-city-metro-manila.html
"2-Bedroom Unit (49B) for Sale in Empress at Capitol Commons, Pasig City","Oranbo, Pasig",35907000.0,2.0,2.0,106.0,,14.575822,121.064324,https://www.lamudi.com.ph/2-bedroom-unit-49b-for-sale-in-empress-at-capitol-commons-pasig-city.html
"The Glaston Tower - Office Unit, Prime Unit (31N) for Sale in Ortigas East, Pasig Cit...","Ugong, Pasig",28344000.0,,,101.0,,14.587964,121.079045,https://www.lamudi.com.ph/the-glaston-tower-office-unit-prime-unit-31n-for-sale-in-ortigas-east-pasig-city.html
"The Glaston Tower - Office Unit, Prime Unit (12J) for Sale in Ortigas East Pasig","Ugong, Pasig",26561000.0,,,100.0,,14.587964,121.079045,https://www.lamudi.com.ph/the-glaston-tower-office-unit-prime-unit-12j-for-sale-in-ortigas-east-pasig.html
"1-Bedroom Unit for Sale in 88 Gibraltar Tower 2, Gibraltar, Baguio","Gibraltar, Baguio",6577000.0,1.0,1.0,43.0,,16.419598,120.626852,https://www.lamudi.com.ph/1-bedroom-unit-for-sale-in-88-gibraltar-tower-2-gibraltar-baguio.html
"The Glaston Tower - Office Unit, Prime Unit (18L) for Sale in Ortigas East Pasig","Ugong, Pasig",27007000.0,,,100.0,,14.587964,121.079045,https://www.lamudi.com.ph/the-glaston-tower-office-unit-prime-unit-18l-for-sale-in-ortigas-east-pasig.html
"Offices at The Galleon - Glass Unit (22E) for Sale in Ortigas, Pasig","San Antonio, Pasig",31032000.0,,,90.0,,14.588716,121.060009,https://www.lamudi.com.ph/offices-at-the-galleon-glass-unit-22e-for-sale-in-ortigas-pasig.html
"The Glaston Tower - Office Unit, Prime Unit (18N) for Sale in Ortigas East, Pasig Cit...","Ugong, Pasig",27122000.0,,,101.0,,14.587964,121.079045,https://www.lamudi.com.ph/the-glaston-tower-office-unit-prime-unit-18n-for-sale-in-ortigas-east-pasig-city.html
"Offices at The Galleon - Prime Unit (12M) for Sale in Ortigas, Pasig","San Antonio, Pasig",31312000.0,,,93.0,,14.588716,121.060009,https://www.lamudi.com.ph/offices-at-the-galleon-prime-unit-12m-for-sale-in-ortigas-pasig.html
"Offices at The Galleon - Prime Unit (14J) for Sale in Ortigas, Pasig","San Antonio, Pasig",31357000.0,,,93.0,,14.588716,121.060009,https://www.lamudi.com.ph/offices-at-the-galleon-prime-unit-14j-for-sale-in-ortigas-pasig.html
"3-Bedroom Unit (S06D) for Sale in Maven at Capitol Commons, Pasig City","Ortigas CBD, Pasig",22111600.0,3.0,2.0,98.0,,14.583771,121.059675,https://www.lamudi.com.ph/3-bedroom-unit-s06d-for-sale-in-maven-at-capitol-commons-pasig-city.html
"Offices at The Galleon - Prime Unit (24L) for Sale in Ortigas, Pasig","San Antonio, Pasig",26208000.0,,,75.0,,14.588716,121.060009,https://www.lamudi.com.ph/offices-at-the-galleon-prime-unit-24l-for-sale-in-ortigas-pasig.html
"Studio Condo Unit (18B) for Sale in One Sierra, EDSA, Mandaluyong City, Metro Manila","Highway Hills, Mandaluyong",7288260.0,1.0,1.0,32.0,,14.578255,121.052143,https://www.lamudi.com.ph/studio-condo-unit-18b-for-sale-in-one-sierra-edsa-mandaluyong-city-metro-manila.html
"2-Bedroom Unit (36O) for Sale in Empress at Capitol Commons, Pasig City","Oranbo, Pasig",34599000.0,2.0,2.0,106.0,,14.575822,121.064324,https://www.lamudi.com.ph/2-bedroom-unit-36o-for-sale-in-empress-at-capitol-commons-pasig-city.html
"Residential Unit (109-02) for Sale in UniPlace @ SWU Village, Cebu City","Sambag II, Cebu",2810000.0,1.0,1.0,24.0,,10.3058395,123.8908567,https://www.lamudi.com.ph/residential-unit-109-02-for-sale-in-uniplace-swu-village-cebu-city.html
"Offices at The Galleon - Glass Unit (26E) for Sale in Ortigas, Pasig","San Antonio, Pasig",31337000.0,,,90.0,,14.588716,121.060009,https://www.lamudi.com.ph/offices-at-the-galleon-glass-unit-26e-for-sale-in-ortigas-pasig.html
"1-Bedroom Unit (N40E2) for Sale in Maven at Capitol Commons, Pasig City","Ortigas CBD, Pasig",12770800.0,1.0,1.0,52.0,,14.583771,121.059675,https://www.lamudi.com.ph/1-bedroom-unit-n40e2-for-sale-in-maven-at-capitol-commons-pasig-city.html
"1-Bedroom Unit (N60C1) for Sale in Maven at Capitol Commons, Pasig City","Ortigas CBD, Pasig",14587200.0,1.0,1.0,59.0,,14.583771,121.059675,https://www.lamudi.com.ph/1-bedroom-unit-n60c1-for-sale-in-maven-at-capitol-commons-pasig-city.html
"Studio (4002) for Sale in Maple at Verdant Towers, Ortigas, Pasig City","Ugong, Pasig",8999000.0,1.0,,35.0,,14.588882,121.079016,https://www.lamudi.com.ph/studio-4002-for-sale-in-maple-at-verdant-towers-ortigas-pasig-city.html
"3-Bedroom Condo (Unit L) for Sale in Suntrust Shanata, Novaliches Quezon City","Novaliches, Quezon City",7802700.0,3.0,2.0,54.0,,14.68155,121.0198,https://www.lamudi.com.ph/3-bedroom-condo-unit-l-for-sale-in-suntrust-shanata-novaliches-quezon-city-1.html
"2-Bedroom Condo Unit (28C) for Sale in One Sierra,EDSA, Mandaluyong City, Metro Manil...","Highway Hills, Mandaluyong",16940448.0,2.0,2.0,84.0,,14.578255,121.052143,https://www.lamudi.com.ph/2-bedroom-condo-unit-28c-for-sale-in-one-sierra-edsa-mandaluyong-city-metro-manila.html
"2-Bedroom Condo Unit (27C) for Sale in One Sierra,EDSA, Mandaluyong City, Metro Manil...","Highway Hills, Mandaluyong",16940448.0,2.0,2.0,84.0,,14.578255,121.052143,https://www.lamudi.com.ph/2-bedroom-condo-unit-27c-for-sale-in-one-sierra-edsa-mandaluyong-city-metro-manila.html
"Pre-selling 3BR 4-Storey Townhouse for Sale in Likha Residences, Cupang, Muntinlupa |...","Cupang, Muntinlupa",39675000.0,3.0,,323.0,92.0,14.434669,121.040194,https://www.lamudi.com.ph/pre-selling-3br-4-storey-townhouse-for-sale-in-likha-residences-cupang-muntinlupa-end-unit-elevated-garden-1.html
"Pre-selling 3BR 4-Storey Townhouse for Sale in Likha Residences, Cupang, Muntinlupa |...","Cupang, Muntinlupa",40322000.0,3.0,,323.0,91.0,14.434669,121.040194,https://www.lamudi.com.ph/pre-selling-3br-4-storey-townhouse-for-sale-in-likha-residences-cupang-muntinlupa-end-unit-elevated-garden-3.html
"1-Bedroom Unit (S17D1) for Sale in Maven at Capitol Commons, Pasig City","Ortigas CBD, Pasig",10752000.0,1.0,1.0,46.0,,14.583771,121.059675,https://www.lamudi.com.ph/1-bedroom-unit-s17d1-for-sale-in-maven-at-capitol-commons-pasig-city.html
"Offices at The Galleon - Prime Unit (23F) for Sale in Ortigas, Pasig","San Antonio, Pasig",37666000.0,,,108.0,,14.588716,121.060009,https://www.lamudi.com.ph/offices-at-the-galleon-prime-unit-23f-for-sale-in-ortigas-pasig.html
"Offices at The Galleon - Glass Unit (27E) for Sale in Ortigas, Pasig","San Antonio, Pasig",32342000.0,,,93.0,,14.588716,121.060009,https://www.lamudi.com.ph/offices-at-the-galleon-glass-unit-27e-for-sale-in-ortigas-pasig.html
"2-Bedroom Unit (31H) - Residences at The Galleon (Pre-selling) in Ortigas CBD, Pasig","San Antonio, Pasig",42157000.0,2.0,2.0,114.0,,14.588377,121.059897,https://www.lamudi.com.ph/2-bedroom-unit-31h-residences-at-the-galleon-pre-selling-in-ortigas-cbd-pasig.html
"1-Bedroom Unit (S56C2) for Sale in Maven at Capitol Commons, Pasig City","Ortigas CBD, Pasig",13096600.0,1.0,1.0,52.0,,14.583771,121.059675,https://www.lamudi.com.ph/1-bedroom-unit-s56c2-for-sale-in-maven-at-capitol-commons-pasig-city.html
"Suntrust Amadea Tower 1, 2-Bedroom Unit for Sale in Quezon City","Paligsahan, Quezon City",5310000.0,2.0,1.0,36.0,,14.646511,120.996952,https://www.lamudi.com.ph/suntrust-amadea-tower-1-2-bedroom-unit-for-sale-in-quezon-city.html
"3-Bedroom House and Lot for Sale at Lancaster New City in General Trias, Cavite -MARG...","Pasong Camachile I, General Trias",5690000.0,3.0,,72.0,100.0,14.37318,120.896613,https://www.lamudi.com.ph/3-bedroom-house-and-lot-for-sale-at-lancaster-new-city-in-general-trias-cavite-margaret-model.html
Suntrust Kirana - 2BR Unit (37.9 sqm) for Sale in Pasig City,"Pinagbuhatan, Pasig",5008864.0,2.0,1.0,37.0,,14.555535,121.090095,https://www.lamudi.com.ph/suntrust-kirana-2br-unit-37-9-sqm-for-sale-in-pasig-city.html
"2-Bedroom Unit (2912) for Sale in Maple at Verdant Towers, Ortigas, Pasig City","Ugong, Pasig",25471000.0,2.0,,89.0,,14.588882,121.079016,https://www.lamudi.com.ph/2-bedroom-unit-2912-for-sale-in-maple-at-verdant-towers-ortigas-pasig-city.html
"1-Bedroom Unit (42J) - Residences at The Galleon (Pre-selling) in Ortigas CBD, Pasig","San Antonio, Pasig",27332000.0,1.0,1.0,70.0,,14.588377,121.059897,https://www.lamudi.com.ph/1-bedroom-unit-42j-residences-at-the-galleon-pre-selling-in-ortigas-cbd-pasig.html
"1-Bedroom Unit (28J) - Residences at The Galleon (Pre-selling) in Ortigas CBD, Pasig","San Antonio, Pasig",27144000.0,1.0,1.0,70.0,,14.588377,121.059897,https://www.lamudi.com.ph/1-bedroom-unit-28j-residences-at-the-galleon-pre-selling-in-ortigas-cbd-pasig.html
"2-Bedroom Unit (3908) for Sale in Maple at Verdant Towers, Ortigas, Pasig City","Ugong, Pasig",26116000.0,2.0,,89.0,,14.588882,121.079016,https://www.lamudi.com.ph/2-bedroom-unit-3908-for-sale-in-maple-at-verdant-towers-ortigas-pasig-city.html
"Studio Condo Unit (19B) for Sale in One Sierra, EDSA, Mandaluyong City, Metro Manila","Highway Hills, Mandaluyong",7580447.0,1.0,1.0,32.0,,14.578255,121.052143,https://www.lamudi.com.ph/studio-condo-unit-19b-for-sale-in-one-sierra-edsa-mandaluyong-city-metro-manila.html
"The Glaston Tower - Office Unit, Glass Suite (20A) for Sale in Ortigas East, Pasig Ci...","Ugong, Pasig",37798000.0,,,141.0,,14.587964,121.079045,https://www.lamudi.com.ph/the-glaston-tower-office-unit-glass-suite-20a-for-sale-in-ortigas-east-pasig-city.html
"1-Bedroom Unit (S15D2) for Sale in Maven at Capitol Commons, Pasig City","Ortigas CBD, Pasig",11267200.0,1.0,1.0,52.0,,14.583771,121.059675,https://www.lamudi.com.ph/1-bedroom-unit-s15d2-for-sale-in-maven-at-capitol-commons-pasig-city.html
"1-Bedroom Unit (25F) - Residences at The Galleon (Pre-selling) in Ortigas CBD, Pasig","San Antonio, Pasig",26774000.0,1.0,1.0,74.0,,14.588377,121.059897,https://www.lamudi.com.ph/1-bedroom-unit-25f-residences-at-the-galleon-pre-selling-in-ortigas-cbd-pasig.html
"2-Bedroom Unit (42E) - Residences at The Galleon (Pre-selling) in Ortigas CBD, Pasig","San Antonio, Pasig",45954000.0,2.0,2.0,114.0,,14.588377,121.059897,https://www.lamudi.com.ph/2-bedroom-unit-42e-residences-at-the-galleon-pre-selling-in-ortigas-cbd-pasig.html
"Non-PEZA Industrial Lot (1 hectare) for Sale in Cavite Technopark, Naic, Cavite","Sabang, Naic",80000000.0,,,,10000.0,14.319351,120.799295,https://www.lamudi.com.ph/non-peza-industrial-lot-1-hectare-for-sale-in-cavite-technopark-naic-cavite.html
"Studio Condo Unit (6D) for Sale in One Sierra, EDSA, Mandaluyong City, Metro Manila","Highway Hills, Mandaluyong",8018983.0,1.0,1.0,31.0,,14.578255,121.052143,https://www.lamudi.com.ph/studio-condo-unit-6d-for-sale-in-one-sierra-edsa-mandaluyong-city-metro-manila.html
"1-Bedroom Unit (39C) - Residences at The Galleon (Pre-selling) in Ortigas CBD, Pasig","San Antonio, Pasig",27462000.0,1.0,1.0,70.0,,14.588377,121.059897,https://www.lamudi.com.ph/1-bedroom-unit-39c-residences-at-the-galleon-pre-selling-in-ortigas-cbd-pasig.html
"3-Bedroom Townhouse for Sale at Lancaster New City in Imus, Cavite -ANICA Model","Alapan II-A, Imus",2389000.0,3.0,,50.0,50.0,14.4084872,120.9062254,https://www.lamudi.com.ph/3-bedroom-townhouse-for-sale-at-lancaster-new-city-in-imus-cavite-anica-model.html
"1-Bedroom Unit (23I) - Residences at The Galleon (Pre-selling) in Ortigas CBD, Pasig","San Antonio, Pasig",26708000.0,1.0,1.0,70.0,,14.588377,121.059897,https://www.lamudi.com.ph/1-bedroom-unit-23i-residences-at-the-galleon-pre-selling-in-ortigas-cbd-pasig.html
"2-Bedroom Unit (4108) for Sale in Maple at Verdant Towers, Ortigas, Pasig City","Ugong, Pasig",29298000.0,2.0,,89.0,,14.588882,121.079016,https://www.lamudi.com.ph/2-bedroom-unit-4108-for-sale-in-maple-at-verdant-towers-ortigas-pasig-city.html
"Pre-Selling 1-Bedroom  (40.00 sqm) in Galleria Residences 3, Cebu City","North Reclamation Area, Cebu",6709750.0,1.0,,40.0,,10.3084189,123.9157609,https://www.lamudi.com.ph/pre-selling-1-bedroom-40-00-sqm-in-galleria-residences-3-cebu-city-1.html
"3-Bedroom Unit (56B) for Sale in Empress at Capitol Commons, Pasig City","Oranbo, Pasig",52075000.0,3.0,3.0,147.0,,14.575822,121.064324,https://www.lamudi.com.ph/3-bedroom-unit-56b-for-sale-in-empress-at-capitol-commons-pasig-city.html
"Studio (3412) for Sale in Maple at Verdant Towers, Ortigas, Pasig City","Ugong, Pasig",8323000.0,1.0,,35.0,,14.588882,121.079016,https://www.lamudi.com.ph/studio-3412-for-sale-in-maple-at-verdant-towers-ortigas-pasig-city.html
"Offices at The Galleon - Prime Suite (27H) for Sale in Ortigas, Pasig","San Antonio, Pasig",41239000.0,,,115.0,,14.588716,121.060009,https://www.lamudi.com.ph/offices-at-the-galleon-prime-suite-27h-for-sale-in-ortigas-pasig.html
"Offices at The Galleon - Prime Unit (27G) for Sale in Ortigas, Pasig","San Antonio, Pasig",28932000.0,,,84.0,,14.588716,121.060009,https://www.lamudi.com.ph/offices-at-the-galleon-prime-unit-27g-for-sale-in-ortigas-pasig.html
"3-Bedroom Unit (56B) for Sale in Empress at Capitol Commons, Pasig City","Oranbo, Pasig",52075000.0,3.0,3.0,147.0,,14.575822,121.064324,https://www.lamudi.com.ph/3-bedroom-unit-56b-for-sale-in-empress-at-capitol-commons-pasig-city.html
"2-Bedroom Unit (51B) for Sale in Empress at Capitol Commons, Pasig City","Oranbo, Pasig",35996000.0,2.0,2.0,106.0,,14.575822,121.064324,https://www.lamudi.com.ph/2-bedroom-unit-51b-for-sale-in-empress-at-capitol-commons-pasig-city.html
"5% Launch Promo | 1BR Unit for Sale at Woodsville Crest, Merville Paranaque","Merville, Paranaque",7500000.0,1.0,1.0,37.0,,14.499387,121.025633,https://www.lamudi.com.ph/5-launch-promo-1br-unit-for-sale-at-woodsville-crest-merville-paranaque.html
"1-Bedroom Unit (N64D2) for Sale in Maven at Capitol Commons, Pasig City","Ortigas CBD, Pasig",13108800.0,1.0,1.0,52.0,,14.583771,121.059675,https://www.lamudi.com.ph/1-bedroom-unit-n64d2-for-sale-in-maven-at-capitol-commons-pasig-city.html
"1-Bedroom Unit (N33E1) for Sale in Maven at Capitol Commons, Pasig City","Ortigas CBD, Pasig",12488000.0,1.0,1.0,58.0,,14.583771,121.059675,https://www.lamudi.com.ph/1-bedroom-unit-n33e1-for-sale-in-maven-at-capitol-commons-pasig-city.html
"1-Bedroom Unit (S59C2) for Sale in Maven at Capitol Commons, Pasig City","Ortigas CBD, Pasig",13096600.0,1.0,1.0,52.0,,14.583771,121.059675,https://www.lamudi.com.ph/1-bedroom-unit-s59c2-for-sale-in-maven-at-capitol-commons-pasig-city.html
"1-Bedroom Unit (N29E2) for Sale in Maven at Capitol Commons, Pasig City","Ortigas CBD, Pasig",11166400.0,1.0,1.0,52.0,,14.583771,121.059675,https://www.lamudi.com.ph/1-bedroom-unit-n29e2-for-sale-in-maven-at-capitol-commons-pasig-city.html
"1-Bedroom Unit (S40D1) for Sale in Maven at Capitol Commons, Pasig City","Ortigas CBD, Pasig",11054400.0,1.0,1.0,47.0,,14.583771,121.059675,https://www.lamudi.com.ph/1-bedroom-unit-s40d1-for-sale-in-maven-at-capitol-commons-pasig-city.html
"2-Bedroom Unit (23B) for Sale in Empress at Capitol Commons, Pasig City","Oranbo, Pasig",31971000.0,2.0,2.0,104.0,,14.575822,121.064324,https://www.lamudi.com.ph/2-bedroom-unit-23b-for-sale-in-empress-at-capitol-commons-pasig-city.html
"2-Bedroom Unit (48B) for Sale in Empress at Capitol Commons, Pasig City","Oranbo, Pasig",36157000.0,2.0,2.0,106.0,,14.575822,121.064324,https://www.lamudi.com.ph/2-bedroom-unit-48b-for-sale-in-empress-at-capitol-commons-pasig-city.html
"2-Bedroom Unit (30B) for Sale in Empress at Capitol Commons, Pasig City","Oranbo, Pasig",32474000.0,2.0,2.0,104.0,,14.575822,121.064324,https://www.lamudi.com.ph/2-bedroom-unit-30b-for-sale-in-empress-at-capitol-commons-pasig-city.html
"Studio (2319) for Sale in Maple at Verdant Towers, Ortigas, Pasig City","Ugong, Pasig",8414000.0,1.0,,34.0,,14.588882,121.079016,https://www.lamudi.com.ph/studio-2319-for-sale-in-maple-at-verdant-towers-ortigas-pasig-city.html
"Studio (2519) for Sale in Maple at Verdant Towers, Ortigas, Pasig City","Ugong, Pasig",8414000.0,1.0,,34.0,,14.588882,121.079016,https://www.lamudi.com.ph/studio-2519-for-sale-in-maple-at-verdant-towers-ortigas-pasig-city.html
"1-Bedroom Unit (49J) - Residences at The Galleon (Pre-selling) in Ortigas CBD, Pasig","San Antonio, Pasig",27646000.0,1.0,1.0,70.0,,14.588377,121.059897,https://www.lamudi.com.ph/1-bedroom-unit-49j-residences-at-the-galleon-pre-selling-in-ortigas-cbd-pasig.html
"2-Bedroom Unit (34B) for Sale in Empress at Capitol Commons, Pasig City","Oranbo, Pasig",33272000.0,2.0,2.0,106.0,,14.575822,121.064324,https://www.lamudi.com.ph/2-bedroom-unit-34b-for-sale-in-empress-at-capitol-commons-pasig-city.html
"4BR House and Lot (Savannah Model) for Sale in San Francisco Heights, Calamba, Laguna","Palo-Alto, Calamba",5770000.0,4.0,,80.0,110.0,14.188482,121.109967,https://www.lamudi.com.ph/4br-house-and-lot-savannah-model-for-sale-in-san-francisco-heights-calamba-laguna.html
"2-Bedroom Unit for Sale at Woodsville Crest, Merville Paranaque | 5% Launch Promo!","Merville, Paranaque",11700000.0,2.0,1.0,58.0,,14.499387,121.025633,https://www.lamudi.com.ph/2-bedroom-unit-for-sale-at-woodsville-crest-merville-paranaque-5-launch-promo.html
"Studio (3502) for Sale in Maple at Verdant Towers, Ortigas, Pasig City","Ugong, Pasig",8957000.0,1.0,,35.0,,14.588882,121.079016,https://www.lamudi.com.ph/studio-3502-for-sale-in-maple-at-verdant-towers-ortigas-pasig-city.html
"Studio (3712) for Sale in Maple at Verdant Towers, Ortigas, Pasig City","Ugong, Pasig",8365000.0,1.0,,35.0,,14.588882,121.079016,https://www.lamudi.com.ph/studio-3712-for-sale-in-maple-at-verdant-towers-ortigas-pasig-city.html
"1-Bedroom Unit (S54C2) for Sale in Maven at Capitol Commons, Pasig City","Ortigas CBD, Pasig",13096600.0,1.0,1.0,52.0,,14.583771,121.059675,https://www.lamudi.com.ph/1-bedroom-unit-s54c2-for-sale-in-maven-at-capitol-commons-pasig-city.html
"1-Bedroom Unit (N61C2) for Sale in Maven at Capitol Commons, Pasig City","Ortigas CBD, Pasig",12995800.0,1.0,1.0,52.0,,14.583771,121.059675,https://www.lamudi.com.ph/1-bedroom-unit-n61c2-for-sale-in-maven-at-capitol-commons-pasig-city.html
"2-Bedroom Unit (S54G) for Sale in Maven at Capitol Commons, Pasig City","Ortigas CBD, Pasig",17641900.0,2.0,2.0,74.0,,14.583771,121.059675,https://www.lamudi.com.ph/2-bedroom-unit-s54g-for-sale-in-maven-at-capitol-commons-pasig-city.html
"1-Bedroom Unit (N64D1) for Sale in Maven at Capitol Commons, Pasig City","Ortigas CBD, Pasig",14632000.0,1.0,1.0,59.0,,14.583771,121.059675,https://www.lamudi.com.ph/1-bedroom-unit-n64d1-for-sale-in-maven-at-capitol-commons-pasig-city.html
"Suntrust Amadea Tower 2, 2-Bedroom Unit for Sale in Quezon City","Paligsahan, Quezon City",5479920.0,2.0,1.0,36.0,,14.646511,120.996952,https://www.lamudi.com.ph/suntrust-amadea-tower-2-2-bedroom-unit-for-sale-in-quezon-city.html
"Offices at The Galleon - Prime Unit (24G) for Sale in Ortigas, Pasig","San Antonio, Pasig",28056000.0,,,82.0,,14.588716,121.060009,https://www.lamudi.com.ph/offices-at-the-galleon-prime-unit-24g-for-sale-in-ortigas-pasig.html
"Pre-Selling 1BR Executive in The Sapphire Bloc South, Ortigas CBD Pasig, 11.3M","Ortigas CBD, Pasig",11300000.0,1.0,1.0,,,14.587518,121.062753,https://www.lamudi.com.ph/pre-selling-1br-executive-in-the-sapphire-bloc-south-ortigas-cbd-pasig-11-3m.html
"2-Bedroom Unit (11E) - Residences at The Galleon (Pre-selling) in Ortigas CBD, Pasig","San Antonio, Pasig",41924000.0,2.0,2.0,114.0,,14.588377,121.059897,https://www.lamudi.com.ph/2-bedroom-unit-11e-residences-at-the-galleon-pre-selling-in-ortigas-cbd-pasig.html
"2BR Condo Unit for Sale in Ibiza Tower at Circulo Verde, Bagumbayan, Quezon City | Un...","Bagumbayan, Quezon City",14278110.0,2.0,2.0,67.0,,14.605396,121.081903,https://www.lamudi.com.ph/2br-condo-unit-for-sale-in-ibiza-tower-at-circulo-verde-bagumbayan-quezon-city-unit-10h.html
"Condominium with 1 bedroom for Sale in One Lakeshore Drive, San Antonio, Davao","San Antonio, Davao",7320000.0,1.0,2.0,50.0,,7.095857,125.630475,https://www.lamudi.com.ph/condominium-with-1-bedroom-for-sale-in-one-lakeshore-drive-san-antonio-davao-2.html
"1-Bedroom Unit (S39D1) for Sale in Maven at Capitol Commons, Pasig City","Ortigas CBD, Pasig",11054400.0,1.0,1.0,47.0,,14.583771,121.059675,https://www.lamudi.com.ph/1-bedroom-unit-s39d1-for-sale-in-maven-at-capitol-commons-pasig-city.html
